@T,Observed 
descr,observed runoff at F34 station (Upper CCW)
unit,m3/s 
missingDataVal,-9999 
dataStart,01.01.1990 
dataEnd,01.07.2004 
dateFormat,dd.MM.yyyy 

@H,date,orun[1]
,name,Cedar Creek
,ID,1
,elevation,287
,x,662756
,y,4596100
,01.01.1990,2.38
,02.01.1990,2.49
,03.01.1990,2.55
,04.01.1990,12.46
,05.01.1990,35.11
,06.01.1990,18.63
,07.01.1990,11.36
,08.01.1990,8.69
,09.01.1990,7.79
,10.01.1990,11.52
,11.01.1990,9.80
,12.01.1990,7.84
,13.01.1990,6.34
,14.01.1990,5.58
,15.01.1990,5.01
,16.01.1990,5.04
,17.01.1990,13.65
,18.01.1990,39.36
,19.01.1990,28.20
,20.01.1990,15.86
,21.01.1990,14.84
,22.01.1990,12.71
,23.01.1990,11.13
,24.01.1990,10.34
,25.01.1990,11.81
,26.01.1990,16.25
,27.01.1990,10.51
,28.01.1990,8.47
,29.01.1990,7.45
,30.01.1990,6.63
,31.01.1990,5.92
,01.02.1990,5.49
,02.02.1990,21.04
,03.02.1990,32.85
,04.02.1990,19.82
,05.02.1990,14.61
,06.02.1990,12.35
,07.02.1990,10.51
,08.02.1990,9.15
,09.02.1990,8.41
,10.02.1990,7.70
,11.02.1990,6.91
,12.02.1990,6.31
,13.02.1990,5.92
,14.02.1990,5.58
,15.02.1990,7.14
,16.02.1990,14.61
,17.02.1990,17.64
,18.02.1990,13.00
,19.02.1990,16.20
,20.02.1990,12.83
,21.02.1990,10.02
,22.02.1990,46.44
,23.02.1990,123.18
,24.02.1990,111.85
,25.02.1990,67.96
,26.02.1990,46.16
,27.02.1990,33.98
,28.02.1990,28.12
,01.03.1990,22.65
,02.03.1990,19.23
,03.03.1990,17.87
,04.03.1990,14.22
,05.03.1990,11.89
,06.03.1990,10.25
,07.03.1990,8.75
,08.03.1990,8.27
,09.03.1990,14.70
,10.03.1990,19.40
,11.03.1990,38.51
,12.03.1990,28.88
,13.03.1990,18.69
,14.03.1990,14.10
,15.03.1990,11.44
,16.03.1990,13.96
,17.03.1990,13.20
,18.03.1990,10.05
,19.03.1990,8.89
,20.03.1990,7.79
,21.03.1990,7.11
,22.03.1990,6.74
,23.03.1990,6.71
,24.03.1990,5.95
,25.03.1990,5.47
,26.03.1990,5.13
,27.03.1990,4.87
,28.03.1990,4.84
,29.03.1990,4.70
,30.03.1990,11.55
,31.03.1990,18.12
,01.04.1990,22.88
,02.04.1990,20.98
,03.04.1990,14.95
,04.04.1990,11.30
,05.04.1990,9.37
,06.04.1990,8.01
,07.04.1990,6.88
,08.04.1990,6.09
,09.04.1990,5.52
,10.04.1990,13.28
,11.04.1990,43.04
,12.04.1990,25.29
,13.04.1990,15.21
,14.04.1990,12.88
,15.04.1990,13.31
,16.04.1990,10.59
,17.04.1990,8.89
,18.04.1990,7.36
,19.04.1990,6.48
,20.04.1990,6.40
,21.04.1990,14.61
,22.04.1990,13.42
,23.04.1990,9.63
,24.04.1990,7.96
,25.04.1990,6.74
,26.04.1990,6.00
,27.04.1990,5.38
,28.04.1990,4.87
,29.04.1990,4.47
,30.04.1990,4.13
,01.05.1990,3.99
,02.05.1990,3.79
,03.05.1990,3.62
,04.05.1990,5.21
,05.05.1990,9.34
,06.05.1990,6.65
,07.05.1990,5.27
,08.05.1990,4.53
,09.05.1990,4.13
,10.05.1990,4.02
,11.05.1990,4.11
,12.05.1990,3.96
,13.05.1990,13.20
,14.05.1990,21.97
,15.05.1990,13.42
,16.05.1990,44.74
,17.05.1990,79.85
,18.05.1990,62.58
,19.05.1990,35.68
,20.05.1990,23.39
,21.05.1990,16.45
,22.05.1990,12.49
,23.05.1990,10.11
,24.05.1990,8.38
,25.05.1990,7.76
,26.05.1990,28.20
,27.05.1990,19.54
,28.05.1990,11.78
,29.05.1990,8.81
,30.05.1990,7.16
,31.05.1990,6.12
,01.06.1990,5.52
,02.06.1990,5.04
,03.06.1990,34.55
,04.06.1990,26.76
,05.06.1990,14.30
,06.06.1990,9.85
,07.06.1990,7.67
,08.06.1990,20.39
,09.06.1990,63.71
,10.06.1990,41.34
,11.06.1990,22.14
,12.06.1990,14.64
,13.06.1990,11.07
,14.06.1990,8.64
,15.06.1990,7.33
,16.06.1990,6.06
,17.06.1990,5.24
,18.06.1990,4.67
,19.06.1990,4.16
,20.06.1990,3.99
,21.06.1990,3.88
,22.06.1990,4.36
,23.06.1990,5.83
,24.06.1990,4.33
,25.06.1990,3.77
,26.06.1990,3.45
,27.06.1990,3.77
,28.06.1990,8.81
,29.06.1990,20.95
,30.06.1990,10.62
,01.07.1990,6.97
,02.07.1990,5.07
,03.07.1990,4.19
,04.07.1990,3.60
,05.07.1990,3.20
,06.07.1990,2.92
,07.07.1990,2.69
,08.07.1990,2.52
,09.07.1990,2.41
,10.07.1990,2.32
,11.07.1990,7.56
,12.07.1990,12.77
,13.07.1990,5.89
,14.07.1990,4.59
,15.07.1990,4.47
,16.07.1990,3.74
,17.07.1990,3.28
,18.07.1990,2.89
,19.07.1990,2.58
,20.07.1990,5.13
,21.07.1990,9.88
,22.07.1990,35.68
,23.07.1990,54.37
,24.07.1990,25.32
,25.07.1990,13.62
,26.07.1990,8.47
,27.07.1990,6.20
,28.07.1990,4.87
,29.07.1990,3.96
,30.07.1990,3.45
,31.07.1990,3.17
,01.08.1990,2.86
,02.08.1990,2.58
,03.08.1990,2.35
,04.08.1990,2.92
,05.08.1990,4.73
,06.08.1990,3.40
,07.08.1990,2.80
,08.08.1990,2.44
,09.08.1990,2.18
,10.08.1990,1.98
,11.08.1990,1.84
,12.08.1990,2.78
,13.08.1990,35.68
,14.08.1990,36.81
,15.08.1990,16.23
,16.08.1990,9.06
,17.08.1990,6.17
,18.08.1990,6.00
,19.08.1990,5.07
,20.08.1990,5.35
,21.08.1990,13.54
,22.08.1990,15.21
,23.08.1990,9.06
,24.08.1990,6.40
,25.08.1990,4.93
,26.08.1990,4.02
,27.08.1990,3.48
,28.08.1990,6.09
,29.08.1990,39.36
,30.08.1990,21.44
,31.08.1990,10.42
,01.09.1990,6.60
,02.09.1990,4.76
,03.09.1990,3.82
,04.09.1990,3.28
,05.09.1990,2.92
,06.09.1990,2.69
,07.09.1990,4.11
,08.09.1990,4.73
,09.09.1990,3.34
,10.09.1990,2.83
,11.09.1990,2.58
,12.09.1990,2.38
,13.09.1990,2.27
,14.09.1990,3.94
,15.09.1990,11.04
,16.09.1990,6.51
,17.09.1990,5.21
,18.09.1990,3.82
,19.09.1990,3.62
,20.09.1990,3.85
,21.09.1990,3.31
,22.09.1990,3.82
,23.09.1990,3.77
,24.09.1990,3.40
,25.09.1990,3.03
,26.09.1990,2.69
,27.09.1990,2.41
,28.09.1990,2.21
,29.09.1990,2.12
,30.09.1990,2.04
,01.10.1990,1.93
,02.10.1990,1.93
,03.10.1990,1.87
,04.10.1990,17.41
,05.10.1990,16.25
,06.10.1990,8.01
,07.10.1990,5.38
,08.10.1990,5.10
,09.10.1990,31.71
,10.10.1990,72.21
,11.10.1990,88.35
,12.10.1990,56.63
,13.10.1990,34.55
,14.10.1990,23.02
,15.10.1990,16.31
,16.10.1990,12.40
,17.10.1990,10.02
,18.10.1990,16.99
,19.10.1990,14.78
,20.10.1990,10.28
,21.10.1990,8.44
,22.10.1990,7.22
,23.10.1990,6.43
,24.10.1990,5.80
,25.10.1990,5.15
,26.10.1990,4.73
,27.10.1990,4.45
,28.10.1990,4.19
,29.10.1990,3.94
,30.10.1990,3.88
,31.10.1990,3.79
,01.11.1990,3.68
,02.11.1990,3.57
,03.11.1990,3.40
,04.11.1990,3.34
,05.11.1990,15.26
,06.11.1990,56.35
,07.11.1990,35.40
,08.11.1990,20.95
,09.11.1990,14.16
,10.11.1990,10.90
,11.11.1990,8.89
,12.11.1990,7.56
,13.11.1990,6.60
,14.11.1990,5.97
,15.11.1990,5.55
,16.11.1990,5.27
,17.11.1990,4.96
,18.11.1990,4.64
,19.11.1990,4.45
,20.11.1990,4.28
,21.11.1990,4.22
,22.11.1990,4.64
,23.11.1990,4.47
,24.11.1990,4.33
,25.11.1990,4.08
,26.11.1990,3.91
,27.11.1990,4.30
,28.11.1990,19.62
,29.11.1990,20.90
,30.11.1990,11.44
,01.12.1990,8.61
,02.12.1990,6.99
,03.12.1990,19.85
,04.12.1990,43.61
,05.12.1990,23.05
,06.12.1990,14.36
,07.12.1990,11.10
,08.12.1990,9.12
,09.12.1990,7.90
,10.12.1990,7.31
,11.12.1990,6.74
,12.12.1990,6.31
,13.12.1990,5.89
,14.12.1990,5.32
,15.12.1990,10.99
,16.12.1990,17.27
,17.12.1990,11.84
,18.12.1990,14.58
,19.12.1990,17.78
,20.12.1990,11.92
,21.12.1990,15.15
,22.12.1990,37.66
,23.12.1990,22.80
,24.12.1990,15.89
,25.12.1990,14.16
,26.12.1990,13.31
,27.12.1990,12.18
,28.12.1990,11.89
,29.12.1990,41.06
,30.12.1990,137.05
,31.12.1990,147.81
,01.01.1991,93.45
,02.01.1991,56.07
,03.01.1991,39.93
,04.01.1991,29.17
,05.01.1991,22.91
,06.01.1991,18.29
,07.01.1991,15.12
,08.01.1991,12.97
,09.01.1991,11.50
,10.01.1991,10.00
,11.01.1991,9.94
,12.01.1991,15.72
,13.01.1991,12.09
,14.01.1991,10.31
,15.01.1991,13.08
,16.01.1991,29.17
,17.01.1991,31.15
,18.01.1991,17.78
,19.01.1991,13.03
,20.01.1991,12.83
,21.01.1991,11.61
,22.01.1991,9.63
,23.01.1991,8.21
,24.01.1991,7.36
,25.01.1991,6.80
,26.01.1991,6.23
,27.01.1991,5.80
,28.01.1991,5.38
,29.01.1991,5.10
,30.01.1991,4.81
,31.01.1991,4.67
,01.02.1991,5.78
,02.02.1991,4.64
,03.02.1991,5.80
,04.02.1991,10.39
,05.02.1991,13.79
,06.02.1991,13.71
,07.02.1991,11.61
,08.02.1991,9.77
,09.02.1991,9.26
,10.02.1991,8.66
,11.02.1991,7.62
,12.02.1991,6.46
,13.02.1991,6.17
,14.02.1991,6.63
,15.02.1991,5.78
,16.02.1991,5.01
,17.02.1991,5.44
,18.02.1991,5.69
,19.02.1991,23.30
,20.02.1991,29.17
,21.02.1991,18.55
,22.02.1991,15.21
,23.02.1991,11.69
,24.02.1991,9.43
,25.02.1991,8.13
,26.02.1991,6.99
,27.02.1991,6.29
,28.02.1991,5.89
,01.03.1991,6.54
,02.03.1991,17.39
,03.03.1991,24.15
,04.03.1991,15.18
,05.03.1991,11.02
,06.03.1991,9.60
,07.03.1991,8.69
,08.03.1991,7.25
,09.03.1991,6.74
,10.03.1991,6.31
,11.03.1991,5.86
,12.03.1991,5.55
,13.03.1991,5.38
,14.03.1991,5.38
,15.03.1991,6.17
,16.03.1991,6.74
,17.03.1991,6.57
,18.03.1991,14.36
,19.03.1991,11.67
,20.03.1991,8.78
,21.03.1991,7.56
,22.03.1991,6.82
,23.03.1991,6.85
,24.03.1991,7.56
,25.03.1991,7.39
,26.03.1991,8.10
,27.03.1991,11.07
,28.03.1991,13.28
,29.03.1991,9.29
,30.03.1991,7.36
,31.03.1991,6.29
,01.04.1991,6.09
,02.04.1991,5.66
,03.04.1991,5.32
,04.04.1991,5.18
,05.04.1991,10.39
,06.04.1991,9.43
,07.04.1991,7.59
,08.04.1991,7.53
,09.04.1991,14.78
,10.04.1991,12.26
,11.04.1991,10.00
,12.04.1991,7.82
,13.04.1991,6.91
,14.04.1991,9.57
,15.04.1991,22.26
,16.04.1991,23.90
,17.04.1991,39.93
,18.04.1991,35.96
,19.04.1991,23.79
,20.04.1991,66.26
,21.04.1991,49.84
,22.04.1991,28.23
,23.04.1991,19.48
,24.04.1991,36.81
,25.04.1991,25.29
,26.04.1991,16.37
,27.04.1991,12.71
,28.04.1991,15.63
,29.04.1991,13.20
,30.04.1991,10.96
,01.05.1991,9.20
,02.05.1991,8.21
,03.05.1991,7.33
,04.05.1991,6.54
,05.05.1991,6.48
,06.05.1991,8.41
,07.05.1991,7.22
,08.05.1991,6.12
,09.05.1991,5.61
,10.05.1991,5.32
,11.05.1991,4.93
,12.05.1991,4.76
,13.05.1991,4.70
,14.05.1991,4.56
,15.05.1991,4.36
,16.05.1991,4.11
,17.05.1991,4.39
,18.05.1991,4.33
,19.05.1991,3.96
,20.05.1991,3.71
,21.05.1991,3.57
,22.05.1991,3.40
,23.05.1991,3.31
,24.05.1991,3.40
,25.05.1991,4.11
,26.05.1991,13.11
,27.05.1991,8.10
,28.05.1991,5.52
,29.05.1991,4.42
,30.05.1991,5.78
,31.05.1991,55.50
,01.06.1991,78.44
,02.06.1991,51.54
,03.06.1991,29.45
,04.06.1991,18.92
,05.06.1991,12.77
,06.06.1991,9.66
,07.06.1991,7.67
,08.06.1991,6.29
,09.06.1991,5.35
,10.06.1991,4.70
,11.06.1991,4.62
,12.06.1991,5.78
,13.06.1991,4.62
,14.06.1991,3.99
,15.06.1991,3.68
,16.06.1991,3.65
,17.06.1991,3.31
,18.06.1991,3.09
,19.06.1991,2.86
,20.06.1991,2.75
,21.06.1991,2.58
,22.06.1991,2.41
,23.06.1991,2.35
,24.06.1991,2.18
,25.06.1991,2.15
,26.06.1991,2.07
,27.06.1991,1.98
,28.06.1991,1.87
,29.06.1991,1.78
,30.06.1991,1.70
,01.07.1991,1.95
,02.07.1991,4.47
,03.07.1991,4.70
,04.07.1991,3.74
,05.07.1991,2.86
,06.07.1991,2.44
,07.07.1991,2.07
,08.07.1991,1.90
,09.07.1991,1.73
,10.07.1991,1.64
,11.07.1991,1.61
,12.07.1991,1.53
,13.07.1991,2.18
,14.07.1991,1.59
,15.07.1991,1.44
,16.07.1991,1.39
,17.07.1991,1.36
,18.07.1991,1.30
,19.07.1991,1.25
,20.07.1991,1.22
,21.07.1991,1.16
,22.07.1991,1.39
,23.07.1991,1.27
,24.07.1991,1.16
,25.07.1991,1.13
,26.07.1991,1.08
,27.07.1991,1.05
,28.07.1991,0.99
,29.07.1991,0.96
,30.07.1991,1.76
,31.07.1991,1.16
,01.08.1991,1.05
,02.08.1991,0.99
,03.08.1991,2.21
,04.08.1991,1.64
,05.08.1991,1.25
,06.08.1991,1.13
,07.08.1991,1.08
,08.08.1991,1.42
,09.08.1991,2.44
,10.08.1991,1.39
,11.08.1991,1.16
,12.08.1991,1.10
,13.08.1991,1.02
,14.08.1991,0.99
,15.08.1991,1.08
,16.08.1991,1.02
,17.08.1991,0.99
,18.08.1991,1.13
,19.08.1991,1.67
,20.08.1991,2.12
,21.08.1991,1.44
,22.08.1991,1.16
,23.08.1991,1.08
,24.08.1991,1.02
,25.08.1991,0.93
,26.08.1991,0.88
,27.08.1991,0.91
,28.08.1991,0.88
,29.08.1991,0.96
,30.08.1991,0.96
,31.08.1991,1.76
,01.09.1991,1.25
,02.09.1991,0.99
,03.09.1991,0.93
,04.09.1991,1.08
,05.09.1991,0.93
,06.09.1991,0.85
,07.09.1991,0.82
,08.09.1991,0.76
,09.09.1991,0.71
,10.09.1991,0.96
,11.09.1991,0.93
,12.09.1991,2.12
,13.09.1991,3.03
,14.09.1991,1.78
,15.09.1991,1.36
,16.09.1991,1.22
,17.09.1991,1.16
,18.09.1991,1.13
,19.09.1991,1.08
,20.09.1991,1.08
,21.09.1991,1.08
,22.09.1991,1.05
,23.09.1991,1.08
,24.09.1991,1.10
,25.09.1991,1.10
,26.09.1991,1.10
,27.09.1991,1.08
,28.09.1991,1.05
,29.09.1991,1.02
,30.09.1991,0.96
,01.10.1991,0.71
,02.10.1991,0.71
,03.10.1991,0.68
,04.10.1991,2.27
,05.10.1991,2.44
,06.10.1991,1.73
,07.10.1991,1.30
,08.10.1991,1.16
,09.10.1991,1.05
,10.10.1991,2.07
,11.10.1991,2.10
,12.10.1991,2.01
,13.10.1991,1.59
,14.10.1991,1.47
,15.10.1991,1.47
,16.10.1991,1.39
,17.10.1991,1.39
,18.10.1991,1.42
,19.10.1991,1.76
,20.10.1991,1.78
,21.10.1991,1.59
,22.10.1991,1.61
,23.10.1991,1.50
,24.10.1991,1.90
,25.10.1991,4.56
,26.10.1991,16.28
,27.10.1991,43.32
,28.10.1991,28.32
,29.10.1991,13.73
,30.10.1991,8.81
,31.10.1991,7.39
,01.11.1991,6.14
,02.11.1991,8.98
,03.11.1991,6.14
,04.11.1991,4.50
,05.11.1991,3.88
,06.11.1991,3.51
,07.11.1991,3.26
,08.11.1991,3.00
,09.11.1991,2.75
,10.11.1991,2.63
,11.11.1991,2.58
,12.11.1991,2.61
,13.11.1991,2.61
,14.11.1991,2.49
,15.11.1991,2.52
,16.11.1991,2.52
,17.11.1991,2.38
,18.11.1991,2.86
,19.11.1991,6.85
,20.11.1991,26.53
,21.11.1991,45.87
,22.11.1991,25.46
,23.11.1991,15.06
,24.11.1991,11.04
,25.11.1991,8.04
,26.11.1991,6.23
,27.11.1991,5.35
,28.11.1991,5.35
,29.11.1991,6.60
,30.11.1991,9.34
,01.12.1991,11.55
,02.12.1991,7.90
,03.12.1991,16.96
,04.12.1991,14.19
,05.12.1991,8.30
,06.12.1991,6.63
,07.12.1991,5.72
,08.12.1991,5.69
,09.12.1991,5.69
,10.12.1991,5.44
,11.12.1991,4.98
,12.12.1991,5.24
,13.12.1991,23.11
,14.12.1991,16.79
,15.12.1991,9.85
,16.12.1991,7.02
,17.12.1991,5.97
,18.12.1991,5.21
,19.12.1991,4.45
,20.12.1991,4.30
,21.12.1991,4.25
,22.12.1991,4.13
,23.12.1991,4.16
,24.12.1991,4.30
,25.12.1991,4.11
,26.12.1991,3.88
,27.12.1991,3.79
,28.12.1991,3.65
,29.12.1991,3.74
,30.12.1991,3.79
,31.12.1991,3.74
,01.01.1992,3.62
,02.01.1992,3.57
,03.01.1992,4.28
,04.01.1992,7.45
,05.01.1992,6.71
,06.01.1992,5.64
,07.01.1992,4.98
,08.01.1992,4.47
,09.01.1992,4.56
,10.01.1992,4.64
,11.01.1992,4.67
,12.01.1992,4.33
,13.01.1992,4.25
,14.01.1992,6.65
,15.01.1992,7.36
,16.01.1992,6.23
,17.01.1992,5.95
,18.01.1992,5.10
,19.01.1992,4.81
,20.01.1992,4.25
,21.01.1992,3.96
,22.01.1992,3.74
,23.01.1992,6.99
,24.01.1992,16.31
,25.01.1992,10.48
,26.01.1992,8.50
,27.01.1992,5.95
,28.01.1992,4.90
,29.01.1992,4.50
,30.01.1992,4.42
,31.01.1992,4.87
,01.02.1992,5.01
,02.02.1992,4.64
,03.02.1992,4.87
,04.02.1992,7.56
,05.02.1992,8.55
,06.02.1992,6.54
,07.02.1992,5.75
,08.02.1992,5.10
,09.02.1992,4.30
,10.02.1992,3.96
,11.02.1992,3.99
,12.02.1992,3.68
,13.02.1992,3.71
,14.02.1992,3.60
,15.02.1992,7.25
,16.02.1992,21.83
,17.02.1992,14.44
,18.02.1992,13.76
,19.02.1992,17.08
,20.02.1992,13.08
,21.02.1992,9.88
,22.02.1992,8.10
,23.02.1992,7.39
,24.02.1992,6.82
,25.02.1992,6.65
,26.02.1992,6.91
,27.02.1992,6.17
,28.02.1992,5.55
,29.02.1992,5.10
,01.03.1992,4.67
,02.03.1992,4.53
,03.03.1992,4.25
,04.03.1992,4.08
,05.03.1992,3.96
,06.03.1992,3.99
,07.03.1992,4.02
,08.03.1992,4.05
,09.03.1992,4.02
,10.03.1992,6.12
,11.03.1992,9.49
,12.03.1992,8.24
,13.03.1992,7.11
,14.03.1992,6.37
,15.03.1992,5.30
,16.03.1992,4.73
,17.03.1992,5.61
,18.03.1992,8.35
,19.03.1992,7.96
,20.03.1992,13.76
,21.03.1992,10.08
,22.03.1992,10.90
,23.03.1992,18.15
,24.03.1992,17.81
,25.03.1992,18.24
,26.03.1992,15.77
,27.03.1992,13.54
,28.03.1992,11.21
,29.03.1992,9.09
,30.03.1992,10.85
,31.03.1992,11.44
,01.04.1992,11.21
,02.04.1992,10.51
,03.04.1992,8.69
,04.04.1992,7.67
,05.04.1992,6.63
,06.04.1992,5.83
,07.04.1992,5.52
,08.04.1992,5.47
,09.04.1992,4.84
,10.04.1992,4.59
,11.04.1992,6.37
,12.04.1992,6.94
,13.04.1992,5.44
,14.04.1992,4.98
,15.04.1992,4.90
,16.04.1992,9.15
,17.04.1992,21.63
,18.04.1992,24.66
,19.04.1992,25.71
,20.04.1992,15.57
,21.04.1992,17.33
,22.04.1992,13.76
,23.04.1992,11.04
,24.04.1992,12.71
,25.04.1992,12.71
,26.04.1992,10.22
,27.04.1992,8.69
,28.04.1992,8.10
,29.04.1992,7.05
,30.04.1992,8.04
,01.05.1992,7.36
,02.05.1992,6.57
,03.05.1992,5.44
,04.05.1992,4.84
,05.05.1992,4.56
,06.05.1992,4.16
,07.05.1992,3.91
,08.05.1992,3.79
,09.05.1992,3.88
,10.05.1992,3.77
,11.05.1992,3.68
,12.05.1992,3.62
,13.05.1992,3.68
,14.05.1992,3.65
,15.05.1992,3.48
,16.05.1992,3.28
,17.05.1992,3.62
,18.05.1992,11.84
,19.05.1992,6.71
,20.05.1992,4.70
,21.05.1992,3.91
,22.05.1992,3.77
,23.05.1992,3.40
,24.05.1992,3.26
,25.05.1992,3.06
,26.05.1992,2.94
,27.05.1992,2.83
,28.05.1992,2.66
,29.05.1992,2.52
,30.05.1992,3.09
,31.05.1992,3.88
,01.06.1992,3.31
,02.06.1992,2.92
,03.06.1992,2.66
,04.06.1992,2.58
,05.06.1992,2.78
,06.06.1992,3.09
,07.06.1992,4.53
,08.06.1992,4.02
,09.06.1992,3.09
,10.06.1992,2.89
,11.06.1992,2.72
,12.06.1992,2.44
,13.06.1992,2.18
,14.06.1992,2.04
,15.06.1992,1.90
,16.06.1992,1.81
,17.06.1992,1.84
,18.06.1992,9.94
,19.06.1992,5.38
,20.06.1992,3.68
,21.06.1992,2.94
,22.06.1992,2.49
,23.06.1992,2.35
,24.06.1992,2.24
,25.06.1992,2.12
,26.06.1992,2.12
,27.06.1992,2.04
,28.06.1992,1.81
,29.06.1992,1.67
,30.06.1992,1.64
,01.07.1992,1.59
,02.07.1992,1.59
,03.07.1992,1.59
,04.07.1992,1.42
,05.07.1992,1.39
,06.07.1992,1.36
,07.07.1992,1.33
,08.07.1992,1.27
,09.07.1992,1.27
,10.07.1992,1.61
,11.07.1992,1.47
,12.07.1992,1.42
,13.07.1992,2.78
,14.07.1992,2.52
,15.07.1992,7.96
,16.07.1992,7.70
,17.07.1992,18.55
,18.07.1992,36.53
,19.07.1992,19.71
,20.07.1992,11.33
,21.07.1992,12.86
,22.07.1992,7.96
,23.07.1992,10.08
,24.07.1992,23.02
,25.07.1992,14.10
,26.07.1992,8.83
,27.07.1992,6.91
,28.07.1992,5.18
,29.07.1992,4.62
,30.07.1992,3.88
,31.07.1992,4.70
,01.08.1992,4.22
,02.08.1992,3.62
,03.08.1992,3.17
,04.08.1992,2.94
,05.08.1992,2.61
,06.08.1992,2.38
,07.08.1992,2.21
,08.08.1992,2.24
,09.08.1992,2.07
,10.08.1992,1.95
,11.08.1992,1.90
,12.08.1992,1.76
,13.08.1992,2.12
,14.08.1992,1.81
,15.08.1992,1.61
,16.08.1992,1.50
,17.08.1992,1.44
,18.08.1992,1.44
,19.08.1992,1.59
,20.08.1992,1.47
,21.08.1992,1.44
,22.08.1992,1.39
,23.08.1992,1.30
,24.08.1992,1.30
,25.08.1992,1.36
,26.08.1992,1.47
,27.08.1992,1.84
,28.08.1992,2.52
,29.08.1992,2.24
,30.08.1992,1.73
,31.08.1992,1.47
,01.09.1992,1.36
,02.09.1992,1.36
,03.09.1992,1.90
,04.09.1992,1.59
,05.09.1992,1.36
,06.09.1992,1.30
,07.09.1992,1.61
,08.09.1992,1.56
,09.09.1992,1.64
,10.09.1992,17.33
,11.09.1992,13.65
,12.09.1992,6.46
,13.09.1992,4.11
,14.09.1992,3.23
,15.09.1992,2.72
,16.09.1992,2.38
,17.09.1992,2.10
,18.09.1992,2.04
,19.09.1992,3.17
,20.09.1992,2.80
,21.09.1992,16.11
,22.09.1992,54.93
,23.09.1992,35.96
,24.09.1992,17.44
,25.09.1992,10.31
,26.09.1992,7.19
,27.09.1992,7.33
,28.09.1992,7.39
,29.09.1992,5.44
,30.09.1992,4.45
,01.10.1992,3.94
,02.10.1992,3.57
,03.10.1992,3.26
,04.10.1992,2.92
,05.10.1992,2.72
,06.10.1992,2.63
,07.10.1992,2.52
,08.10.1992,2.44
,09.10.1992,3.09
,10.10.1992,3.23
,11.10.1992,3.20
,12.10.1992,2.94
,13.10.1992,2.72
,14.10.1992,2.69
,15.10.1992,3.00
,16.10.1992,4.84
,17.10.1992,5.89
,18.10.1992,4.42
,19.10.1992,3.74
,20.10.1992,3.43
,21.10.1992,3.85
,22.10.1992,3.94
,23.10.1992,3.62
,24.10.1992,3.48
,25.10.1992,3.20
,26.10.1992,3.03
,27.10.1992,2.89
,28.10.1992,2.75
,29.10.1992,2.66
,30.10.1992,2.55
,31.10.1992,2.46
,01.11.1992,3.09
,02.11.1992,38.79
,03.11.1992,57.77
,04.11.1992,33.13
,05.11.1992,19.43
,06.11.1992,12.43
,07.11.1992,8.98
,08.11.1992,7.02
,09.11.1992,5.95
,10.11.1992,5.44
,11.11.1992,8.58
,12.11.1992,34.55
,13.11.1992,85.80
,14.11.1992,64.56
,15.11.1992,35.40
,16.11.1992,22.12
,17.11.1992,15.94
,18.11.1992,12.40
,19.11.1992,10.14
,20.11.1992,8.75
,21.11.1992,8.04
,22.11.1992,17.75
,23.11.1992,81.84
,24.11.1992,73.06
,25.11.1992,41.34
,26.11.1992,27.33
,27.11.1992,19.23
,28.11.1992,14.58
,29.11.1992,11.75
,30.11.1992,10.00
,01.12.1992,8.83
,02.12.1992,8.07
,03.12.1992,7.53
,04.12.1992,6.94
,05.12.1992,6.34
,06.12.1992,5.69
,07.12.1992,5.44
,08.12.1992,5.07
,09.12.1992,4.84
,10.12.1992,4.98
,11.12.1992,4.93
,12.12.1992,4.79
,13.12.1992,4.87
,14.12.1992,5.18
,15.12.1992,5.35
,16.12.1992,23.59
,17.12.1992,20.81
,18.12.1992,12.18
,19.12.1992,9.17
,20.12.1992,9.46
,21.12.1992,8.07
,22.12.1992,6.85
,23.12.1992,6.23
,24.12.1992,5.61
,25.12.1992,4.93
,26.12.1992,4.67
,27.12.1992,4.25
,28.12.1992,4.22
,29.12.1992,4.36
,30.12.1992,16.17
,31.12.1992,86.65
,01.01.1993,92.03
,02.01.1993,52.39
,03.01.1993,33.98
,04.01.1993,80.99
,05.01.1993,133.09
,06.01.1993,111.57
,07.01.1993,64.28
,08.01.1993,41.63
,09.01.1993,29.73
,10.01.1993,22.60
,11.01.1993,18.52
,12.01.1993,15.74
,13.01.1993,15.52
,14.01.1993,15.23
,15.01.1993,13.42
,16.01.1993,11.86
,17.01.1993,10.65
,18.01.1993,9.26
,19.01.1993,8.18
,20.01.1993,7.65
,21.01.1993,12.43
,22.01.1993,39.08
,23.01.1993,28.60
,24.01.1993,31.71
,25.01.1993,23.90
,26.01.1993,14.22
,27.01.1993,11.27
,28.01.1993,9.77
,29.01.1993,10.62
,30.01.1993,8.27
,31.01.1993,7.76
,01.02.1993,7.62
,02.02.1993,6.54
,03.02.1993,6.20
,04.02.1993,5.83
,05.02.1993,5.75
,06.02.1993,5.78
,07.02.1993,5.27
,08.02.1993,5.13
,09.02.1993,4.79
,10.02.1993,4.67
,11.02.1993,4.90
,12.02.1993,4.90
,13.02.1993,4.81
,14.02.1993,4.59
,15.02.1993,4.33
,16.02.1993,4.28
,17.02.1993,4.11
,18.02.1993,3.96
,19.02.1993,3.82
,20.02.1993,3.57
,21.02.1993,3.96
,22.02.1993,4.16
,23.02.1993,3.91
,24.02.1993,3.77
,25.02.1993,3.68
,26.02.1993,3.54
,27.02.1993,3.40
,28.02.1993,3.26
,01.03.1993,3.26
,02.03.1993,3.34
,03.03.1993,4.90
,04.03.1993,13.00
,05.03.1993,11.47
,06.03.1993,8.64
,07.03.1993,10.62
,08.03.1993,25.51
,09.03.1993,35.96
,10.03.1993,28.88
,11.03.1993,18.94
,12.03.1993,16.57
,13.03.1993,14.61
,14.03.1993,10.25
,15.03.1993,9.23
,16.03.1993,9.46
,17.03.1993,33.13
,18.03.1993,25.60
,19.03.1993,17.81
,20.03.1993,12.69
,21.03.1993,15.72
,22.03.1993,22.96
,23.03.1993,53.80
,24.03.1993,75.61
,25.03.1993,53.52
,26.03.1993,38.51
,27.03.1993,28.32
,28.03.1993,22.31
,29.03.1993,17.98
,30.03.1993,15.06
,31.03.1993,13.11
,01.04.1993,29.73
,02.04.1993,43.61
,03.04.1993,23.81
,04.04.1993,16.25
,05.04.1993,13.11
,06.04.1993,11.13
,07.04.1993,9.71
,08.04.1993,8.83
,09.04.1993,9.32
,10.04.1993,15.15
,11.04.1993,11.84
,12.04.1993,10.11
,13.04.1993,9.06
,14.04.1993,8.18
,15.04.1993,7.90
,16.04.1993,11.33
,17.04.1993,10.70
,18.04.1993,8.52
,19.04.1993,7.73
,20.04.1993,12.12
,21.04.1993,11.44
,22.04.1993,8.72
,23.04.1993,7.39
,24.04.1993,6.51
,25.04.1993,30.87
,26.04.1993,46.16
,27.04.1993,21.46
,28.04.1993,13.17
,29.04.1993,10.11
,30.04.1993,9.26
,01.05.1993,7.90
,02.05.1993,6.74
,03.05.1993,6.46
,04.05.1993,6.99
,05.05.1993,16.00
,06.05.1993,12.35
,07.05.1993,8.72
,08.05.1993,6.97
,09.05.1993,5.80
,10.05.1993,5.27
,11.05.1993,5.01
,12.05.1993,5.15
,13.05.1993,4.59
,14.05.1993,4.19
,15.05.1993,3.96
,16.05.1993,3.74
,17.05.1993,3.68
,18.05.1993,3.51
,19.05.1993,3.45
,20.05.1993,3.37
,21.05.1993,3.40
,22.05.1993,3.31
,23.05.1993,3.45
,24.05.1993,3.68
,25.05.1993,4.05
,26.05.1993,3.45
,27.05.1993,3.20
,28.05.1993,3.14
,29.05.1993,3.37
,30.05.1993,3.11
,31.05.1993,3.40
,01.06.1993,3.11
,02.06.1993,2.94
,03.06.1993,2.89
,04.06.1993,2.83
,05.06.1993,4.62
,06.06.1993,3.94
,07.06.1993,7.25
,08.06.1993,43.32
,09.06.1993,47.86
,10.06.1993,24.64
,11.06.1993,13.51
,12.06.1993,9.12
,13.06.1993,6.68
,14.06.1993,5.75
,15.06.1993,5.55
,16.06.1993,4.67
,17.06.1993,4.13
,18.06.1993,3.77
,19.06.1993,3.68
,20.06.1993,4.42
,21.06.1993,11.92
,22.06.1993,6.63
,23.06.1993,4.73
,24.06.1993,3.88
,25.06.1993,3.48
,26.06.1993,3.65
,27.06.1993,3.43
,28.06.1993,3.60
,29.06.1993,3.65
,30.06.1993,3.20
,01.07.1993,3.26
,02.07.1993,4.87
,03.07.1993,7.93
,04.07.1993,4.81
,05.07.1993,3.65
,06.07.1993,3.09
,07.07.1993,2.78
,08.07.1993,4.22
,09.07.1993,3.20
,10.07.1993,2.75
,11.07.1993,2.72
,12.07.1993,4.08
,13.07.1993,3.79
,14.07.1993,3.20
,15.07.1993,2.83
,16.07.1993,2.52
,17.07.1993,2.27
,18.07.1993,2.10
,19.07.1993,2.49
,20.07.1993,2.15
,21.07.1993,1.95
,22.07.1993,1.84
,23.07.1993,1.76
,24.07.1993,1.70
,25.07.1993,1.67
,26.07.1993,1.64
,27.07.1993,1.59
,28.07.1993,1.56
,29.07.1993,1.50
,30.07.1993,1.42
,31.07.1993,1.36
,01.08.1993,1.33
,02.08.1993,1.67
,03.08.1993,1.42
,04.08.1993,1.59
,05.08.1993,1.47
,06.08.1993,1.47
,07.08.1993,1.67
,08.08.1993,1.47
,09.08.1993,1.33
,10.08.1993,1.78
,11.08.1993,1.76
,12.08.1993,1.47
,13.08.1993,1.39
,14.08.1993,1.36
,15.08.1993,1.27
,16.08.1993,1.36
,17.08.1993,1.30
,18.08.1993,1.27
,19.08.1993,1.22
,20.08.1993,1.22
,21.08.1993,1.19
,22.08.1993,1.08
,23.08.1993,1.08
,24.08.1993,1.59
,25.08.1993,1.33
,26.08.1993,1.44
,27.08.1993,1.27
,28.08.1993,1.19
,29.08.1993,1.13
,30.08.1993,1.30
,31.08.1993,1.98
,01.09.1993,1.93
,02.09.1993,1.84
,03.09.1993,7.82
,04.09.1993,8.55
,05.09.1993,4.22
,06.09.1993,4.79
,07.09.1993,5.07
,08.09.1993,3.40
,09.09.1993,2.58
,10.09.1993,2.21
,11.09.1993,1.90
,12.09.1993,1.76
,13.09.1993,1.67
,14.09.1993,1.64
,15.09.1993,5.83
,16.09.1993,4.42
,17.09.1993,3.11
,18.09.1993,2.46
,19.09.1993,2.07
,20.09.1993,1.84
,21.09.1993,1.73
,22.09.1993,1.67
,23.09.1993,1.67
,24.09.1993,1.61
,25.09.1993,1.56
,26.09.1993,2.01
,27.09.1993,3.71
,28.09.1993,7.87
,29.09.1993,4.64
,30.09.1993,3.60
,01.10.1993,3.06
,02.10.1993,2.69
,03.10.1993,2.32
,04.10.1993,2.12
,05.10.1993,2.01
,06.10.1993,1.87
,07.10.1993,1.78
,08.10.1993,1.70
,09.10.1993,3.09
,10.10.1993,5.95
,11.10.1993,4.16
,12.10.1993,3.37
,13.10.1993,2.89
,14.10.1993,2.55
,15.10.1993,2.38
,16.10.1993,3.03
,17.10.1993,8.24
,18.10.1993,11.50
,19.10.1993,7.05
,20.10.1993,5.04
,21.10.1993,4.84
,22.10.1993,5.18
,23.10.1993,4.25
,24.10.1993,3.71
,25.10.1993,3.45
,26.10.1993,3.26
,27.10.1993,2.97
,28.10.1993,2.80
,29.10.1993,2.69
,30.10.1993,2.55
,31.10.1993,2.41
,01.11.1993,2.32
,02.11.1993,2.27
,03.11.1993,2.35
,04.11.1993,2.58
,05.11.1993,2.52
,06.11.1993,2.27
,07.11.1993,2.18
,08.11.1993,2.10
,09.11.1993,2.15
,10.11.1993,2.04
,11.11.1993,2.04
,12.11.1993,2.04
,13.11.1993,2.38
,14.11.1993,3.74
,15.11.1993,7.84
,16.11.1993,6.31
,17.11.1993,13.42
,18.11.1993,24.81
,19.11.1993,12.52
,20.11.1993,8.44
,21.11.1993,6.31
,22.11.1993,5.32
,23.11.1993,4.56
,24.11.1993,4.87
,25.11.1993,7.45
,26.11.1993,9.32
,27.11.1993,13.45
,28.11.1993,9.43
,29.11.1993,6.80
,30.11.1993,5.49
,01.12.1993,4.76
,02.12.1993,4.50
,03.12.1993,5.18
,04.12.1993,7.02
,05.12.1993,12.52
,06.12.1993,8.75
,07.12.1993,6.85
,08.12.1993,5.83
,09.12.1993,5.21
,10.12.1993,4.84
,11.12.1993,4.39
,12.12.1993,3.94
,13.12.1993,3.77
,14.12.1993,3.68
,15.12.1993,3.68
,16.12.1993,3.54
,17.12.1993,3.37
,18.12.1993,3.37
,19.12.1993,3.57
,20.12.1993,3.62
,21.12.1993,4.05
,22.12.1993,3.99
,23.12.1993,3.65
,24.12.1993,3.68
,25.12.1993,3.48
,26.12.1993,3.14
,27.12.1993,2.83
,28.12.1993,2.63
,29.12.1993,2.38
,30.12.1993,2.27
,31.12.1993,2.12
,01.01.1994,2.04
,02.01.1994,2.01
,03.01.1994,1.93
,04.01.1994,1.87
,05.01.1994,1.81
,06.01.1994,1.76
,07.01.1994,1.70
,08.01.1994,1.64
,09.01.1994,1.59
,10.01.1994,1.59
,11.01.1994,1.59
,12.01.1994,1.56
,13.01.1994,1.56
,14.01.1994,1.56
,15.01.1994,1.53
,16.01.1994,1.50
,17.01.1994,1.47
,18.01.1994,1.44
,19.01.1994,1.42
,20.01.1994,1.39
,21.01.1994,1.39
,22.01.1994,1.39
,23.01.1994,1.39
,24.01.1994,2.44
,25.01.1994,3.96
,26.01.1994,5.95
,27.01.1994,5.38
,28.01.1994,39.36
,29.01.1994,91.46
,30.01.1994,73.62
,31.01.1994,59.47
,01.02.1994,42.48
,02.02.1994,35.40
,03.02.1994,31.15
,04.02.1994,28.32
,05.02.1994,25.49
,06.02.1994,22.65
,07.02.1994,19.82
,08.02.1994,18.12
,09.02.1994,16.42
,10.02.1994,14.72
,11.02.1994,13.03
,12.02.1994,11.61
,13.02.1994,11.61
,14.02.1994,11.61
,15.02.1994,12.74
,16.02.1994,15.57
,17.02.1994,20.95
,18.02.1994,30.58
,19.02.1994,47.86
,20.02.1994,52.10
,21.02.1994,42.19
,22.02.1994,30.02
,23.02.1994,25.49
,24.02.1994,22.65
,25.02.1994,20.39
,26.02.1994,19.26
,27.02.1994,18.12
,28.02.1994,15.57
,01.03.1994,12.74
,02.03.1994,9.91
,03.03.1994,8.50
,04.03.1994,12.74
,05.03.1994,18.12
,06.03.1994,27.75
,07.03.1994,33.70
,08.03.1994,36.81
,09.03.1994,25.68
,10.03.1994,16.59
,11.03.1994,11.44
,12.03.1994,10.34
,13.03.1994,9.57
,14.03.1994,9.34
,15.03.1994,8.66
,16.03.1994,7.56
,17.03.1994,6.43
,18.03.1994,5.92
,19.03.1994,5.21
,20.03.1994,4.87
,21.03.1994,5.58
,22.03.1994,7.62
,23.03.1994,6.68
,24.03.1994,6.03
,25.03.1994,5.35
,26.03.1994,4.84
,27.03.1994,5.89
,28.03.1994,7.11
,29.03.1994,6.31
,30.03.1994,5.55
,31.03.1994,5.01
,01.04.1994,4.67
,02.04.1994,4.45
,03.04.1994,4.70
,04.04.1994,5.18
,05.04.1994,4.96
,06.04.1994,7.08
,07.04.1994,10.45
,08.04.1994,17.92
,09.04.1994,15.35
,10.04.1994,25.00
,11.04.1994,19.11
,12.04.1994,62.30
,13.04.1994,109.30
,14.04.1994,71.08
,15.04.1994,45.31
,16.04.1994,30.58
,17.04.1994,21.12
,18.04.1994,15.49
,19.04.1994,12.52
,20.04.1994,10.34
,21.04.1994,8.83
,22.04.1994,7.87
,23.04.1994,6.99
,24.04.1994,6.46
,25.04.1994,5.97
,26.04.1994,5.41
,27.04.1994,12.40
,28.04.1994,11.27
,29.04.1994,21.29
,30.04.1994,13.65
,01.05.1994,22.43
,02.05.1994,14.33
,03.05.1994,10.31
,04.05.1994,8.35
,05.05.1994,7.22
,06.05.1994,6.26
,07.05.1994,5.95
,08.05.1994,6.26
,09.05.1994,5.72
,10.05.1994,5.04
,11.05.1994,4.64
,12.05.1994,4.70
,13.05.1994,4.30
,14.05.1994,4.02
,15.05.1994,3.91
,16.05.1994,3.77
,17.05.1994,3.54
,18.05.1994,3.40
,19.05.1994,3.31
,20.05.1994,3.26
,21.05.1994,3.20
,22.05.1994,3.09
,23.05.1994,2.97
,24.05.1994,2.92
,25.05.1994,2.89
,26.05.1994,3.99
,27.05.1994,3.37
,28.05.1994,2.92
,29.05.1994,2.72
,30.05.1994,2.49
,31.05.1994,2.44
,01.06.1994,2.35
,02.06.1994,2.18
,03.06.1994,2.10
,04.06.1994,2.04
,05.06.1994,1.93
,06.06.1994,1.90
,07.06.1994,1.84
,08.06.1994,1.78
,09.06.1994,1.73
,10.06.1994,1.67
,11.06.1994,1.61
,12.06.1994,1.56
,13.06.1994,1.61
,14.06.1994,1.78
,15.06.1994,1.70
,16.06.1994,1.61
,17.06.1994,1.59
,18.06.1994,1.84
,19.06.1994,2.12
,20.06.1994,1.78
,21.06.1994,1.61
,22.06.1994,1.47
,23.06.1994,1.67
,24.06.1994,4.08
,25.06.1994,3.85
,26.06.1994,5.89
,27.06.1994,5.86
,28.06.1994,3.51
,29.06.1994,2.83
,30.06.1994,2.66
,01.07.1994,2.32
,02.07.1994,2.15
,03.07.1994,1.98
,04.07.1994,1.87
,05.07.1994,1.84
,06.07.1994,2.01
,07.07.1994,2.41
,08.07.1994,3.17
,09.07.1994,2.97
,10.07.1994,2.75
,11.07.1994,2.49
,12.07.1994,2.29
,13.07.1994,2.15
,14.07.1994,1.93
,15.07.1994,1.73
,16.07.1994,1.56
,17.07.1994,1.44
,18.07.1994,1.39
,19.07.1994,1.39
,20.07.1994,1.73
,21.07.1994,2.92
,22.07.1994,2.83
,23.07.1994,2.10
,24.07.1994,1.73
,25.07.1994,1.61
,26.07.1994,1.98
,27.07.1994,1.61
,28.07.1994,1.70
,29.07.1994,1.59
,30.07.1994,1.50
,31.07.1994,1.47
,01.08.1994,1.33
,02.08.1994,1.30
,03.08.1994,1.25
,04.08.1994,1.25
,05.08.1994,1.47
,06.08.1994,1.30
,07.08.1994,1.19
,08.08.1994,1.16
,09.08.1994,1.13
,10.08.1994,1.13
,11.08.1994,1.22
,12.08.1994,1.50
,13.08.1994,1.39
,14.08.1994,1.81
,15.08.1994,1.53
,16.08.1994,1.33
,17.08.1994,1.22
,18.08.1994,1.16
,19.08.1994,1.13
,20.08.1994,1.10
,21.08.1994,1.25
,22.08.1994,1.25
,23.08.1994,1.19
,24.08.1994,1.13
,25.08.1994,1.10
,26.08.1994,1.08
,27.08.1994,1.05
,28.08.1994,1.02
,29.08.1994,0.96
,30.08.1994,0.96
,31.08.1994,1.02
,01.09.1994,1.02
,02.09.1994,0.93
,03.09.1994,0.91
,04.09.1994,0.88
,05.09.1994,0.85
,06.09.1994,0.82
,07.09.1994,0.88
,08.09.1994,0.85
,09.09.1994,0.82
,10.09.1994,0.91
,11.09.1994,1.02
,12.09.1994,0.82
,13.09.1994,0.79
,14.09.1994,0.79
,15.09.1994,0.76
,16.09.1994,0.74
,17.09.1994,0.74
,18.09.1994,0.71
,19.09.1994,0.68
,20.09.1994,0.65
,21.09.1994,0.68
,22.09.1994,0.68
,23.09.1994,0.68
,24.09.1994,0.68
,25.09.1994,1.05
,26.09.1994,0.85
,27.09.1994,0.82
,28.09.1994,0.85
,29.09.1994,0.76
,30.09.1994,0.74
,01.10.1994,0.74
,02.10.1994,0.68
,03.10.1994,0.62
,04.10.1994,0.65
,05.10.1994,0.71
,06.10.1994,0.74
,07.10.1994,0.76
,08.10.1994,0.76
,09.10.1994,0.99
,10.10.1994,0.96
,11.10.1994,0.88
,12.10.1994,0.88
,13.10.1994,0.88
,14.10.1994,0.88
,15.10.1994,0.91
,16.10.1994,0.91
,17.10.1994,0.91
,18.10.1994,0.99
,19.10.1994,1.16
,20.10.1994,1.33
,21.10.1994,1.16
,22.10.1994,1.13
,23.10.1994,1.13
,24.10.1994,1.16
,25.10.1994,1.16
,26.10.1994,1.19
,27.10.1994,1.16
,28.10.1994,1.13
,29.10.1994,1.16
,30.10.1994,1.13
,31.10.1994,1.13
,01.11.1994,1.59
,02.11.1994,1.78
,03.11.1994,1.42
,04.11.1994,1.36
,05.11.1994,1.42
,06.11.1994,2.15
,07.11.1994,1.50
,08.11.1994,1.19
,09.11.1994,1.25
,10.11.1994,2.69
,11.11.1994,1.76
,12.11.1994,1.33
,13.11.1994,1.08
,14.11.1994,0.96
,15.11.1994,0.93
,16.11.1994,0.88
,17.11.1994,0.82
,18.11.1994,0.82
,19.11.1994,0.82
,20.11.1994,0.74
,21.11.1994,0.74
,22.11.1994,0.88
,23.11.1994,0.79
,24.11.1994,0.76
,25.11.1994,0.74
,26.11.1994,0.71
,27.11.1994,0.76
,28.11.1994,1.90
,29.11.1994,1.50
,30.11.1994,1.16
,01.12.1994,1.13
,02.12.1994,1.13
,03.12.1994,1.16
,04.12.1994,1.33
,05.12.1994,1.53
,06.12.1994,8.21
,07.12.1994,7.93
,08.12.1994,7.36
,09.12.1994,6.23
,10.12.1994,5.24
,11.12.1994,4.25
,12.12.1994,3.54
,13.12.1994,2.97
,14.12.1994,2.38
,15.12.1994,2.83
,16.12.1994,4.53
,17.12.1994,6.51
,18.12.1994,5.38
,19.12.1994,3.96
,20.12.1994,3.26
,21.12.1994,2.97
,22.12.1994,2.58
,23.12.1994,2.35
,24.12.1994,2.15
,25.12.1994,1.95
,26.12.1994,1.78
,27.12.1994,1.70
,28.12.1994,1.64
,29.12.1994,1.56
,30.12.1994,1.44
,31.12.1994,1.44
,01.01.1995,2.04
,02.01.1995,1.81
,03.01.1995,1.53
,04.01.1995,1.42
,05.01.1995,1.36
,06.01.1995,1.30
,07.01.1995,1.25
,08.01.1995,1.25
,09.01.1995,1.30
,10.01.1995,1.42
,11.01.1995,1.64
,12.01.1995,2.04
,13.01.1995,4.64
,14.01.1995,8.58
,15.01.1995,8.78
,16.01.1995,6.82
,17.01.1995,5.04
,18.01.1995,4.28
,19.01.1995,5.41
,20.01.1995,24.07
,21.01.1995,33.41
,22.01.1995,18.15
,23.01.1995,11.30
,24.01.1995,6.23
,25.01.1995,5.10
,26.01.1995,4.11
,27.01.1995,3.54
,28.01.1995,3.26
,29.01.1995,3.11
,30.01.1995,3.11
,31.01.1995,3.40
,01.02.1995,3.11
,02.02.1995,2.78
,03.02.1995,2.44
,04.02.1995,2.27
,05.02.1995,2.04
,06.02.1995,1.93
,07.02.1995,1.78
,08.02.1995,1.70
,09.02.1995,1.59
,10.02.1995,1.53
,11.02.1995,1.47
,12.02.1995,1.42
,13.02.1995,1.42
,14.02.1995,1.42
,15.02.1995,1.47
,16.02.1995,1.59
,17.02.1995,1.87
,18.02.1995,2.66
,19.02.1995,2.78
,20.02.1995,3.23
,21.02.1995,3.26
,22.02.1995,2.92
,23.02.1995,2.86
,24.02.1995,3.14
,25.02.1995,2.97
,26.02.1995,2.75
,27.02.1995,2.94
,28.02.1995,6.77
,01.03.1995,5.72
,02.03.1995,3.99
,03.03.1995,3.45
,04.03.1995,3.06
,05.03.1995,2.94
,06.03.1995,3.00
,07.03.1995,16.28
,08.03.1995,53.52
,09.03.1995,32.28
,10.03.1995,18.32
,11.03.1995,13.22
,12.03.1995,11.41
,13.03.1995,10.25
,14.03.1995,9.06
,15.03.1995,7.90
,16.03.1995,6.94
,17.03.1995,6.06
,18.03.1995,5.21
,19.03.1995,4.79
,20.03.1995,4.93
,21.03.1995,7.87
,22.03.1995,5.78
,23.03.1995,4.79
,24.03.1995,4.22
,25.03.1995,3.82
,26.03.1995,3.54
,27.03.1995,3.37
,28.03.1995,3.54
,29.03.1995,3.51
,30.03.1995,3.40
,31.03.1995,3.23
,01.04.1995,3.09
,02.04.1995,3.00
,03.04.1995,2.97
,04.04.1995,2.97
,05.04.1995,2.80
,06.04.1995,2.75
,07.04.1995,2.69
,08.04.1995,5.78
,09.04.1995,21.24
,10.04.1995,70.23
,11.04.1995,80.70
,12.04.1995,52.95
,13.04.1995,35.68
,14.04.1995,23.19
,15.04.1995,16.51
,16.04.1995,12.63
,17.04.1995,10.11
,18.04.1995,9.60
,19.04.1995,10.08
,20.04.1995,8.35
,21.04.1995,8.33
,22.04.1995,8.47
,23.04.1995,7.19
,24.04.1995,6.37
,25.04.1995,5.72
,26.04.1995,5.07
,27.04.1995,4.84
,28.04.1995,4.59
,29.04.1995,4.28
,30.04.1995,4.42
,01.05.1995,5.01
,02.05.1995,4.84
,03.05.1995,4.39
,04.05.1995,4.11
,05.05.1995,4.53
,06.05.1995,4.39
,07.05.1995,4.05
,08.05.1995,3.82
,09.05.1995,4.13
,10.05.1995,4.39
,11.05.1995,6.06
,12.05.1995,6.46
,13.05.1995,5.24
,14.05.1995,5.10
,15.05.1995,4.59
,16.05.1995,4.08
,17.05.1995,3.88
,18.05.1995,3.74
,19.05.1995,3.68
,20.05.1995,3.37
,21.05.1995,3.11
,22.05.1995,2.86
,23.05.1995,2.69
,24.05.1995,17.90
,25.05.1995,41.06
,26.05.1995,23.25
,27.05.1995,13.85
,28.05.1995,12.29
,29.05.1995,16.17
,30.05.1995,10.99
,31.05.1995,7.90
,01.06.1995,6.20
,02.06.1995,5.21
,03.06.1995,4.84
,04.06.1995,4.36
,05.06.1995,3.99
,06.06.1995,3.71
,07.06.1995,3.43
,08.06.1995,3.45
,09.06.1995,3.11
,10.06.1995,3.03
,11.06.1995,3.03
,12.06.1995,2.83
,13.06.1995,2.66
,14.06.1995,2.44
,15.06.1995,2.24
,16.06.1995,2.12
,17.06.1995,2.01
,18.06.1995,1.90
,19.06.1995,1.84
,20.06.1995,1.84
,21.06.1995,1.73
,22.06.1995,1.64
,23.06.1995,1.61
,24.06.1995,1.73
,25.06.1995,1.95
,26.06.1995,2.97
,27.06.1995,20.81
,28.06.1995,24.64
,29.06.1995,25.51
,30.06.1995,24.04
,01.07.1995,15.60
,02.07.1995,8.83
,03.07.1995,5.92
,04.07.1995,4.56
,05.07.1995,3.94
,06.07.1995,3.45
,07.07.1995,2.94
,08.07.1995,2.55
,09.07.1995,2.32
,10.07.1995,2.21
,11.07.1995,2.07
,12.07.1995,1.93
,13.07.1995,1.81
,14.07.1995,1.67
,15.07.1995,1.64
,16.07.1995,4.22
,17.07.1995,2.92
,18.07.1995,2.10
,19.07.1995,1.73
,20.07.1995,1.59
,21.07.1995,1.50
,22.07.1995,1.44
,23.07.1995,1.53
,24.07.1995,1.53
,25.07.1995,1.81
,26.07.1995,1.84
,27.07.1995,4.50
,28.07.1995,3.00
,29.07.1995,2.18
,30.07.1995,1.61
,31.07.1995,1.39
,01.08.1995,1.44
,02.08.1995,1.44
,03.08.1995,10.62
,04.08.1995,6.88
,05.08.1995,10.02
,06.08.1995,8.21
,07.08.1995,5.83
,08.08.1995,5.92
,09.08.1995,4.33
,10.08.1995,3.31
,11.08.1995,2.72
,12.08.1995,2.27
,13.08.1995,1.95
,14.08.1995,1.73
,15.08.1995,1.64
,16.08.1995,4.25
,17.08.1995,3.06
,18.08.1995,6.88
,19.08.1995,6.54
,20.08.1995,3.99
,21.08.1995,2.83
,22.08.1995,2.27
,23.08.1995,1.90
,24.08.1995,1.67
,25.08.1995,1.56
,26.08.1995,1.44
,27.08.1995,1.33
,28.08.1995,1.27
,29.08.1995,1.27
,30.08.1995,1.27
,31.08.1995,1.27
,01.09.1995,1.22
,02.09.1995,1.16
,03.09.1995,1.05
,04.09.1995,0.99
,05.09.1995,0.96
,06.09.1995,0.99
,07.09.1995,1.02
,08.09.1995,3.79
,09.09.1995,2.41
,10.09.1995,1.81
,11.09.1995,1.44
,12.09.1995,1.30
,13.09.1995,1.22
,14.09.1995,1.16
,15.09.1995,1.08
,16.09.1995,1.02
,17.09.1995,0.99
,18.09.1995,0.91
,19.09.1995,0.93
,20.09.1995,0.96
,21.09.1995,1.02
,22.09.1995,1.16
,23.09.1995,1.08
,24.09.1995,0.99
,25.09.1995,0.96
,26.09.1995,0.96
,27.09.1995,0.93
,28.09.1995,0.91
,29.09.1995,0.91
,30.09.1995,0.91
,01.10.1995,0.82
,02.10.1995,0.79
,03.10.1995,1.08
,04.10.1995,1.64
,05.10.1995,1.33
,06.10.1995,2.27
,07.10.1995,1.73
,08.10.1995,1.50
,09.10.1995,1.27
,10.10.1995,1.19
,11.10.1995,1.10
,12.10.1995,1.02
,13.10.1995,0.96
,14.10.1995,0.93
,15.10.1995,0.88
,16.10.1995,0.79
,17.10.1995,0.82
,18.10.1995,0.82
,19.10.1995,0.79
,20.10.1995,0.91
,21.10.1995,1.64
,22.10.1995,1.10
,23.10.1995,1.02
,24.10.1995,0.96
,25.10.1995,0.88
,26.10.1995,0.85
,27.10.1995,2.24
,28.10.1995,3.71
,29.10.1995,2.78
,30.10.1995,2.12
,31.10.1995,2.12
,01.11.1995,2.46
,02.11.1995,6.60
,03.11.1995,13.68
,04.11.1995,9.63
,05.11.1995,6.14
,06.11.1995,4.45
,07.11.1995,4.25
,08.11.1995,3.94
,09.11.1995,3.34
,10.11.1995,3.00
,11.11.1995,6.80
,12.11.1995,17.73
,13.11.1995,10.34
,14.11.1995,7.14
,15.11.1995,5.49
,16.11.1995,4.50
,17.11.1995,3.96
,18.11.1995,3.65
,19.11.1995,3.71
,20.11.1995,3.94
,21.11.1995,3.85
,22.11.1995,3.51
,23.11.1995,3.26
,24.11.1995,3.00
,25.11.1995,2.80
,26.11.1995,2.66
,27.11.1995,2.69
,28.11.1995,2.66
,29.11.1995,2.46
,30.11.1995,2.41
,01.12.1995,2.32
,02.12.1995,2.29
,03.12.1995,2.18
,04.12.1995,2.10
,05.12.1995,1.98
,06.12.1995,1.81
,07.12.1995,1.70
,08.12.1995,1.59
,09.12.1995,1.50
,10.12.1995,1.47
,11.12.1995,1.50
,12.12.1995,1.59
,13.12.1995,1.73
,14.12.1995,2.07
,15.12.1995,2.83
,16.12.1995,3.20
,17.12.1995,2.83
,18.12.1995,2.44
,19.12.1995,2.27
,20.12.1995,2.12
,21.12.1995,1.93
,22.12.1995,1.93
,23.12.1995,1.73
,24.12.1995,1.64
,25.12.1995,1.61
,26.12.1995,1.59
,27.12.1995,1.56
,28.12.1995,1.53
,29.12.1995,1.53
,30.12.1995,1.50
,31.12.1995,1.50
,01.01.1996,1.50
,02.01.1996,1.53
,03.01.1996,1.50
,04.01.1996,1.42
,05.01.1996,1.36
,06.01.1996,1.30
,07.01.1996,1.27
,08.01.1996,1.25
,09.01.1996,1.25
,10.01.1996,1.25
,11.01.1996,1.25
,12.01.1996,1.22
,13.01.1996,1.33
,14.01.1996,1.50
,15.01.1996,1.67
,16.01.1996,1.90
,17.01.1996,4.56
,18.01.1996,23.70
,19.01.1996,34.83
,20.01.1996,18.26
,21.01.1996,11.84
,22.01.1996,7.70
,23.01.1996,5.78
,24.01.1996,15.35
,25.01.1996,12.06
,26.01.1996,8.07
,27.01.1996,7.19
,28.01.1996,6.37
,29.01.1996,5.66
,30.01.1996,5.38
,31.01.1996,4.81
,01.02.1996,4.53
,02.02.1996,4.25
,03.02.1996,3.96
,04.02.1996,3.68
,05.02.1996,3.40
,06.02.1996,3.40
,07.02.1996,3.40
,08.02.1996,4.25
,09.02.1996,16.37
,10.02.1996,10.82
,11.02.1996,7.28
,12.02.1996,4.62
,13.02.1996,3.79
,14.02.1996,3.45
,15.02.1996,2.92
,16.02.1996,2.58
,17.02.1996,2.78
,18.02.1996,2.66
,19.02.1996,2.38
,20.02.1996,2.35
,21.02.1996,2.35
,22.02.1996,2.32
,23.02.1996,2.38
,24.02.1996,2.63
,25.02.1996,2.92
,26.02.1996,3.45
,27.02.1996,9.49
,28.02.1996,18.94
,29.02.1996,10.51
,01.03.1996,6.71
,02.03.1996,4.81
,03.03.1996,4.02
,04.03.1996,4.11
,05.03.1996,4.47
,06.03.1996,6.31
,07.03.1996,4.53
,08.03.1996,4.59
,09.03.1996,4.33
,10.03.1996,3.51
,11.03.1996,2.86
,12.03.1996,3.06
,13.03.1996,3.26
,14.03.1996,3.37
,15.03.1996,3.79
,16.03.1996,3.99
,17.03.1996,3.77
,18.03.1996,3.60
,19.03.1996,3.62
,20.03.1996,4.50
,21.03.1996,5.30
,22.03.1996,4.90
,23.03.1996,4.62
,24.03.1996,5.80
,25.03.1996,10.42
,26.03.1996,9.51
,27.03.1996,6.31
,28.03.1996,5.15
,29.03.1996,4.62
,30.03.1996,4.42
,31.03.1996,4.30
,01.04.1996,4.19
,02.04.1996,4.02
,03.04.1996,3.85
,04.04.1996,3.74
,05.04.1996,3.57
,06.04.1996,3.37
,07.04.1996,3.26
,08.04.1996,3.09
,09.04.1996,2.97
,10.04.1996,2.83
,11.04.1996,2.78
,12.04.1996,2.80
,13.04.1996,2.80
,14.04.1996,2.72
,15.04.1996,2.86
,16.04.1996,3.20
,17.04.1996,3.09
,18.04.1996,2.94
,19.04.1996,3.09
,20.04.1996,37.66
,21.04.1996,51.54
,22.04.1996,38.79
,23.04.1996,53.80
,24.04.1996,32.56
,25.04.1996,20.70
,26.04.1996,15.46
,27.04.1996,12.12
,28.04.1996,9.83
,29.04.1996,8.72
,30.04.1996,9.97
,01.05.1996,9.91
,02.05.1996,8.13
,03.05.1996,6.88
,04.05.1996,6.17
,05.05.1996,6.03
,06.05.1996,8.44
,07.05.1996,7.08
,08.05.1996,6.17
,09.05.1996,5.92
,10.05.1996,47.29
,11.05.1996,44.46
,12.05.1996,24.41
,13.05.1996,15.26
,14.05.1996,11.19
,15.05.1996,11.10
,16.05.1996,18.35
,17.05.1996,101.66
,18.05.1996,120.06
,19.05.1996,78.44
,20.05.1996,42.48
,21.05.1996,31.43
,22.05.1996,24.04
,23.05.1996,17.67
,24.05.1996,14.70
,25.05.1996,12.46
,26.05.1996,10.65
,27.05.1996,13.71
,28.05.1996,23.50
,29.05.1996,28.32
,30.05.1996,17.30
,31.05.1996,11.64
,01.06.1996,9.17
,02.06.1996,9.80
,03.06.1996,10.11
,04.06.1996,8.81
,05.06.1996,10.87
,06.06.1996,11.36
,07.06.1996,26.48
,08.06.1996,16.65
,09.06.1996,14.07
,10.06.1996,58.33
,11.06.1996,58.62
,12.06.1996,29.45
,13.06.1996,17.84
,14.06.1996,14.81
,15.06.1996,10.22
,16.06.1996,7.65
,17.06.1996,6.48
,18.06.1996,40.49
,19.06.1996,71.08
,20.06.1996,48.42
,21.06.1996,26.82
,22.06.1996,17.75
,23.06.1996,12.83
,24.06.1996,10.65
,25.06.1996,8.41
,26.06.1996,6.88
,27.06.1996,5.92
,28.06.1996,5.18
,29.06.1996,4.64
,30.06.1996,4.16
,01.07.1996,3.82
,02.07.1996,3.57
,03.07.1996,3.43
,04.07.1996,3.20
,05.07.1996,3.06
,06.07.1996,2.86
,07.07.1996,2.72
,08.07.1996,2.69
,09.07.1996,2.58
,10.07.1996,2.44
,11.07.1996,2.29
,12.07.1996,2.21
,13.07.1996,2.15
,14.07.1996,2.10
,15.07.1996,2.24
,16.07.1996,2.32
,17.07.1996,2.58
,18.07.1996,4.87
,19.07.1996,5.75
,20.07.1996,3.45
,21.07.1996,2.78
,22.07.1996,4.93
,23.07.1996,3.17
,24.07.1996,2.58
,25.07.1996,2.72
,26.07.1996,2.29
,27.07.1996,2.07
,28.07.1996,1.95
,29.07.1996,2.27
,30.07.1996,3.20
,31.07.1996,3.79
,01.08.1996,3.11
,02.08.1996,2.61
,03.08.1996,2.29
,04.08.1996,2.01
,05.08.1996,1.87
,06.08.1996,1.76
,07.08.1996,1.67
,08.08.1996,1.59
,09.08.1996,1.50
,10.08.1996,1.47
,11.08.1996,1.39
,12.08.1996,1.39
,13.08.1996,1.36
,14.08.1996,1.33
,15.08.1996,1.67
,16.08.1996,1.39
,17.08.1996,1.30
,18.08.1996,1.25
,19.08.1996,1.98
,20.08.1996,5.41
,21.08.1996,28.60
,22.08.1996,22.51
,23.08.1996,12.97
,24.08.1996,7.73
,25.08.1996,5.18
,26.08.1996,3.88
,27.08.1996,3.23
,28.08.1996,2.72
,29.08.1996,2.41
,30.08.1996,2.15
,31.08.1996,1.98
,01.09.1996,1.78
,02.09.1996,1.64
,03.09.1996,1.56
,04.09.1996,1.70
,05.09.1996,1.53
,06.09.1996,1.39
,07.09.1996,1.39
,08.09.1996,1.95
,09.09.1996,2.07
,10.09.1996,1.64
,11.09.1996,1.44
,12.09.1996,1.47
,13.09.1996,1.42
,14.09.1996,1.33
,15.09.1996,1.27
,16.09.1996,1.27
,17.09.1996,1.25
,18.09.1996,1.19
,19.09.1996,1.16
,20.09.1996,1.13
,21.09.1996,1.19
,22.09.1996,1.53
,23.09.1996,1.22
,24.09.1996,1.19
,25.09.1996,1.10
,26.09.1996,1.10
,27.09.1996,2.10
,28.09.1996,3.99
,29.09.1996,2.72
,30.09.1996,1.95
,01.10.1996,1.64
,02.10.1996,1.44
,03.10.1996,1.30
,04.10.1996,1.16
,05.10.1996,1.10
,06.10.1996,1.08
,07.10.1996,1.08
,08.10.1996,1.05
,09.10.1996,1.08
,10.10.1996,1.22
,11.10.1996,1.13
,12.10.1996,1.13
,13.10.1996,1.02
,14.10.1996,0.99
,15.10.1996,1.02
,16.10.1996,1.02
,17.10.1996,0.99
,18.10.1996,1.67
,19.10.1996,2.52
,20.10.1996,2.15
,21.10.1996,1.76
,22.10.1996,1.53
,23.10.1996,1.84
,24.10.1996,2.46
,25.10.1996,2.52
,26.10.1996,2.18
,27.10.1996,1.93
,28.10.1996,1.73
,29.10.1996,1.67
,30.10.1996,2.52
,31.10.1996,3.28
,01.11.1996,2.61
,02.11.1996,2.21
,03.11.1996,1.95
,04.11.1996,1.73
,05.11.1996,1.67
,06.11.1996,1.61
,07.11.1996,6.71
,08.11.1996,33.13
,09.11.1996,19.71
,10.11.1996,11.50
,11.11.1996,8.04
,12.11.1996,6.17
,13.11.1996,5.13
,14.11.1996,4.76
,15.11.1996,4.11
,16.11.1996,3.68
,17.11.1996,3.45
,18.11.1996,3.57
,19.11.1996,3.51
,20.11.1996,3.31
,21.11.1996,3.14
,22.11.1996,3.00
,23.11.1996,2.92
,24.11.1996,2.97
,25.11.1996,5.47
,26.11.1996,6.63
,27.11.1996,5.75
,28.11.1996,4.90
,29.11.1996,4.45
,30.11.1996,14.41
,01.12.1996,28.32
,02.12.1996,25.63
,03.12.1996,13.85
,04.12.1996,9.60
,05.12.1996,7.73
,06.12.1996,6.85
,07.12.1996,6.34
,08.12.1996,6.26
,09.12.1996,5.72
,10.12.1996,5.13
,11.12.1996,13.08
,12.12.1996,38.79
,13.12.1996,36.25
,14.12.1996,21.15
,15.12.1996,13.90
,16.12.1996,11.04
,17.12.1996,9.83
,18.12.1996,9.00
,19.12.1996,7.36
,20.12.1996,6.51
,21.12.1996,5.66
,22.12.1996,5.10
,23.12.1996,8.78
,24.12.1996,53.24
,25.12.1996,50.12
,26.12.1996,23.45
,27.12.1996,14.78
,28.12.1996,11.04
,29.12.1996,11.38
,30.12.1996,11.02
,31.12.1996,9.51
,01.01.1997,8.55
,02.01.1997,8.64
,03.01.1997,9.49
,04.01.1997,8.89
,05.01.1997,21.27
,06.01.1997,18.43
,07.01.1997,10.90
,08.01.1997,7.36
,09.01.1997,6.23
,10.01.1997,5.38
,11.01.1997,4.81
,12.01.1997,4.70
,13.01.1997,4.59
,14.01.1997,4.53
,15.01.1997,4.39
,16.01.1997,4.53
,17.01.1997,4.45
,18.01.1997,4.33
,19.01.1997,4.25
,20.01.1997,4.16
,21.01.1997,4.39
,22.01.1997,14.16
,23.01.1997,62.30
,24.01.1997,32.85
,25.01.1997,18.18
,26.01.1997,11.89
,27.01.1997,11.33
,28.01.1997,9.34
,29.01.1997,7.93
,30.01.1997,6.80
,31.01.1997,5.95
,01.02.1997,5.10
,02.02.1997,4.53
,03.02.1997,7.73
,04.02.1997,13.31
,05.02.1997,34.26
,06.02.1997,19.54
,07.02.1997,11.95
,08.02.1997,8.75
,09.02.1997,7.56
,10.02.1997,6.60
,11.02.1997,6.00
,12.02.1997,5.49
,13.02.1997,4.53
,14.02.1997,4.25
,15.02.1997,3.96
,16.02.1997,3.68
,17.02.1997,3.54
,18.02.1997,3.96
,19.02.1997,7.08
,20.02.1997,14.16
,21.02.1997,54.09
,22.02.1997,85.23
,23.02.1997,56.35
,24.02.1997,32.85
,25.02.1997,21.78
,26.02.1997,16.91
,27.02.1997,60.88
,28.02.1997,79.57
,01.03.1997,43.61
,02.03.1997,31.43
,03.03.1997,22.09
,04.03.1997,16.62
,05.03.1997,13.73
,06.03.1997,12.66
,07.03.1997,10.90
,08.03.1997,9.85
,09.03.1997,9.49
,10.03.1997,14.78
,11.03.1997,12.06
,12.03.1997,9.77
,13.03.1997,8.47
,14.03.1997,50.40
,15.03.1997,82.40
,16.03.1997,41.63
,17.03.1997,26.28
,18.03.1997,19.43
,19.03.1997,15.29
,20.03.1997,12.69
,21.03.1997,11.13
,22.03.1997,9.77
,23.03.1997,8.78
,24.03.1997,7.82
,25.03.1997,9.32
,26.03.1997,12.03
,27.03.1997,9.83
,28.03.1997,8.55
,29.03.1997,15.74
,30.03.1997,19.06
,31.03.1997,13.25
,01.04.1997,10.17
,02.04.1997,8.52
,03.04.1997,7.59
,04.04.1997,6.97
,05.04.1997,8.47
,06.04.1997,13.25
,07.04.1997,9.51
,08.04.1997,7.59
,09.04.1997,6.48
,10.04.1997,5.95
,11.04.1997,5.69
,12.04.1997,6.29
,13.04.1997,6.85
,14.04.1997,6.23
,15.04.1997,5.75
,16.04.1997,5.44
,17.04.1997,5.21
,18.04.1997,5.01
,19.04.1997,4.76
,20.04.1997,4.73
,21.04.1997,4.28
,22.04.1997,4.16
,23.04.1997,3.99
,24.04.1997,4.02
,25.04.1997,4.13
,26.04.1997,3.82
,27.04.1997,3.71
,28.04.1997,3.96
,29.04.1997,3.88
,30.04.1997,3.77
,01.05.1997,4.02
,02.05.1997,3.94
,03.05.1997,9.63
,04.05.1997,14.30
,05.05.1997,9.06
,06.05.1997,11.13
,07.05.1997,8.69
,08.05.1997,7.22
,09.05.1997,6.68
,10.05.1997,5.89
,11.05.1997,5.24
,12.05.1997,5.07
,13.05.1997,4.73
,14.05.1997,4.47
,15.05.1997,4.70
,16.05.1997,4.50
,17.05.1997,4.30
,18.05.1997,4.28
,19.05.1997,23.96
,20.05.1997,24.47
,21.05.1997,13.28
,22.05.1997,9.20
,23.05.1997,7.31
,24.05.1997,6.23
,25.05.1997,23.64
,26.05.1997,38.23
,27.05.1997,19.85
,28.05.1997,12.23
,29.05.1997,10.22
,30.05.1997,9.37
,31.05.1997,7.99
,01.06.1997,7.62
,02.06.1997,26.14
,03.06.1997,21.89
,04.06.1997,13.00
,05.06.1997,9.32
,06.06.1997,7.39
,07.06.1997,6.57
,08.06.1997,6.06
,09.06.1997,5.24
,10.06.1997,4.67
,11.06.1997,4.28
,12.06.1997,4.13
,13.06.1997,4.02
,14.06.1997,3.74
,15.06.1997,3.37
,16.06.1997,3.71
,17.06.1997,4.98
,18.06.1997,4.30
,19.06.1997,3.71
,20.06.1997,3.31
,21.06.1997,4.47
,22.06.1997,6.88
,23.06.1997,5.13
,24.06.1997,4.08
,25.06.1997,3.71
,26.06.1997,6.03
,27.06.1997,5.58
,28.06.1997,4.30
,29.06.1997,3.48
,30.06.1997,6.54
,01.07.1997,8.69
,02.07.1997,6.00
,03.07.1997,4.45
,04.07.1997,3.54
,05.07.1997,3.06
,06.07.1997,2.66
,07.07.1997,4.70
,08.07.1997,4.98
,09.07.1997,24.10
,10.07.1997,16.99
,11.07.1997,9.26
,12.07.1997,6.20
,13.07.1997,4.73
,14.07.1997,3.99
,15.07.1997,3.57
,16.07.1997,3.09
,17.07.1997,2.72
,18.07.1997,2.49
,19.07.1997,2.32
,20.07.1997,2.12
,21.07.1997,2.89
,22.07.1997,11.16
,23.07.1997,9.26
,24.07.1997,7.22
,25.07.1997,4.81
,26.07.1997,3.82
,27.07.1997,3.23
,28.07.1997,3.48
,29.07.1997,3.28
,30.07.1997,2.75
,31.07.1997,2.35
,01.08.1997,2.15
,02.08.1997,2.01
,03.08.1997,1.90
,04.08.1997,1.81
,05.08.1997,1.73
,06.08.1997,1.61
,07.08.1997,1.56
,08.08.1997,1.50
,09.08.1997,1.44
,10.08.1997,1.42
,11.08.1997,1.42
,12.08.1997,1.56
,13.08.1997,1.78
,14.08.1997,1.59
,15.08.1997,1.50
,16.08.1997,2.63
,17.08.1997,43.04
,18.08.1997,70.23
,19.08.1997,39.64
,20.08.1997,21.61
,21.08.1997,14.95
,22.08.1997,11.10
,23.08.1997,8.66
,24.08.1997,8.33
,25.08.1997,11.33
,26.08.1997,8.75
,27.08.1997,6.99
,28.08.1997,5.72
,29.08.1997,4.90
,30.08.1997,4.25
,31.08.1997,3.79
,01.09.1997,3.45
,02.09.1997,3.14
,03.09.1997,2.94
,04.09.1997,2.66
,05.09.1997,2.52
,06.09.1997,2.29
,07.09.1997,2.15
,08.09.1997,2.07
,09.09.1997,3.14
,10.09.1997,25.20
,11.09.1997,18.01
,12.09.1997,9.66
,13.09.1997,6.48
,14.09.1997,4.93
,15.09.1997,4.11
,16.09.1997,3.60
,17.09.1997,16.62
,18.09.1997,33.13
,19.09.1997,15.91
,20.09.1997,23.81
,21.09.1997,20.67
,22.09.1997,11.61
,23.09.1997,8.38
,24.09.1997,6.85
,25.09.1997,5.78
,26.09.1997,4.96
,27.09.1997,4.33
,28.09.1997,3.91
,29.09.1997,3.82
,30.09.1997,3.40
,01.10.1997,3.43
,02.10.1997,3.20
,03.10.1997,2.94
,04.10.1997,2.72
,05.10.1997,2.52
,06.10.1997,2.44
,07.10.1997,2.35
,08.10.1997,2.21
,09.10.1997,2.21
,10.10.1997,2.35
,11.10.1997,2.18
,12.10.1997,2.12
,13.10.1997,2.18
,14.10.1997,2.55
,15.10.1997,2.49
,16.10.1997,2.29
,17.10.1997,2.12
,18.10.1997,2.04
,19.10.1997,2.01
,20.10.1997,1.93
,21.10.1997,1.93
,22.10.1997,1.87
,23.10.1997,2.27
,24.10.1997,2.01
,25.10.1997,1.90
,26.10.1997,1.81
,27.10.1997,3.26
,28.10.1997,3.79
,29.10.1997,3.48
,30.10.1997,2.94
,31.10.1997,2.55
,01.11.1997,2.55
,02.11.1997,6.63
,03.11.1997,6.03
,04.11.1997,4.56
,05.11.1997,3.77
,06.11.1997,3.31
,07.11.1997,3.03
,08.11.1997,2.80
,09.11.1997,2.75
,10.11.1997,2.80
,11.11.1997,2.75
,12.11.1997,2.72
,13.11.1997,2.52
,14.11.1997,2.55
,15.11.1997,2.61
,16.11.1997,2.61
,17.11.1997,2.44
,18.11.1997,2.32
,19.11.1997,2.35
,20.11.1997,2.38
,21.11.1997,3.14
,22.11.1997,7.08
,23.11.1997,7.02
,24.11.1997,5.27
,25.11.1997,4.33
,26.11.1997,3.96
,27.11.1997,3.62
,28.11.1997,7.45
,29.11.1997,14.33
,30.11.1997,25.63
,01.12.1997,15.49
,02.12.1997,9.74
,03.12.1997,7.56
,04.12.1997,7.82
,05.12.1997,7.02
,06.12.1997,6.00
,07.12.1997,5.35
,08.12.1997,4.98
,09.12.1997,4.87
,10.12.1997,4.98
,11.12.1997,5.61
,12.12.1997,5.75
,13.12.1997,5.66
,14.12.1997,4.98
,15.12.1997,4.50
,16.12.1997,4.59
,17.12.1997,6.06
,18.12.1997,5.89
,19.12.1997,6.34
,20.12.1997,7.45
,21.12.1997,6.65
,22.12.1997,6.37
,23.12.1997,17.95
,24.12.1997,15.26
,25.12.1997,31.43
,26.12.1997,26.45
,27.12.1997,15.52
,28.12.1997,10.90
,29.12.1997,8.72
,30.12.1997,7.59
,31.12.1997,6.63
,01.01.1998,5.58
,02.01.1998,5.41
,03.01.1998,5.75
,04.01.1998,30.02
,05.01.1998,49.84
,06.01.1998,67.96
,07.01.1998,54.93
,08.01.1998,80.14
,09.01.1998,97.41
,10.01.1998,54.93
,11.01.1998,32.85
,12.01.1998,23.19
,13.01.1998,17.70
,14.01.1998,13.73
,15.01.1998,11.69
,16.01.1998,10.11
,17.01.1998,8.89
,18.01.1998,7.99
,19.01.1998,7.33
,20.01.1998,6.85
,21.01.1998,6.31
,22.01.1998,5.89
,23.01.1998,5.78
,24.01.1998,5.55
,25.01.1998,5.24
,26.01.1998,5.07
,27.01.1998,5.21
,28.01.1998,6.40
,29.01.1998,7.99
,30.01.1998,8.69
,31.01.1998,8.01
,01.02.1998,7.79
,02.02.1998,7.73
,03.02.1998,7.31
,04.02.1998,6.54
,05.02.1998,6.03
,06.02.1998,5.41
,07.02.1998,5.04
,08.02.1998,4.79
,09.02.1998,4.59
,10.02.1998,4.47
,11.02.1998,4.64
,12.02.1998,10.25
,13.02.1998,9.54
,14.02.1998,7.33
,15.02.1998,6.37
,16.02.1998,5.83
,17.02.1998,8.44
,18.02.1998,35.96
,19.02.1998,29.45
,20.02.1998,19.65
,21.02.1998,14.50
,22.02.1998,11.24
,23.02.1998,9.57
,24.02.1998,8.66
,25.02.1998,8.38
,26.02.1998,7.62
,27.02.1998,7.59
,28.02.1998,7.79
,01.03.1998,7.25
,02.03.1998,6.77
,03.03.1998,6.43
,04.03.1998,6.12
,05.03.1998,5.78
,06.03.1998,5.47
,07.03.1998,5.30
,08.03.1998,5.49
,09.03.1998,42.48
,10.03.1998,83.82
,11.03.1998,41.06
,12.03.1998,24.15
,13.03.1998,16.74
,14.03.1998,13.05
,15.03.1998,10.76
,16.03.1998,9.26
,17.03.1998,8.44
,18.03.1998,17.27
,19.03.1998,54.37
,20.03.1998,42.48
,21.03.1998,48.99
,22.03.1998,35.11
,23.03.1998,22.31
,24.03.1998,15.97
,25.03.1998,12.91
,26.03.1998,11.13
,27.03.1998,9.91
,28.03.1998,17.73
,29.03.1998,50.69
,30.03.1998,28.60
,31.03.1998,17.73
,01.04.1998,17.53
,02.04.1998,17.24
,03.04.1998,13.42
,04.04.1998,10.99
,05.04.1998,9.40
,06.04.1998,8.41
,07.04.1998,7.65
,08.04.1998,8.75
,09.04.1998,29.73
,10.04.1998,90.05
,11.04.1998,49.84
,12.04.1998,27.64
,13.04.1998,18.92
,14.04.1998,14.87
,15.04.1998,12.46
,16.04.1998,14.89
,17.04.1998,12.91
,18.04.1998,9.68
,19.04.1998,8.52
,20.04.1998,7.59
,21.04.1998,6.82
,22.04.1998,6.40
,23.04.1998,6.00
,24.04.1998,5.66
,25.04.1998,5.35
,26.04.1998,5.61
,27.04.1998,6.63
,28.04.1998,5.75
,29.04.1998,5.86
,30.04.1998,6.48
,01.05.1998,11.02
,02.05.1998,9.83
,03.05.1998,7.76
,04.05.1998,7.50
,05.05.1998,7.59
,06.05.1998,6.37
,07.05.1998,5.78
,08.05.1998,6.09
,09.05.1998,6.17
,10.05.1998,5.55
,11.05.1998,5.04
,12.05.1998,4.70
,13.05.1998,4.84
,14.05.1998,4.45
,15.05.1998,4.19
,16.05.1998,3.82
,17.05.1998,3.45
,18.05.1998,3.20
,19.05.1998,3.11
,20.05.1998,3.00
,21.05.1998,2.75
,22.05.1998,2.61
,23.05.1998,2.46
,24.05.1998,3.57
,25.05.1998,3.79
,26.05.1998,2.83
,27.05.1998,2.61
,28.05.1998,2.41
,29.05.1998,2.32
,30.05.1998,2.15
,31.05.1998,2.12
,01.06.1998,2.46
,02.06.1998,2.07
,03.06.1998,1.90
,04.06.1998,1.87
,05.06.1998,1.78
,06.06.1998,1.95
,07.06.1998,1.87
,08.06.1998,1.76
,09.06.1998,1.73
,10.06.1998,1.84
,11.06.1998,2.18
,12.06.1998,5.80
,13.06.1998,10.93
,14.06.1998,5.30
,15.06.1998,3.71
,16.06.1998,4.25
,17.06.1998,5.66
,18.06.1998,3.60
,19.06.1998,5.61
,20.06.1998,5.61
,21.06.1998,3.51
,22.06.1998,2.80
,23.06.1998,2.46
,24.06.1998,2.24
,25.06.1998,2.07
,26.06.1998,2.46
,27.06.1998,2.29
,28.06.1998,2.01
,29.06.1998,1.87
,30.06.1998,2.44
,01.07.1998,2.15
,02.07.1998,1.81
,03.07.1998,1.67
,04.07.1998,5.89
,05.07.1998,4.53
,06.07.1998,2.75
,07.07.1998,2.52
,08.07.1998,5.61
,09.07.1998,3.11
,10.07.1998,2.27
,11.07.1998,1.90
,12.07.1998,1.61
,13.07.1998,1.64
,14.07.1998,1.50
,15.07.1998,1.39
,16.07.1998,1.33
,17.07.1998,1.27
,18.07.1998,1.22
,19.07.1998,1.16
,20.07.1998,1.25
,21.07.1998,1.39
,22.07.1998,12.06
,23.07.1998,10.00
,24.07.1998,4.56
,25.07.1998,2.92
,26.07.1998,2.24
,27.07.1998,1.93
,28.07.1998,1.73
,29.07.1998,1.59
,30.07.1998,1.47
,31.07.1998,1.39
,01.08.1998,1.36
,02.08.1998,1.25
,03.08.1998,1.16
,04.08.1998,2.04
,05.08.1998,2.72
,06.08.1998,8.24
,07.08.1998,7.82
,08.08.1998,5.10
,09.08.1998,3.77
,10.08.1998,2.94
,11.08.1998,2.32
,12.08.1998,1.95
,13.08.1998,1.76
,14.08.1998,1.64
,15.08.1998,1.53
,16.08.1998,1.53
,17.08.1998,1.42
,18.08.1998,1.39
,19.08.1998,1.33
,20.08.1998,1.22
,21.08.1998,1.19
,22.08.1998,1.95
,23.08.1998,2.01
,24.08.1998,1.53
,25.08.1998,5.44
,26.08.1998,23.39
,27.08.1998,15.23
,28.08.1998,9.77
,29.08.1998,7.05
,30.08.1998,5.27
,31.08.1998,4.05
,01.09.1998,3.28
,02.09.1998,2.78
,03.09.1998,2.29
,04.09.1998,1.95
,05.09.1998,1.70
,06.09.1998,1.53
,07.09.1998,1.44
,08.09.1998,1.36
,09.09.1998,1.25
,10.09.1998,1.16
,11.09.1998,1.08
,12.09.1998,1.05
,13.09.1998,0.93
,14.09.1998,0.91
,15.09.1998,0.91
,16.09.1998,0.91
,17.09.1998,0.91
,18.09.1998,0.88
,19.09.1998,0.88
,20.09.1998,0.85
,21.09.1998,0.93
,22.09.1998,0.82
,23.09.1998,0.74
,24.09.1998,0.74
,25.09.1998,0.76
,26.09.1998,0.74
,27.09.1998,0.71
,28.09.1998,0.71
,29.09.1998,0.74
,30.09.1998,0.74
,01.10.1998,0.74
,02.10.1998,0.65
,03.10.1998,0.74
,04.10.1998,0.96
,05.10.1998,0.74
,06.10.1998,0.82
,07.10.1998,5.61
,08.10.1998,5.72
,09.10.1998,3.03
,10.10.1998,2.12
,11.10.1998,1.64
,12.10.1998,1.42
,13.10.1998,1.30
,14.10.1998,1.16
,15.10.1998,1.16
,16.10.1998,1.10
,17.10.1998,1.05
,18.10.1998,1.05
,19.10.1998,1.25
,20.10.1998,1.08
,21.10.1998,1.02
,22.10.1998,1.05
,23.10.1998,1.02
,24.10.1998,1.05
,25.10.1998,1.08
,26.10.1998,1.08
,27.10.1998,1.36
,28.10.1998,1.27
,29.10.1998,1.22
,30.10.1998,1.76
,31.10.1998,1.76
,01.11.1998,1.33
,02.11.1998,1.22
,03.11.1998,1.19
,04.11.1998,1.10
,05.11.1998,1.27
,06.11.1998,1.27
,07.11.1998,1.16
,08.11.1998,1.05
,09.11.1998,0.99
,10.11.1998,2.41
,11.11.1998,8.18
,12.11.1998,4.98
,13.11.1998,3.37
,14.11.1998,2.61
,15.11.1998,2.24
,16.11.1998,1.93
,17.11.1998,1.81
,18.11.1998,1.67
,19.11.1998,1.59
,20.11.1998,1.47
,21.11.1998,1.44
,22.11.1998,1.36
,23.11.1998,1.33
,24.11.1998,1.30
,25.11.1998,1.36
,26.11.1998,2.27
,27.11.1998,1.98
,28.11.1998,1.93
,29.11.1998,1.95
,30.11.1998,1.73
,01.12.1998,1.70
,02.12.1998,1.61
,03.12.1998,1.64
,04.12.1998,1.59
,05.12.1998,1.53
,06.12.1998,1.50
,07.12.1998,2.12
,08.12.1998,2.18
,09.12.1998,2.01
,10.12.1998,1.84
,11.12.1998,1.70
,12.12.1998,1.61
,13.12.1998,1.53
,14.12.1998,1.50
,15.12.1998,1.44
,16.12.1998,1.42
,17.12.1998,1.47
,18.12.1998,1.50
,19.12.1998,1.44
,20.12.1998,1.44
,21.12.1998,1.53
,22.12.1998,2.04
,23.12.1998,1.76
,24.12.1998,1.53
,25.12.1998,1.47
,26.12.1998,1.44
,27.12.1998,1.42
,28.12.1998,1.44
,29.12.1998,1.42
,30.12.1998,1.42
,31.12.1998,1.39
,01.01.1999,1.36
,02.01.1999,1.33
,03.01.1999,1.30
,04.01.1999,1.27
,05.01.1999,1.25
,06.01.1999,1.22
,07.01.1999,1.22
,08.01.1999,1.22
,09.01.1999,1.22
,10.01.1999,1.22
,11.01.1999,1.22
,12.01.1999,1.22
,13.01.1999,1.22
,14.01.1999,1.22
,15.01.1999,1.22
,16.01.1999,1.27
,17.01.1999,1.33
,18.01.1999,1.47
,19.01.1999,1.64
,20.01.1999,1.98
,21.01.1999,7.08
,22.01.1999,40.49
,23.01.1999,104.77
,24.01.1999,114.68
,25.01.1999,85.80
,26.01.1999,48.70
,27.01.1999,33.13
,28.01.1999,28.60
,29.01.1999,22.65
,30.01.1999,18.55
,31.01.1999,15.74
,01.02.1999,13.76
,02.02.1999,13.11
,03.02.1999,13.90
,04.02.1999,12.37
,05.02.1999,10.70
,06.02.1999,9.94
,07.02.1999,9.71
,08.02.1999,10.17
,09.02.1999,14.64
,10.02.1999,15.12
,11.02.1999,12.29
,12.02.1999,15.15
,13.02.1999,11.75
,14.02.1999,9.63
,15.02.1999,8.95
,16.02.1999,8.55
,17.02.1999,8.33
,18.02.1999,7.79
,19.02.1999,7.31
,20.02.1999,6.94
,21.02.1999,6.40
,22.02.1999,6.00
,23.02.1999,5.83
,24.02.1999,5.72
,25.02.1999,5.72
,26.02.1999,5.64
,27.02.1999,12.91
,28.02.1999,27.67
,01.03.1999,25.12
,02.03.1999,18.72
,03.03.1999,36.53
,04.03.1999,29.17
,05.03.1999,17.44
,06.03.1999,16.91
,07.03.1999,15.15
,08.03.1999,12.43
,09.03.1999,10.65
,10.03.1999,9.91
,11.03.1999,8.83
,12.03.1999,8.16
,13.03.1999,7.76
,14.03.1999,7.31
,15.03.1999,6.88
,16.03.1999,7.56
,17.03.1999,20.22
,18.03.1999,34.83
,19.03.1999,21.32
,20.03.1999,14.16
,21.03.1999,11.16
,22.03.1999,9.49
,23.03.1999,8.18
,24.03.1999,7.39
,25.03.1999,6.68
,26.03.1999,6.17
,27.03.1999,5.83
,28.03.1999,5.52
,29.03.1999,5.18
,30.03.1999,5.01
,31.03.1999,5.27
,01.04.1999,4.84
,02.04.1999,4.67
,03.04.1999,4.56
,04.04.1999,4.93
,05.04.1999,5.41
,06.04.1999,5.35
,07.04.1999,5.01
,08.04.1999,4.70
,09.04.1999,12.37
,10.04.1999,22.91
,11.04.1999,33.13
,12.04.1999,39.64
,13.04.1999,21.07
,14.04.1999,14.24
,15.04.1999,11.64
,16.04.1999,38.51
,17.04.1999,48.70
,18.04.1999,27.10
,19.04.1999,20.84
,20.04.1999,15.49
,21.04.1999,12.71
,22.04.1999,12.52
,23.04.1999,64.85
,24.04.1999,96.28
,25.04.1999,49.55
,26.04.1999,29.73
,27.04.1999,20.87
,28.04.1999,16.88
,29.04.1999,13.73
,30.04.1999,11.61
,01.05.1999,10.25
,02.05.1999,9.09
,03.05.1999,8.18
,04.05.1999,7.48
,05.05.1999,6.99
,06.05.1999,6.91
,07.05.1999,6.29
,08.05.1999,5.78
,09.05.1999,5.58
,10.05.1999,5.24
,11.05.1999,4.98
,12.05.1999,4.96
,13.05.1999,6.06
,14.05.1999,5.49
,15.05.1999,4.90
,16.05.1999,4.56
,17.05.1999,4.42
,18.05.1999,4.62
,19.05.1999,4.87
,20.05.1999,4.73
,21.05.1999,4.45
,22.05.1999,6.20
,23.05.1999,8.89
,24.05.1999,24.32
,25.05.1999,17.61
,26.05.1999,11.64
,27.05.1999,8.35
,28.05.1999,6.80
,29.05.1999,5.86
,30.05.1999,5.24
,31.05.1999,26.28
,01.06.1999,38.51
,02.06.1999,24.07
,03.06.1999,16.57
,04.06.1999,10.99
,05.06.1999,8.35
,06.06.1999,6.71
,07.06.1999,5.55
,08.06.1999,4.70
,09.06.1999,4.08
,10.06.1999,3.71
,11.06.1999,3.48
,12.06.1999,3.34
,13.06.1999,3.17
,14.06.1999,14.07
,15.06.1999,11.47
,16.06.1999,6.34
,17.06.1999,4.50
,18.06.1999,3.77
,19.06.1999,3.31
,20.06.1999,3.03
,21.06.1999,2.80
,22.06.1999,2.66
,23.06.1999,2.49
,24.06.1999,2.35
,25.06.1999,2.32
,26.06.1999,2.24
,27.06.1999,3.03
,28.06.1999,3.34
,29.06.1999,3.60
,30.06.1999,2.80
,01.07.1999,2.80
,02.07.1999,2.78
,03.07.1999,2.41
,04.07.1999,2.18
,05.07.1999,2.01
,06.07.1999,1.93
,07.07.1999,1.87
,08.07.1999,1.76
,09.07.1999,1.67
,10.07.1999,1.73
,11.07.1999,1.56
,12.07.1999,1.50
,13.07.1999,1.47
,14.07.1999,1.42
,15.07.1999,1.39
,16.07.1999,1.33
,17.07.1999,1.30
,18.07.1999,1.22
,19.07.1999,1.25
,20.07.1999,1.33
,21.07.1999,1.33
,22.07.1999,1.78
,23.07.1999,1.70
,24.07.1999,1.81
,25.07.1999,1.39
,26.07.1999,1.30
,27.07.1999,1.42
,28.07.1999,1.30
,29.07.1999,1.39
,30.07.1999,1.30
,31.07.1999,1.25
,01.08.1999,1.22
,02.08.1999,1.05
,03.08.1999,1.05
,04.08.1999,1.05
,05.08.1999,1.44
,06.08.1999,1.05
,07.08.1999,1.02
,08.08.1999,1.10
,09.08.1999,1.02
,10.08.1999,0.99
,11.08.1999,0.99
,12.08.1999,0.96
,13.08.1999,1.16
,14.08.1999,1.73
,15.08.1999,1.30
,16.08.1999,1.08
,17.08.1999,0.99
,18.08.1999,0.93
,19.08.1999,1.02
,20.08.1999,1.22
,21.08.1999,0.99
,22.08.1999,0.88
,23.08.1999,0.85
,24.08.1999,0.96
,25.08.1999,2.58
,26.08.1999,2.63
,27.08.1999,1.87
,28.08.1999,1.42
,29.08.1999,1.10
,30.08.1999,0.99
,31.08.1999,0.93
,01.09.1999,0.91
,02.09.1999,0.88
,03.09.1999,0.85
,04.09.1999,0.82
,05.09.1999,0.76
,06.09.1999,0.71
,07.09.1999,0.71
,08.09.1999,0.76
,09.09.1999,0.76
,10.09.1999,0.71
,11.09.1999,0.68
,12.09.1999,0.65
,13.09.1999,0.65
,14.09.1999,0.74
,15.09.1999,0.68
,16.09.1999,0.65
,17.09.1999,0.68
,18.09.1999,0.68
,19.09.1999,0.68
,20.09.1999,0.62
,21.09.1999,0.65
,22.09.1999,0.65
,23.09.1999,0.65
,24.09.1999,0.62
,25.09.1999,0.62
,26.09.1999,0.62
,27.09.1999,0.62
,28.09.1999,0.74
,29.09.1999,2.89
,30.09.1999,2.72
,01.10.1999,1.50
,02.10.1999,1.16
,03.10.1999,1.10
,04.10.1999,3.48
,05.10.1999,2.52
,06.10.1999,1.70
,07.10.1999,1.33
,08.10.1999,1.10
,09.10.1999,1.10
,10.10.1999,1.02
,11.10.1999,0.93
,12.10.1999,0.93
,13.10.1999,0.96
,14.10.1999,1.05
,15.10.1999,0.99
,16.10.1999,0.88
,17.10.1999,0.91
,18.10.1999,0.85
,19.10.1999,0.96
,20.10.1999,0.85
,21.10.1999,0.79
,22.10.1999,0.82
,23.10.1999,0.85
,24.10.1999,0.82
,25.10.1999,0.76
,26.10.1999,0.93
,27.10.1999,0.85
,28.10.1999,0.85
,29.10.1999,0.82
,30.10.1999,0.82
,31.10.1999,0.74
,01.11.1999,0.76
,02.11.1999,0.82
,03.11.1999,0.88
,04.11.1999,0.82
,05.11.1999,0.79
,06.11.1999,0.76
,07.11.1999,0.74
,08.11.1999,0.68
,09.11.1999,0.76
,10.11.1999,0.79
,11.11.1999,0.76
,12.11.1999,0.74
,13.11.1999,0.79
,14.11.1999,0.79
,15.11.1999,0.71
,16.11.1999,0.74
,17.11.1999,0.74
,18.11.1999,0.71
,19.11.1999,0.79
,20.11.1999,1.25
,21.11.1999,0.93
,22.11.1999,0.85
,23.11.1999,0.82
,24.11.1999,0.93
,25.11.1999,0.93
,26.11.1999,0.82
,27.11.1999,0.85
,28.11.1999,0.74
,29.11.1999,0.71
,30.11.1999,0.74
,01.12.1999,0.71
,02.12.1999,0.71
,03.12.1999,0.74
,04.12.1999,0.76
,05.12.1999,0.99
,06.12.1999,2.86
,07.12.1999,2.15
,08.12.1999,1.73
,09.12.1999,1.56
,10.12.1999,1.47
,11.12.1999,1.39
,12.12.1999,1.27
,13.12.1999,1.25
,14.12.1999,2.52
,15.12.1999,4.76
,16.12.1999,4.76
,17.12.1999,3.74
,18.12.1999,2.78
,19.12.1999,2.24
,20.12.1999,2.24
,21.12.1999,2.52
,22.12.1999,3.85
,23.12.1999,2.69
,24.12.1999,2.10
,25.12.1999,1.78
,26.12.1999,1.50
,27.12.1999,1.33
,28.12.1999,1.25
,29.12.1999,1.19
,30.12.1999,1.13
,31.12.1999,1.13
,01.01.2000,1.13
,02.01.2000,1.16
,03.01.2000,1.27
,04.01.2000,2.83
,05.01.2000,2.41
,06.01.2000,2.04
,07.01.2000,1.84
,08.01.2000,1.61
,09.01.2000,1.61
,10.01.2000,1.61
,11.01.2000,1.76
,12.01.2000,1.61
,13.01.2000,1.59
,14.01.2000,1.42
,15.01.2000,1.27
,16.01.2000,1.33
,17.01.2000,1.13
,18.01.2000,1.02
,19.01.2000,0.99
,20.01.2000,0.96
,21.01.2000,0.96
,22.01.2000,0.93
,23.01.2000,0.91
,24.01.2000,0.59
,25.01.2000,0.88
,26.01.2000,0.88
,27.01.2000,0.85
,28.01.2000,0.85
,29.01.2000,0.82
,30.01.2000,0.82
,31.01.2000,0.82
,01.02.2000,0.79
,02.02.2000,0.79
,03.02.2000,0.79
,04.02.2000,0.79
,05.02.2000,0.79
,06.02.2000,0.79
,07.02.2000,0.79
,08.02.2000,0.79
,09.02.2000,0.99
,10.02.2000,1.13
,11.02.2000,2.04
,12.02.2000,2.24
,13.02.2000,1.78
,14.02.2000,1.67
,15.02.2000,1.56
,16.02.2000,1.53
,17.02.2000,1.59
,18.02.2000,1.64
,19.02.2000,1.64
,20.02.2000,1.59
,21.02.2000,1.44
,22.02.2000,2.97
,23.02.2000,13.03
,24.02.2000,15.60
,25.02.2000,15.04
,26.02.2000,11.69
,27.02.2000,25.77
,28.02.2000,22.71
,29.02.2000,12.94
,01.03.2000,9.15
,02.03.2000,7.02
,03.03.2000,5.78
,04.03.2000,4.98
,05.03.2000,4.22
,06.03.2000,3.65
,07.03.2000,3.26
,08.03.2000,3.00
,09.03.2000,2.80
,10.03.2000,2.55
,11.03.2000,2.35
,12.03.2000,2.35
,13.03.2000,2.32
,14.03.2000,2.21
,15.03.2000,2.21
,16.03.2000,2.24
,17.03.2000,2.15
,18.03.2000,1.95
,19.03.2000,2.01
,20.03.2000,8.27
,21.03.2000,15.38
,22.03.2000,10.76
,23.03.2000,7.93
,24.03.2000,6.34
,25.03.2000,5.44
,26.03.2000,4.62
,27.03.2000,4.30
,28.03.2000,5.15
,29.03.2000,9.85
,30.03.2000,7.76
,31.03.2000,5.83
,01.04.2000,4.81
,02.04.2000,4.16
,03.04.2000,3.79
,04.04.2000,3.57
,05.04.2000,3.14
,06.04.2000,2.94
,07.04.2000,2.78
,08.04.2000,3.88
,09.04.2000,4.30
,10.04.2000,3.88
,11.04.2000,3.51
,12.04.2000,3.20
,13.04.2000,2.80
,14.04.2000,2.63
,15.04.2000,2.55
,16.04.2000,2.38
,17.04.2000,2.41
,18.04.2000,2.58
,19.04.2000,2.32
,20.04.2000,12.52
,21.04.2000,58.62
,22.04.2000,42.48
,23.04.2000,23.50
,24.04.2000,15.23
,25.04.2000,11.16
,26.04.2000,8.69
,27.04.2000,7.11
,28.04.2000,6.03
,29.04.2000,5.24
,30.04.2000,4.47
,01.05.2000,4.28
,02.05.2000,5.89
,03.05.2000,5.04
,04.05.2000,4.33
,05.05.2000,3.91
,06.05.2000,3.51
,07.05.2000,3.23
,08.05.2000,2.94
,09.05.2000,2.97
,10.05.2000,13.45
,11.05.2000,10.90
,12.05.2000,7.42
,13.05.2000,6.06
,14.05.2000,4.84
,15.05.2000,3.85
,16.05.2000,3.37
,17.05.2000,3.34
,18.05.2000,3.45
,19.05.2000,25.37
,20.05.2000,21.75
,21.05.2000,12.40
,22.05.2000,8.83
,23.05.2000,8.83
,24.05.2000,10.73
,25.05.2000,7.82
,26.05.2000,5.75
,27.05.2000,4.87
,28.05.2000,20.87
,29.05.2000,33.13
,30.05.2000,18.26
,31.05.2000,11.61
,01.06.2000,8.50
,02.06.2000,6.71
,03.06.2000,5.47
,04.06.2000,4.76
,05.06.2000,7.14
,06.06.2000,17.95
,07.06.2000,10.19
,08.06.2000,7.08
,09.06.2000,5.55
,10.06.2000,4.59
,11.06.2000,3.99
,12.06.2000,3.77
,13.06.2000,4.42
,14.06.2000,6.34
,15.06.2000,33.13
,16.06.2000,24.10
,17.06.2000,12.63
,18.06.2000,10.31
,19.06.2000,9.43
,20.06.2000,7.11
,21.06.2000,12.91
,22.06.2000,11.36
,23.06.2000,7.45
,24.06.2000,7.33
,25.06.2000,31.43
,26.06.2000,26.36
,27.06.2000,22.80
,28.06.2000,12.35
,29.06.2000,8.38
,30.06.2000,6.46
,01.07.2000,5.32
,02.07.2000,4.47
,03.07.2000,6.91
,04.07.2000,8.07
,05.07.2000,5.49
,06.07.2000,4.39
,07.07.2000,3.77
,08.07.2000,3.31
,09.07.2000,3.03
,10.07.2000,2.92
,11.07.2000,2.83
,12.07.2000,2.58
,13.07.2000,2.32
,14.07.2000,2.21
,15.07.2000,2.07
,16.07.2000,1.93
,17.07.2000,1.81
,18.07.2000,1.84
,19.07.2000,1.76
,20.07.2000,1.64
,21.07.2000,1.56
,22.07.2000,1.50
,23.07.2000,1.42
,24.07.2000,1.36
,25.07.2000,1.39
,26.07.2000,1.36
,27.07.2000,1.30
,28.07.2000,1.30
,29.07.2000,1.76
,30.07.2000,2.12
,31.07.2000,2.01
,01.08.2000,1.67
,02.08.2000,1.61
,03.08.2000,2.46
,04.08.2000,1.95
,05.08.2000,1.59
,06.08.2000,2.10
,07.08.2000,5.69
,08.08.2000,6.17
,09.08.2000,3.82
,10.08.2000,2.72
,11.08.2000,2.15
,12.08.2000,1.78
,13.08.2000,1.56
,14.08.2000,1.44
,15.08.2000,1.39
,16.08.2000,1.30
,17.08.2000,1.36
,18.08.2000,1.70
,19.08.2000,1.33
,20.08.2000,1.13
,21.08.2000,1.05
,22.08.2000,1.08
,23.08.2000,1.05
,24.08.2000,1.13
,25.08.2000,1.16
,26.08.2000,1.08
,27.08.2000,9.68
,28.08.2000,12.32
,29.08.2000,6.91
,30.08.2000,4.53
,31.08.2000,3.28
,01.09.2000,2.61
,02.09.2000,2.18
,03.09.2000,1.84
,04.09.2000,1.64
,05.09.2000,1.47
,06.09.2000,1.36
,07.09.2000,1.27
,08.09.2000,1.22
,09.09.2000,1.16
,10.09.2000,1.33
,11.09.2000,1.93
,12.09.2000,37.66
,13.09.2000,41.91
,14.09.2000,19.62
,15.09.2000,13.05
,16.09.2000,9.63
,17.09.2000,7.19
,18.09.2000,5.83
,19.09.2000,4.76
,20.09.2000,4.05
,21.09.2000,3.57
,22.09.2000,3.09
,23.09.2000,6.57
,24.09.2000,14.92
,25.09.2000,9.23
,26.09.2000,6.37
,27.09.2000,4.73
,28.09.2000,3.85
,29.09.2000,3.31
,30.09.2000,2.92
,01.10.2000,2.66
,02.10.2000,2.44
,03.10.2000,2.35
,04.10.2000,4.64
,05.10.2000,8.07
,06.10.2000,14.36
,07.10.2000,9.80
,08.10.2000,6.71
,09.10.2000,5.24
,10.10.2000,4.39
,11.10.2000,3.71
,12.10.2000,3.23
,13.10.2000,2.89
,14.10.2000,2.66
,15.10.2000,2.46
,16.10.2000,2.35
,17.10.2000,2.38
,18.10.2000,2.21
,19.10.2000,2.10
,20.10.2000,2.04
,21.10.2000,1.95
,22.10.2000,1.87
,23.10.2000,1.81
,24.10.2000,1.87
,25.10.2000,1.95
,26.10.2000,1.95
,27.10.2000,1.90
,28.10.2000,1.93
,29.10.2000,1.87
,30.10.2000,1.78
,31.10.2000,1.76
,01.11.2000,1.73
,02.11.2000,1.70
,03.11.2000,1.64
,04.11.2000,1.59
,05.11.2000,1.47
,06.11.2000,1.53
,07.11.2000,1.64
,08.11.2000,1.78
,09.11.2000,1.87
,10.11.2000,10.68
,11.11.2000,10.08
,12.11.2000,6.26
,13.11.2000,5.75
,14.11.2000,9.57
,15.11.2000,6.85
,16.11.2000,5.24
,17.11.2000,4.33
,18.11.2000,3.71
,19.11.2000,3.37
,20.11.2000,3.09
,21.11.2000,2.78
,22.11.2000,2.44
,23.11.2000,2.35
,24.11.2000,2.27
,25.11.2000,2.24
,26.11.2000,2.61
,27.11.2000,3.65
,28.11.2000,4.39
,29.11.2000,3.94
,30.11.2000,3.71
,01.12.2000,3.26
,02.12.2000,2.89
,03.12.2000,2.58
,04.12.2000,2.38
,05.12.2000,2.27
,06.12.2000,1.98
,07.12.2000,1.93
,08.12.2000,1.87
,09.12.2000,1.84
,10.12.2000,1.81
,11.12.2000,2.27
,12.12.2000,9.77
,13.12.2000,8.50
,14.12.2000,7.36
,15.12.2000,6.51
,16.12.2000,8.44
,17.12.2000,26.48
,18.12.2000,16.42
,19.12.2000,12.74
,20.12.2000,9.63
,21.12.2000,7.65
,22.12.2000,6.51
,23.12.2000,5.66
,24.12.2000,5.10
,25.12.2000,4.70
,26.12.2000,4.39
,27.12.2000,4.13
,28.12.2000,3.88
,29.12.2000,3.62
,30.12.2000,3.40
,31.12.2000,3.31
,01.01.2001,3.23
,02.01.2001,3.17
,03.01.2001,3.11
,04.01.2001,3.06
,05.01.2001,3.17
,06.01.2001,3.28
,07.01.2001,3.20
,08.01.2001,3.00
,09.01.2001,2.83
,10.01.2001,2.61
,11.01.2001,2.66
,12.01.2001,2.72
,13.01.2001,2.83
,14.01.2001,3.11
,15.01.2001,3.40
,16.01.2001,9.60
,17.01.2001,9.40
,18.01.2001,8.66
,19.01.2001,7.84
,20.01.2001,5.66
,21.01.2001,4.53
,22.01.2001,3.96
,23.01.2001,3.68
,24.01.2001,3.40
,25.01.2001,3.26
,26.01.2001,3.11
,27.01.2001,3.06
,28.01.2001,3.00
,29.01.2001,2.97
,30.01.2001,15.77
,31.01.2001,39.08
,01.02.2001,32.56
,02.02.2001,24.15
,03.02.2001,16.85
,04.02.2001,11.58
,05.02.2001,8.95
,06.02.2001,7.70
,07.02.2001,6.80
,08.02.2001,16.99
,09.02.2001,45.31
,10.02.2001,102.22
,11.02.2001,83.25
,12.02.2001,44.17
,13.02.2001,30.02
,14.02.2001,25.74
,15.02.2001,34.83
,16.02.2001,25.23
,17.02.2001,18.97
,18.02.2001,13.93
,19.02.2001,11.95
,20.02.2001,10.42
,21.02.2001,9.20
,22.02.2001,8.10
,23.02.2001,7.48
,24.02.2001,7.16
,25.02.2001,43.89
,26.02.2001,62.86
,27.02.2001,33.41
,28.02.2001,22.37
,01.03.2001,16.34
,02.03.2001,12.63
,03.03.2001,10.56
,04.03.2001,9.20
,05.03.2001,8.18
,06.03.2001,7.25
,07.03.2001,7.16
,08.03.2001,6.46
,09.03.2001,5.97
,10.03.2001,5.52
,11.03.2001,5.52
,12.03.2001,5.30
,13.03.2001,5.49
,14.03.2001,5.38
,15.03.2001,5.15
,16.03.2001,4.96
,17.03.2001,5.27
,18.03.2001,6.43
,19.03.2001,7.48
,20.03.2001,7.05
,21.03.2001,6.31
,22.03.2001,5.69
,23.03.2001,5.47
,24.03.2001,5.15
,25.03.2001,4.53
,26.03.2001,4.13
,27.03.2001,3.94
,28.03.2001,3.77
,29.03.2001,3.74
,30.03.2001,3.65
,31.03.2001,3.57
,01.04.2001,3.65
,02.04.2001,3.45
,03.04.2001,3.31
,04.04.2001,3.17
,05.04.2001,3.03
,06.04.2001,27.18
,07.04.2001,54.65
,08.04.2001,29.17
,09.04.2001,19.20
,10.04.2001,14.24
,11.04.2001,17.16
,12.04.2001,20.25
,13.04.2001,13.34
,14.04.2001,9.85
,15.04.2001,8.98
,16.04.2001,10.56
,17.04.2001,9.40
,18.04.2001,7.76
,19.04.2001,6.77
,20.04.2001,6.63
,21.04.2001,7.33
,22.04.2001,9.34
,23.04.2001,8.33
,24.04.2001,7.53
,25.04.2001,6.46
,26.04.2001,5.66
,27.04.2001,5.15
,28.04.2001,4.53
,29.04.2001,4.08
,30.04.2001,3.91
,01.05.2001,3.91
,02.05.2001,3.74
,03.05.2001,3.43
,04.05.2001,3.28
,05.05.2001,3.03
,06.05.2001,2.72
,07.05.2001,2.63
,08.05.2001,3.03
,09.05.2001,2.83
,10.05.2001,2.58
,11.05.2001,2.38
,12.05.2001,2.41
,13.05.2001,2.21
,14.05.2001,2.04
,15.05.2001,2.75
,16.05.2001,3.88
,17.05.2001,4.50
,18.05.2001,4.28
,19.05.2001,10.51
,20.05.2001,6.57
,21.05.2001,4.53
,22.05.2001,3.79
,23.05.2001,3.11
,24.05.2001,3.94
,25.05.2001,7.59
,26.05.2001,6.99
,27.05.2001,14.13
,28.05.2001,13.93
,29.05.2001,8.33
,30.05.2001,5.97
,31.05.2001,4.67
,01.06.2001,4.39
,02.06.2001,6.54
,03.06.2001,9.26
,04.06.2001,6.29
,05.06.2001,8.01
,06.06.2001,23.42
,07.06.2001,26.28
,08.06.2001,15.66
,09.06.2001,9.80
,10.06.2001,6.91
,11.06.2001,5.47
,12.06.2001,4.73
,13.06.2001,4.45
,14.06.2001,3.94
,15.06.2001,3.34
,16.06.2001,4.64
,17.06.2001,3.57
,18.06.2001,2.92
,19.06.2001,2.72
,20.06.2001,3.57
,21.06.2001,3.48
,22.06.2001,10.87
,23.06.2001,6.23
,24.06.2001,5.69
,25.06.2001,4.02
,26.06.2001,3.17
,27.06.2001,2.72
,28.06.2001,2.41
,29.06.2001,2.18
,30.06.2001,2.24
,01.07.2001,1.93
,02.07.2001,1.67
,03.07.2001,1.76
,04.07.2001,2.24
,05.07.2001,2.27
,06.07.2001,1.70
,07.07.2001,1.53
,08.07.2001,1.53
,09.07.2001,1.47
,10.07.2001,1.42
,11.07.2001,1.27
,12.07.2001,1.16
,13.07.2001,1.10
,14.07.2001,1.05
,15.07.2001,0.99
,16.07.2001,0.91
,17.07.2001,0.93
,18.07.2001,1.13
,19.07.2001,1.02
,20.07.2001,0.93
,21.07.2001,0.88
,22.07.2001,1.30
,23.07.2001,1.13
,24.07.2001,1.95
,25.07.2001,1.61
,26.07.2001,2.49
,27.07.2001,1.27
,28.07.2001,0.99
,29.07.2001,0.88
,30.07.2001,0.82
,31.07.2001,0.82
,01.08.2001,0.79
,02.08.2001,0.79
,03.08.2001,0.99
,04.08.2001,0.82
,05.08.2001,0.71
,06.08.2001,0.65
,07.08.2001,0.65
,08.08.2001,0.62
,09.08.2001,1.33
,10.08.2001,2.18
,11.08.2001,0.96
,12.08.2001,0.74
,13.08.2001,0.62
,14.08.2001,0.59
,15.08.2001,0.57
,16.08.2001,0.62
,17.08.2001,1.02
,18.08.2001,0.71
,19.08.2001,0.88
,20.08.2001,0.82
,21.08.2001,0.71
,22.08.2001,1.25
,23.08.2001,18.07
,24.08.2001,8.41
,25.08.2001,4.19
,26.08.2001,2.72
,27.08.2001,2.01
,28.08.2001,1.61
,29.08.2001,1.33
,30.08.2001,1.13
,31.08.2001,1.19
,01.09.2001,0.96
,02.09.2001,0.82
,03.09.2001,0.76
,04.09.2001,0.71
,05.09.2001,0.76
,06.09.2001,0.74
,07.09.2001,0.76
,08.09.2001,1.16
,09.09.2001,1.13
,10.09.2001,3.96
,11.09.2001,1.98
,12.09.2001,1.33
,13.09.2001,1.08
,14.09.2001,0.99
,15.09.2001,0.85
,16.09.2001,0.76
,17.09.2001,0.74
,18.09.2001,0.99
,19.09.2001,2.32
,20.09.2001,2.97
,21.09.2001,1.78
,22.09.2001,1.33
,23.09.2001,1.13
,24.09.2001,1.27
,25.09.2001,1.25
,26.09.2001,1.05
,27.09.2001,0.96
,28.09.2001,0.91
,29.09.2001,0.85
,30.09.2001,0.76
,01.10.2001,0.74
,02.10.2001,0.76
,03.10.2001,0.76
,04.10.2001,0.71
,05.10.2001,1.78
,06.10.2001,7.82
,07.10.2001,4.47
,08.10.2001,2.75
,09.10.2001,2.04
,10.10.2001,1.70
,11.10.2001,3.60
,12.10.2001,38.23
,13.10.2001,54.09
,14.10.2001,41.91
,15.10.2001,51.54
,16.10.2001,46.72
,17.10.2001,74.76
,18.10.2001,46.44
,19.10.2001,28.88
,20.10.2001,20.22
,21.10.2001,15.32
,22.10.2001,27.95
,23.10.2001,37.38
,24.10.2001,43.04
,25.10.2001,52.10
,26.10.2001,37.10
,27.10.2001,22.57
,28.10.2001,16.48
,29.10.2001,12.86
,30.10.2001,10.73
,31.10.2001,9.43
,01.11.2001,8.44
,02.11.2001,7.87
,03.11.2001,7.62
,04.11.2001,6.88
,05.11.2001,6.20
,06.11.2001,5.78
,07.11.2001,5.44
,08.11.2001,5.07
,09.11.2001,4.62
,10.11.2001,4.33
,11.11.2001,4.19
,12.11.2001,3.88
,13.11.2001,3.68
,14.11.2001,3.57
,15.11.2001,3.51
,16.11.2001,3.40
,17.11.2001,3.23
,18.11.2001,3.09
,19.11.2001,3.03
,20.11.2001,2.92
,21.11.2001,2.78
,22.11.2001,2.66
,23.11.2001,2.52
,24.11.2001,2.52
,25.11.2001,8.04
,26.11.2001,7.87
,27.11.2001,6.03
,28.11.2001,6.00
,29.11.2001,13.65
,30.11.2001,46.72
,01.12.2001,49.84
,02.12.2001,27.13
,03.12.2001,18.46
,04.12.2001,13.45
,05.12.2001,10.82
,06.12.2001,9.15
,07.12.2001,7.87
,08.12.2001,6.88
,09.12.2001,6.17
,10.12.2001,5.52
,11.12.2001,5.01
,12.12.2001,4.67
,13.12.2001,6.31
,14.12.2001,13.28
,15.12.2001,39.08
,16.12.2001,24.10
,17.12.2001,40.49
,18.12.2001,53.80
,19.12.2001,30.58
,20.12.2001,20.27
,21.12.2001,14.64
,22.12.2001,11.61
,23.12.2001,10.87
,24.12.2001,9.77
,25.12.2001,8.18
,26.12.2001,6.97
,27.12.2001,6.34
,28.12.2001,5.92
,29.12.2001,5.21
,30.12.2001,4.67
,31.12.2001,4.25
,01.01.2002,4.05
,02.01.2002,3.79
,03.01.2002,3.60
,04.01.2002,3.40
,05.01.2002,3.26
,06.01.2002,3.31
,07.01.2002,3.20
,08.01.2002,3.00
,09.01.2002,3.06
,10.01.2002,3.11
,11.01.2002,3.17
,12.01.2002,3.03
,13.01.2002,3.00
,14.01.2002,2.89
,15.01.2002,2.97
,16.01.2002,2.83
,17.01.2002,2.83
,18.01.2002,2.63
,19.01.2002,2.55
,20.01.2002,2.46
,21.01.2002,2.46
,22.01.2002,2.38
,23.01.2002,2.58
,24.01.2002,2.66
,25.01.2002,2.63
,26.01.2002,2.61
,27.01.2002,2.49
,28.01.2002,2.49
,29.01.2002,2.75
,30.01.2002,9.43
,31.01.2002,37.10
,01.02.2002,76.46
,02.02.2002,67.96
,03.02.2002,39.08
,04.02.2002,26.67
,05.02.2002,19.48
,06.02.2002,15.38
,07.02.2002,12.63
,08.02.2002,11.13
,09.02.2002,9.83
,10.02.2002,9.43
,11.02.2002,9.03
,12.02.2002,8.44
,13.02.2002,7.73
,14.02.2002,7.02
,15.02.2002,6.74
,16.02.2002,6.48
,17.02.2002,6.40
,18.02.2002,5.78
,19.02.2002,5.66
,20.02.2002,6.80
,21.02.2002,9.85
,22.02.2002,9.03
,23.02.2002,7.79
,24.02.2002,7.28
,25.02.2002,6.77
,26.02.2002,6.91
,27.02.2002,6.97
,28.02.2002,6.23
,01.03.2002,6.06
,02.03.2002,6.23
,03.03.2002,22.34
,04.03.2002,20.22
,05.03.2002,13.17
,06.03.2002,10.28
,07.03.2002,11.27
,08.03.2002,11.50
,09.03.2002,20.02
,10.03.2002,45.02
,11.03.2002,26.28
,12.03.2002,18.41
,13.03.2002,14.75
,14.03.2002,12.54
,15.03.2002,10.93
,16.03.2002,9.63
,17.03.2002,8.52
,18.03.2002,8.04
,19.03.2002,7.73
,20.03.2002,7.14
,21.03.2002,6.68
,22.03.2002,6.09
,23.03.2002,5.83
,24.03.2002,5.72
,25.03.2002,5.92
,26.03.2002,5.86
,27.03.2002,6.23
,28.03.2002,7.08
,29.03.2002,9.97
,30.03.2002,40.78
,31.03.2002,58.33
,01.04.2002,34.26
,02.04.2002,28.60
,03.04.2002,51.54
,04.04.2002,36.53
,05.04.2002,24.58
,06.04.2002,19.09
,07.04.2002,15.38
,08.04.2002,16.25
,09.04.2002,48.70
,10.04.2002,40.49
,11.04.2002,25.60
,12.04.2002,20.95
,13.04.2002,36.25
,14.04.2002,28.12
,15.04.2002,20.56
,16.04.2002,16.20
,17.04.2002,13.48
,18.04.2002,11.69
,19.04.2002,10.34
,20.04.2002,11.69
,21.04.2002,13.85
,22.04.2002,15.46
,23.04.2002,12.12
,24.04.2002,10.19
,25.04.2002,9.23
,26.04.2002,8.16
,27.04.2002,7.70
,28.04.2002,13.00
,29.04.2002,11.78
,30.04.2002,9.63
,01.05.2002,8.47
,02.05.2002,11.72
,03.05.2002,10.68
,04.05.2002,8.72
,05.05.2002,7.79
,06.05.2002,7.31
,07.05.2002,7.50
,08.05.2002,9.85
,09.05.2002,23.42
,10.05.2002,21.41
,11.05.2002,14.89
,12.05.2002,46.44
,13.05.2002,71.92
,14.05.2002,42.48
,15.05.2002,26.14
,16.05.2002,18.86
,17.05.2002,15.72
,18.05.2002,13.96
,19.05.2002,11.19
,20.05.2002,9.40
,21.05.2002,8.18
,22.05.2002,7.22
,23.05.2002,6.54
,24.05.2002,5.97
,25.05.2002,5.52
,26.05.2002,7.11
,27.05.2002,6.03
,28.05.2002,5.21
,29.05.2002,5.64
,30.05.2002,5.55
,31.05.2002,4.90
,01.06.2002,4.39
,02.06.2002,3.94
,03.06.2002,4.22
,04.06.2002,5.89
,05.06.2002,5.44
,06.06.2002,6.09
,07.06.2002,4.87
,08.06.2002,4.13
,09.06.2002,3.65
,10.06.2002,3.37
,11.06.2002,3.11
,12.06.2002,2.92
,13.06.2002,2.72
,14.06.2002,2.69
,15.06.2002,3.00
,16.06.2002,2.49
,17.06.2002,2.32
,18.06.2002,2.46
,19.06.2002,2.27
,20.06.2002,2.07
,21.06.2002,2.29
,22.06.2002,2.58
,23.06.2002,2.15
,24.06.2002,1.98
,25.06.2002,1.93
,26.06.2002,9.26
,27.06.2002,6.17
,28.06.2002,4.05
,29.06.2002,3.06
,30.06.2002,2.58
,01.07.2002,2.32
,02.07.2002,2.27
,03.07.2002,2.18
,04.07.2002,1.90
,05.07.2002,1.70
,06.07.2002,1.61
,07.07.2002,1.53
,08.07.2002,1.44
,09.07.2002,1.87
,10.07.2002,2.72
,11.07.2002,1.98
,12.07.2002,1.64
,13.07.2002,1.50
,14.07.2002,1.39
,15.07.2002,1.36
,16.07.2002,1.33
,17.07.2002,1.30
,18.07.2002,1.30
,19.07.2002,1.25
,20.07.2002,2.35
,21.07.2002,1.50
,22.07.2002,1.36
,23.07.2002,1.30
,24.07.2002,1.22
,25.07.2002,1.13
,26.07.2002,1.13
,27.07.2002,1.70
,28.07.2002,2.63
,29.07.2002,3.03
,30.07.2002,3.88
,31.07.2002,2.32
,01.08.2002,1.70
,02.08.2002,1.47
,03.08.2002,1.36
,04.08.2002,1.19
,05.08.2002,1.13
,06.08.2002,1.13
,07.08.2002,1.08
,08.08.2002,1.02
,09.08.2002,0.96
,10.08.2002,0.96
,11.08.2002,0.88
,12.08.2002,0.88
,13.08.2002,0.93
,14.08.2002,1.22
,15.08.2002,1.42
,16.08.2002,1.19
,17.08.2002,1.22
,18.08.2002,1.10
,19.08.2002,1.90
,20.08.2002,1.78
,21.08.2002,1.30
,22.08.2002,1.13
,23.08.2002,2.10
,24.08.2002,1.87
,25.08.2002,1.39
,26.08.2002,1.22
,27.08.2002,1.10
,28.08.2002,0.96
,29.08.2002,0.93
,30.08.2002,0.91
,31.08.2002,0.88
,01.09.2002,0.79
,02.09.2002,0.76
,03.09.2002,0.74
,04.09.2002,0.76
,05.09.2002,0.76
,06.09.2002,0.76
,07.09.2002,0.74
,08.09.2002,0.68
,09.09.2002,0.65
,10.09.2002,0.71
,11.09.2002,0.65
,12.09.2002,0.62
,13.09.2002,0.65
,14.09.2002,0.65
,15.09.2002,0.59
,16.09.2002,0.71
,17.09.2002,0.65
,18.09.2002,0.68
,19.09.2002,0.85
,20.09.2002,1.44
,21.09.2002,2.27
,22.09.2002,1.22
,23.09.2002,0.93
,24.09.2002,0.85
,25.09.2002,0.76
,26.09.2002,0.76
,27.09.2002,1.42
,28.09.2002,1.50
,29.09.2002,0.99
,30.09.2002,0.88
,01.10.2002,0.85
,02.10.2002,0.76
,03.10.2002,0.76
,04.10.2002,0.79
,05.10.2002,1.22
,06.10.2002,0.85
,07.10.2002,0.82
,08.10.2002,0.85
,09.10.2002,0.79
,10.10.2002,0.79
,11.10.2002,0.76
,12.10.2002,0.74
,13.10.2002,0.71
,14.10.2002,0.65
,15.10.2002,0.74
,16.10.2002,0.71
,17.10.2002,0.71
,18.10.2002,0.79
,19.10.2002,1.56
,20.10.2002,1.30
,21.10.2002,0.96
,22.10.2002,0.93
,23.10.2002,0.85
,24.10.2002,0.76
,25.10.2002,0.85
,26.10.2002,1.33
,27.10.2002,1.02
,28.10.2002,0.88
,29.10.2002,0.91
,30.10.2002,1.27
,31.10.2002,1.13
,01.11.2002,1.02
,02.11.2002,0.93
,03.11.2002,0.88
,04.11.2002,0.85
,05.11.2002,0.96
,06.11.2002,1.33
,07.11.2002,1.13
,08.11.2002,1.05
,09.11.2002,1.02
,10.11.2002,2.27
,11.11.2002,3.68
,12.11.2002,2.18
,13.11.2002,1.64
,14.11.2002,1.36
,15.11.2002,1.27
,16.11.2002,1.27
,17.11.2002,1.10
,18.11.2002,1.08
,19.11.2002,1.16
,20.11.2002,1.27
,21.11.2002,1.22
,22.11.2002,2.55
,23.11.2002,2.29
,24.11.2002,1.73
,25.11.2002,1.50
,26.11.2002,1.42
,27.11.2002,1.33
,28.11.2002,1.22
,29.11.2002,1.13
,30.11.2002,1.16
,01.12.2002,1.22
,02.12.2002,1.19
,03.12.2002,1.16
,04.12.2002,1.10
,05.12.2002,1.08
,06.12.2002,1.08
,07.12.2002,0.99
,08.12.2002,0.96
,09.12.2002,0.96
,10.12.2002,0.93
,11.12.2002,0.93
,12.12.2002,0.93
,13.12.2002,0.93
,14.12.2002,0.96
,15.12.2002,0.93
,16.12.2002,0.93
,17.12.2002,0.96
,18.12.2002,1.02
,19.12.2002,1.81
,20.12.2002,4.25
,21.12.2002,4.19
,22.12.2002,2.75
,23.12.2002,2.01
,24.12.2002,1.67
,25.12.2002,1.93
,26.12.2002,1.59
,27.12.2002,1.47
,28.12.2002,1.27
,29.12.2002,1.19
,30.12.2002,1.27
,31.12.2002,6.60
,01.01.2003,7.02
,02.01.2003,4.28
,03.01.2003,3.09
,04.01.2003,2.72
,05.01.2003,2.24
,06.01.2003,2.07
,07.01.2003,1.76
,08.01.2003,1.90
,09.01.2003,2.07
,10.01.2003,2.63
,11.01.2003,2.38
,12.01.2003,2.18
,13.01.2003,1.93
,14.01.2003,1.70
,15.01.2003,1.61
,16.01.2003,1.53
,17.01.2003,1.47
,18.01.2003,1.42
,19.01.2003,1.42
,20.01.2003,1.47
,21.01.2003,1.42
,22.01.2003,1.27
,23.01.2003,1.19
,24.01.2003,1.13
,25.01.2003,1.08
,26.01.2003,1.10
,27.01.2003,1.05
,28.01.2003,1.08
,29.01.2003,1.13
,30.01.2003,1.19
,31.01.2003,1.16
,01.02.2003,1.27
,02.02.2003,1.47
,03.02.2003,1.73
,04.02.2003,7.84
,05.02.2003,4.81
,06.02.2003,4.53
,07.02.2003,3.40
,08.02.2003,2.55
,09.02.2003,1.93
,10.02.2003,1.73
,11.02.2003,1.64
,12.02.2003,1.50
,13.02.2003,1.42
,14.02.2003,1.30
,15.02.2003,1.25
,16.02.2003,1.13
,17.02.2003,1.22
,18.02.2003,1.25
,19.02.2003,1.27
,20.02.2003,1.25
,21.02.2003,1.27
,22.02.2003,1.47
,23.02.2003,1.70
,24.02.2003,1.47
,25.02.2003,1.36
,26.02.2003,1.30
,27.02.2003,1.22
,28.02.2003,1.19
,01.03.2003,1.19
,02.03.2003,1.16
,03.03.2003,1.16
,04.03.2003,1.16
,05.03.2003,1.76
,06.03.2003,2.49
,07.03.2003,2.41
,08.03.2003,2.83
,09.03.2003,19.62
,10.03.2003,14.36
,11.03.2003,10.45
,12.03.2003,8.64
,13.03.2003,28.60
,14.03.2003,42.19
,15.03.2003,26.14
,16.03.2003,20.08
,17.03.2003,16.54
,18.03.2003,13.82
,19.03.2003,11.38
,20.03.2003,11.61
,21.03.2003,20.02
,22.03.2003,14.72
,23.03.2003,10.42
,24.03.2003,8.33
,25.03.2003,7.56
,26.03.2003,8.44
,27.03.2003,7.14
,28.03.2003,6.29
,29.03.2003,30.30
,30.03.2003,28.12
,31.03.2003,19.74
,01.04.2003,14.27
,02.04.2003,11.24
,03.04.2003,9.00
,04.04.2003,9.46
,05.04.2003,45.31
,06.04.2003,40.49
,07.04.2003,26.05
,08.04.2003,25.54
,09.04.2003,20.33
,10.04.2003,16.51
,11.04.2003,13.42
,12.04.2003,10.79
,13.04.2003,8.92
,14.04.2003,7.33
,15.04.2003,6.54
,16.04.2003,5.89
,17.04.2003,5.13
,18.04.2003,4.93
,19.04.2003,4.47
,20.04.2003,4.08
,21.04.2003,3.96
,22.04.2003,3.82
,23.04.2003,3.45
,24.04.2003,3.14
,25.04.2003,2.97
,26.04.2003,2.97
,27.04.2003,2.66
,28.04.2003,2.46
,29.04.2003,2.38
,30.04.2003,2.35
,01.05.2003,7.45
,02.05.2003,9.15
,03.05.2003,6.97
,04.05.2003,5.15
,05.05.2003,33.70
,06.05.2003,42.48
,07.05.2003,23.62
,08.05.2003,16.23
,09.05.2003,41.34
,10.05.2003,81.27
,11.05.2003,77.30
,12.05.2003,53.52
,13.05.2003,42.19
,14.05.2003,26.56
,15.05.2003,25.97
,16.05.2003,22.54
,17.05.2003,16.57
,18.05.2003,12.91
,19.05.2003,10.45
,20.05.2003,9.00
,21.05.2003,7.73
,22.05.2003,6.60
,23.05.2003,5.69
,24.05.2003,4.96
,25.05.2003,4.36
,26.05.2003,3.79
,27.05.2003,3.40
,28.05.2003,3.11
,29.05.2003,2.89
,30.05.2003,2.61
,31.05.2003,3.14
,01.06.2003,3.23
,02.06.2003,2.80
,03.06.2003,2.80
,04.06.2003,2.69
,05.06.2003,2.52
,06.06.2003,2.29
,07.06.2003,2.18
,08.06.2003,2.07
,09.06.2003,1.98
,10.06.2003,1.81
,11.06.2003,1.81
,12.06.2003,4.73
,13.06.2003,9.17
,14.06.2003,7.48
,15.06.2003,5.52
,16.06.2003,4.05
,17.06.2003,4.64
,18.06.2003,7.50
,19.06.2003,5.64
,20.06.2003,4.36
,21.06.2003,3.06
,22.06.2003,2.41
,23.06.2003,1.95
,24.06.2003,1.73
,25.06.2003,1.47
,26.06.2003,1.30
,27.06.2003,1.25
,28.06.2003,1.16
,29.06.2003,1.08
,30.06.2003,0.99
,01.07.2003,0.91
,02.07.2003,0.82
,03.07.2003,0.71
,04.07.2003,0.82
,05.07.2003,4.33
,06.07.2003,2.80
,07.07.2003,7.79
,08.07.2003,12.49
,09.07.2003,20.19
,10.07.2003,14.95
,11.07.2003,8.69
,12.07.2003,5.69
,13.07.2003,3.91
,14.07.2003,2.86
,15.07.2003,2.29
,16.07.2003,1.98
,17.07.2003,1.64
,18.07.2003,1.36
,19.07.2003,1.16
,20.07.2003,0.96
,21.07.2003,12.97
,22.07.2003,16.20
,23.07.2003,21.66
,24.07.2003,13.25
,25.07.2003,7.56
,26.07.2003,4.84
,27.07.2003,4.84
,28.07.2003,31.71
,29.07.2003,17.73
,30.07.2003,9.85
,31.07.2003,6.43
,01.08.2003,5.07
,02.08.2003,24.15
,03.08.2003,27.72
,04.08.2003,19.03
,05.08.2003,25.03
,06.08.2003,15.80
,07.08.2003,9.97
,08.08.2003,7.11
,09.08.2003,5.52
,10.08.2003,4.50
,11.08.2003,3.74
,12.08.2003,3.51
,13.08.2003,3.74
,14.08.2003,3.37
,15.08.2003,2.89
,16.08.2003,2.44
,17.08.2003,1.98
,18.08.2003,1.64
,19.08.2003,1.44
,20.08.2003,1.27
,21.08.2003,1.16
,22.08.2003,1.98
,23.08.2003,1.73
,24.08.2003,1.27
,25.08.2003,1.08
,26.08.2003,1.44
,27.08.2003,4.53
,28.08.2003,2.24
,29.08.2003,3.23
,30.08.2003,5.01
,31.08.2003,2.80
,01.09.2003,38.79
,02.09.2003,74.19
,03.09.2003,62.86
,04.09.2003,33.70
,05.09.2003,21.78
,06.09.2003,14.58
,07.09.2003,10.36
,08.09.2003,7.84
,09.09.2003,6.20
,10.09.2003,5.01
,11.09.2003,4.11
,12.09.2003,3.40
,13.09.2003,2.86
,14.09.2003,2.46
,15.09.2003,2.46
,16.09.2003,2.21
,17.09.2003,1.81
,18.09.2003,1.53
,19.09.2003,1.33
,20.09.2003,1.16
,21.09.2003,1.05
,22.09.2003,3.96
,23.09.2003,7.70
,24.09.2003,4.84
,25.09.2003,18.97
,26.09.2003,14.33
,27.09.2003,37.94
,28.09.2003,32.56
,29.09.2003,19.17
,30.09.2003,12.40
,01.10.2003,8.81
,02.10.2003,6.85
,03.10.2003,5.61
,04.10.2003,5.44
,05.10.2003,5.01
,06.10.2003,4.28
,07.10.2003,3.74
,08.10.2003,3.28
,09.10.2003,2.92
,10.10.2003,2.61
,11.10.2003,2.35
,12.10.2003,2.01
,13.10.2003,1.84
,14.10.2003,2.97
,15.10.2003,19.26
,16.10.2003,13.39
,17.10.2003,8.66
,18.10.2003,6.34
,19.10.2003,5.15
,20.10.2003,4.30
,21.10.2003,3.77
,22.10.2003,3.28
,23.10.2003,2.97
,24.10.2003,2.75
,25.10.2003,2.75
,26.10.2003,3.40
,27.10.2003,3.62
,28.10.2003,3.54
,29.10.2003,3.57
,30.10.2003,3.26
,31.10.2003,2.97
,01.11.2003,2.92
,02.11.2003,2.83
,03.11.2003,3.17
,04.11.2003,2.66
,05.11.2003,2.61
,06.11.2003,2.66
,07.11.2003,2.46
,08.11.2003,2.24
,09.11.2003,2.10
,10.11.2003,1.93
,11.11.2003,2.07
,12.11.2003,2.24
,13.11.2003,1.98
,14.11.2003,1.76
,15.11.2003,1.84
,16.11.2003,1.90
,17.11.2003,1.81
,18.11.2003,2.86
,19.11.2003,32.00
,20.11.2003,25.37
,21.11.2003,14.67
,22.11.2003,9.85
,23.11.2003,7.48
,24.11.2003,15.40
,25.11.2003,17.67
,26.11.2003,10.59
,27.11.2003,8.44
,28.11.2003,8.75
,29.11.2003,12.77
,30.11.2003,10.56
,01.12.2003,12.12
,02.12.2003,8.95
,03.12.2003,6.97
,04.12.2003,5.86
,05.12.2003,5.64
,06.12.2003,6.82
,07.12.2003,6.68
,08.12.2003,5.89
,09.12.2003,6.06
,10.12.2003,16.28
,11.12.2003,33.98
,12.12.2003,20.73
,13.12.2003,12.37
,14.12.2003,8.98
,15.12.2003,7.25
,16.12.2003,6.43
,17.12.2003,6.57
,18.12.2003,5.75
,19.12.2003,5.13
,20.12.2003,4.56
,21.12.2003,4.02
,22.12.2003,4.05
,23.12.2003,24.61
,24.12.2003,53.24
,25.12.2003,31.71
,26.12.2003,20.25
,27.12.2003,14.84
,28.12.2003,11.89
,29.12.2003,13.90
,30.12.2003,30.30
,31.12.2003,21.35
,01.01.2004,15.38
,02.01.2004,13.56
,03.01.2004,13.76
,04.01.2004,13.79
,05.01.2004,15.35
,06.01.2004,11.72
,07.01.2004,10.25
,08.01.2004,9.12
,09.01.2004,8.24
,10.01.2004,7.22
,11.01.2004,6.46
,12.01.2004,6.40
,13.01.2004,6.29
,14.01.2004,5.97
,15.01.2004,5.47
,16.01.2004,4.96
,17.01.2004,4.79
,18.01.2004,4.67
,19.01.2004,4.08
,20.01.2004,3.71
,21.01.2004,3.48
,22.01.2004,3.31
,23.01.2004,3.23
,24.01.2004,3.17
,25.01.2004,3.14
,26.01.2004,3.11
,27.01.2004,3.11
,28.01.2004,3.11
,29.01.2004,3.11
,30.01.2004,3.11
,31.01.2004,3.09
,01.02.2004,3.09
,02.02.2004,3.06
,03.02.2004,3.06
,04.02.2004,3.06
,05.02.2004,3.03
,06.02.2004,3.00
,07.02.2004,3.00
,08.02.2004,2.94
,09.02.2004,2.89
,10.02.2004,2.78
,11.02.2004,2.66
,12.02.2004,2.58
,13.02.2004,2.52
,14.02.2004,2.44
,15.02.2004,2.41
,16.02.2004,2.35
,17.02.2004,2.32
,18.02.2004,2.38
,19.02.2004,2.41
,20.02.2004,3.34
,21.02.2004,18.92
,22.02.2004,14.70
,23.02.2004,21.04
,24.02.2004,17.58
,25.02.2004,13.73
,26.02.2004,18.86
,27.02.2004,19.09
,28.02.2004,21.18
,29.02.2004,21.44
,01.03.2004,27.47
,02.03.2004,40.49
,03.03.2004,28.88
,04.03.2004,22.48
,05.03.2004,54.93
,06.03.2004,53.24
,07.03.2004,30.02
,08.03.2004,21.27
,09.03.2004,16.74
,10.03.2004,13.39
,11.03.2004,11.44
,12.03.2004,9.77
,13.03.2004,8.16
,14.03.2004,7.59
,15.03.2004,7.31
,16.03.2004,6.82
,17.03.2004,6.71
,18.03.2004,6.51
,19.03.2004,6.80
,20.03.2004,7.08
,21.03.2004,8.55
,22.03.2004,7.39
,23.03.2004,6.54
,24.03.2004,6.17
,25.03.2004,6.14
,26.03.2004,7.05
,27.03.2004,10.17
,28.03.2004,9.03
,29.03.2004,8.01
,30.03.2004,7.45
,31.03.2004,6.77
,01.04.2004,6.03
,02.04.2004,5.47
,03.04.2004,5.04
,04.04.2004,4.64
,05.04.2004,4.25
,06.04.2004,4.02
,07.04.2004,3.96
,08.04.2004,3.82
,09.04.2004,3.62
,10.04.2004,3.37
,11.04.2004,3.20
,12.04.2004,3.09
,13.04.2004,3.03
,14.04.2004,2.92
,15.04.2004,2.75
,16.04.2004,3.06
,17.04.2004,2.80
,18.04.2004,2.52
,19.04.2004,2.41
,20.04.2004,2.32
,21.04.2004,2.46
,22.04.2004,2.49
,23.04.2004,2.35
,24.04.2004,2.21
,25.04.2004,2.10
,26.04.2004,2.07
,27.04.2004,1.93
,28.04.2004,1.81
,29.04.2004,1.76
,30.04.2004,1.67
,01.05.2004,2.46
,02.05.2004,4.96
,03.05.2004,4.81
,04.05.2004,3.48
,05.05.2004,2.89
,06.05.2004,2.41
,07.05.2004,3.85
,08.05.2004,7.45
,09.05.2004,4.36
,10.05.2004,6.34
,11.05.2004,8.35
,12.05.2004,13.11
,13.05.2004,9.63
,14.05.2004,6.71
,15.05.2004,6.99
,16.05.2004,5.30
,17.05.2004,4.19
,18.05.2004,4.87
,19.05.2004,6.23
,20.05.2004,4.84
,21.05.2004,10.08
,22.05.2004,39.64
,23.05.2004,23.70
,24.05.2004,48.99
,25.05.2004,28.32
,26.05.2004,16.93
,27.05.2004,11.58
,28.05.2004,8.69
,29.05.2004,6.63
,30.05.2004,8.95
,31.05.2004,65.41
,01.06.2004,52.95
,02.06.2004,26.31
,03.06.2004,16.59
,04.06.2004,11.69
,05.06.2004,8.86
,06.06.2004,7.16
,07.06.2004,6.00
,08.06.2004,5.18
,09.06.2004,4.79
,10.06.2004,9.20
,11.06.2004,22.57
,12.06.2004,62.01
,13.06.2004,99.39
,14.06.2004,71.08
,15.06.2004,55.22
,16.06.2004,35.40
,17.06.2004,28.32
,18.06.2004,21.49
,19.06.2004,15.77
,20.06.2004,12.15
,21.06.2004,10.00
,22.06.2004,8.66
,23.06.2004,7.48
,24.06.2004,6.48
,25.06.2004,5.86
,26.06.2004,5.30
,27.06.2004,4.70
,28.06.2004,4.33
,29.06.2004,4.02
,30.06.2004,3.71
,01.07.2004,3.43
