@T,Climate,
descr,relative humidity,  
unit,%,  
 missing_value,-9999, 
 date_start,01.01.2000,   
 date_end,31.12.2013,   
 date_format,dd.MM.yyyy,  
,,
@H,date,rehum[1]
name,,Drake
ID,,1
elevation,,1572
x,,512701
y,,4495474
,01.01.2000,61.07
,02.01.2000,52.71
,03.01.2000,42.6
,04.01.2000,60.78
,05.01.2000,62.9
,06.01.2000,77.23
,07.01.2000,38.64
,08.01.2000,28.9
,09.01.2000,47.69
,10.01.2000,65.6
,11.01.2000,63.23
,12.01.2000,62.33
,13.01.2000,49.56
,14.01.2000,72.43
,15.01.2000,70.43
,16.01.2000,51.36
,17.01.2000,72.34
,18.01.2000,58.35
,19.01.2000,30.72
,20.01.2000,26.13
,21.01.2000,83.77
,22.01.2000,99
,23.01.2000,87.03
,24.01.2000,79.56
,25.01.2000,51.86
,26.01.2000,58.13
,27.01.2000,38.96
,28.01.2000,74.35
,29.01.2000,76.06
,30.01.2000,55.69
,31.01.2000,61.48
,01.02.2000,24.95
,02.02.2000,71.03
,03.02.2000,74.66
,04.02.2000,74.43
,05.02.2000,90.73
,06.02.2000,81.77
,07.02.2000,69.02
,08.02.2000,61.85
,09.02.2000,78.52
,10.02.2000,52.39
,11.02.2000,73.34
,12.02.2000,60.39
,13.02.2000,62.33
,14.02.2000,67.92
,15.02.2000,90.16
,16.02.2000,82.31
,17.02.2000,31.97
,18.02.2000,52.49
,19.02.2000,69.86
,20.02.2000,42.99
,21.02.2000,49.93
,22.02.2000,75.77
,23.02.2000,89.35
,24.02.2000,83.99
,25.02.2000,85.44
,26.02.2000,89.55
,27.02.2000,96.34
,28.02.2000,95.13
,29.02.2000,87.8
,01.03.2000,80.46
,02.03.2000,70.62
,03.03.2000,49.64
,04.03.2000,90.79
,05.03.2000,71.79
,06.03.2000,43.54
,07.03.2000,56.2
,08.03.2000,49.65
,09.03.2000,54.16
,10.03.2000,40.17
,11.03.2000,36.46
,12.03.2000,34.81
,13.03.2000,31.79
,14.03.2000,25.55
,15.03.2000,22.7
,16.03.2000,37.03
,17.03.2000,85.59
,18.03.2000,99
,19.03.2000,93.34
,20.03.2000,83.15
,21.03.2000,82.7
,22.03.2000,59.06
,23.03.2000,52.86
,24.03.2000,93.86
,25.03.2000,63
,26.03.2000,58.52
,27.03.2000,66.17
,28.03.2000,56.04
,29.03.2000,59.94
,30.03.2000,53.68
,31.03.2000,38.07
,01.04.2000,24.75
,02.04.2000,24.32
,03.04.2000,49.33
,04.04.2000,36.96
,05.04.2000,84.58
,06.04.2000,97.48
,07.04.2000,86.69
,08.04.2000,66.03
,09.04.2000,36.21
,10.04.2000,25.21
,11.04.2000,43.48
,12.04.2000,29.63
,13.04.2000,22.04
,14.04.2000,22.75
,15.04.2000,49.95
,16.04.2000,46.77
,17.04.2000,68.77
,18.04.2000,66.97
,19.04.2000,68.7
,20.04.2000,56.9
,21.04.2000,62.49
,22.04.2000,74.55
,23.04.2000,98.7
,24.04.2000,97.68
,25.04.2000,94.41
,26.04.2000,69.32
,27.04.2000,55.73
,28.04.2000,84.26
,29.04.2000,85.16
,30.04.2000,82.97
,01.05.2000,79.2
,02.05.2000,70.64
,03.05.2000,53.97
,04.05.2000,42.88
,05.05.2000,39.73
,06.05.2000,58.9
,07.05.2000,66.65
,08.05.2000,86.14
,09.05.2000,93.43
,10.05.2000,95.11
,11.05.2000,83.15
,12.05.2000,64.98
,13.05.2000,46.22
,14.05.2000,46.86
,15.05.2000,70.26
,16.05.2000,68.77
,17.05.2000,56.24
,18.05.2000,59.78
,19.05.2000,66.69
,20.05.2000,60.53
,21.05.2000,52.75
,22.05.2000,51.53
,23.05.2000,75.45
,24.05.2000,81.7
,25.05.2000,85.67
,26.05.2000,83.78
,27.05.2000,68.63
,28.05.2000,72.05
,29.05.2000,43.1
,30.05.2000,59.94
,31.05.2000,90.53
,01.06.2000,72.6
,02.06.2000,73.46
,03.06.2000,83.12
,04.06.2000,95.84
,05.06.2000,81.21
,06.06.2000,85.18
,07.06.2000,69.78
,08.06.2000,61.53
,09.06.2000,65.54
,10.06.2000,74.28
,11.06.2000,57.56
,12.06.2000,58.48
,13.06.2000,76.16
,14.06.2000,68.39
,15.06.2000,63.06
,16.06.2000,64.4
,17.06.2000,81.92
,18.06.2000,87.93
,19.06.2000,83.4
,20.06.2000,79.33
,21.06.2000,53.03
,22.06.2000,57.67
,23.06.2000,66.53
,24.06.2000,86.26
,25.06.2000,73.66
,26.06.2000,49.81
,27.06.2000,41.78
,28.06.2000,52.01
,29.06.2000,82.16
,30.06.2000,63.07
,01.07.2000,46.17
,02.07.2000,26.62
,03.07.2000,22.22
,04.07.2000,20.21
,05.07.2000,22.2
,06.07.2000,27.06
,07.07.2000,49.9
,08.07.2000,36.13
,09.07.2000,37.31
,10.07.2000,30.21
,11.07.2000,42.42
,12.07.2000,52.48
,13.07.2000,33.03
,14.07.2000,22.87
,15.07.2000,46.76
,16.07.2000,34.94
,17.07.2000,29.67
,18.07.2000,42.91
,19.07.2000,58.53
,20.07.2000,47.63
,21.07.2000,35.29
,22.07.2000,59.31
,23.07.2000,50.13
,24.07.2000,30
,25.07.2000,32.07
,26.07.2000,46.57
,27.07.2000,62.78
,28.07.2000,75.23
,29.07.2000,70.93
,30.07.2000,61.05
,31.07.2000,46.41
,01.08.2000,34.21
,02.08.2000,39.23
,03.08.2000,56.59
,04.08.2000,52.91
,05.08.2000,68.44
,06.08.2000,62.53
,07.08.2000,58.41
,08.08.2000,53.1
,09.08.2000,51.22
,10.08.2000,39.69
,11.08.2000,18.93
,12.08.2000,59.93
,13.08.2000,57.17
,14.08.2000,29.14
,15.08.2000,52.6
,16.08.2000,36.55
,17.08.2000,33.09
,18.08.2000,31.36
,19.08.2000,48.02
,20.08.2000,56.17
,21.08.2000,46.35
,22.08.2000,56.78
,23.08.2000,46.68
,24.08.2000,68.61
,25.08.2000,54.2
,26.08.2000,45.76
,27.08.2000,76.09
,28.08.2000,79.71
,29.08.2000,79.58
,30.08.2000,59.75
,31.08.2000,47.35
,01.09.2000,26.63
,02.09.2000,34.42
,03.09.2000,47.03
,04.09.2000,35.22
,05.09.2000,23.91
,06.09.2000,31.46
,07.09.2000,42.06
,08.09.2000,57.16
,09.09.2000,80.15
,10.09.2000,88.5
,11.09.2000,84.4
,12.09.2000,82.73
,13.09.2000,80.28
,14.09.2000,49.91
,15.09.2000,46.87
,16.09.2000,40.05
,17.09.2000,43.99
,18.09.2000,52.13
,19.09.2000,53.78
,20.09.2000,42.38
,21.09.2000,65.71
,22.09.2000,55.95
,23.09.2000,46.71
,24.09.2000,45.64
,25.09.2000,70.33
,26.09.2000,84.63
,27.09.2000,64.77
,28.09.2000,67.95
,29.09.2000,59.05
,30.09.2000,30.61
,01.10.2000,63.65
,02.10.2000,97.12
,03.10.2000,89.49
,04.10.2000,63.95
,05.10.2000,55.22
,06.10.2000,69.51
,07.10.2000,55.03
,08.10.2000,51.25
,09.10.2000,66.69
,10.10.2000,31.15
,11.10.2000,34.38
,12.10.2000,69.93
,13.10.2000,50.65
,14.10.2000,36.11
,15.10.2000,40.78
,16.10.2000,44.46
,17.10.2000,43.47
,18.10.2000,29.48
,19.10.2000,50.29
,20.10.2000,25.61
,21.10.2000,57.03
,22.10.2000,90.59
,23.10.2000,99
,24.10.2000,99
,25.10.2000,76.23
,26.10.2000,71.07
,27.10.2000,95.77
,28.10.2000,76.68
,29.10.2000,96.24
,30.10.2000,93.33
,31.10.2000,99
,01.11.2000,99
,02.11.2000,98.93
,03.11.2000,76.48
,04.11.2000,76.35
,05.11.2000,65.93
,06.11.2000,65.62
,07.11.2000,50.19
,08.11.2000,50.79
,09.11.2000,58.28
,10.11.2000,41.61
,11.11.2000,58.73
,12.11.2000,54.44
,13.11.2000,55.55
,14.11.2000,74.97
,15.11.2000,65.98
,16.11.2000,56.88
,17.11.2000,31.36
,18.11.2000,45.79
,19.11.2000,33.03
,20.11.2000,48.96
,21.11.2000,55.29
,22.11.2000,45.18
,23.11.2000,69.95
,24.11.2000,96.23
,25.11.2000,90.15
,26.11.2000,88.08
,27.11.2000,73.4
,28.11.2000,66.85
,29.11.2000,61.48
,30.11.2000,67.43
,01.12.2000,61.22
,02.12.2000,60.53
,03.12.2000,97.83
,04.12.2000,98.3
,05.12.2000,83.04
,06.12.2000,58.88
,07.12.2000,61.28
,08.12.2000,69.94
,09.12.2000,57.95
,10.12.2000,32.76
,11.12.2000,42.52
,12.12.2000,52.82
,13.12.2000,42.83
,14.12.2000,46.27
,15.12.2000,47.93
,16.12.2000,51.17
,17.12.2000,54.37
,18.12.2000,73.01
,19.12.2000,46.16
,20.12.2000,48.61
,21.12.2000,56.89
,22.12.2000,67.16
,23.12.2000,74.42
,24.12.2000,84.73
,25.12.2000,71.2
,26.12.2000,52.66
,27.12.2000,39.78
,28.12.2000,46.98
,29.12.2000,36.7
,30.12.2000,37.73
,31.12.2000,44.85
,01.01.2001,61.07
,02.01.2001,52.71
,03.01.2001,42.6
,04.01.2001,60.78
,05.01.2001,62.9
,06.01.2001,77.23
,07.01.2001,38.64
,08.01.2001,28.9
,09.01.2001,47.69
,10.01.2001,65.6
,11.01.2001,63.23
,12.01.2001,62.33
,13.01.2001,49.56
,14.01.2001,72.43
,15.01.2001,70.43
,16.01.2001,51.36
,17.01.2001,72.34
,18.01.2001,58.35
,19.01.2001,30.72
,20.01.2001,26.13
,21.01.2001,83.77
,22.01.2001,99
,23.01.2001,87.03
,24.01.2001,79.56
,25.01.2001,51.86
,26.01.2001,58.13
,27.01.2001,38.96
,28.01.2001,74.35
,29.01.2001,76.06
,30.01.2001,55.69
,31.01.2001,61.48
,01.02.2001,24.95
,02.02.2001,71.03
,03.02.2001,74.66
,04.02.2001,74.43
,05.02.2001,90.73
,06.02.2001,81.77
,07.02.2001,69.02
,08.02.2001,61.85
,09.02.2001,78.52
,10.02.2001,52.39
,11.02.2001,73.34
,12.02.2001,60.39
,13.02.2001,62.33
,14.02.2001,67.92
,15.02.2001,90.16
,16.02.2001,82.31
,17.02.2001,31.97
,18.02.2001,52.49
,19.02.2001,69.86
,20.02.2001,42.99
,21.02.2001,49.93
,22.02.2001,75.77
,23.02.2001,89.35
,24.02.2001,83.99
,25.02.2001,85.44
,26.02.2001,89.55
,27.02.2001,96.34
,28.02.2001,95.13
,01.03.2001,80.46
,02.03.2001,70.62
,03.03.2001,49.64
,04.03.2001,90.79
,05.03.2001,71.79
,06.03.2001,43.54
,07.03.2001,56.2
,08.03.2001,49.65
,09.03.2001,54.16
,10.03.2001,40.17
,11.03.2001,36.46
,12.03.2001,34.81
,13.03.2001,31.79
,14.03.2001,25.55
,15.03.2001,22.7
,16.03.2001,37.03
,17.03.2001,85.59
,18.03.2001,99
,19.03.2001,93.34
,20.03.2001,83.15
,21.03.2001,82.7
,22.03.2001,59.06
,23.03.2001,52.86
,24.03.2001,93.86
,25.03.2001,63
,26.03.2001,58.52
,27.03.2001,66.17
,28.03.2001,56.04
,29.03.2001,59.94
,30.03.2001,53.68
,31.03.2001,38.07
,01.04.2001,24.75
,02.04.2001,24.32
,03.04.2001,49.33
,04.04.2001,36.96
,05.04.2001,84.58
,06.04.2001,97.48
,07.04.2001,86.69
,08.04.2001,66.03
,09.04.2001,36.21
,10.04.2001,25.21
,11.04.2001,43.48
,12.04.2001,29.63
,13.04.2001,22.04
,14.04.2001,22.75
,15.04.2001,49.95
,16.04.2001,46.77
,17.04.2001,68.77
,18.04.2001,66.97
,19.04.2001,68.7
,20.04.2001,56.9
,21.04.2001,62.49
,22.04.2001,74.55
,23.04.2001,98.7
,24.04.2001,97.68
,25.04.2001,94.41
,26.04.2001,69.32
,27.04.2001,55.73
,28.04.2001,84.26
,29.04.2001,85.16
,30.04.2001,82.97
,01.05.2001,79.2
,02.05.2001,70.64
,03.05.2001,53.97
,04.05.2001,42.88
,05.05.2001,39.73
,06.05.2001,58.9
,07.05.2001,66.65
,08.05.2001,86.14
,09.05.2001,93.43
,10.05.2001,95.11
,11.05.2001,83.15
,12.05.2001,64.98
,13.05.2001,46.22
,14.05.2001,46.86
,15.05.2001,70.26
,16.05.2001,68.77
,17.05.2001,56.24
,18.05.2001,59.78
,19.05.2001,66.69
,20.05.2001,60.53
,21.05.2001,52.75
,22.05.2001,51.53
,23.05.2001,75.45
,24.05.2001,81.7
,25.05.2001,85.67
,26.05.2001,83.78
,27.05.2001,68.63
,28.05.2001,72.05
,29.05.2001,43.1
,30.05.2001,59.94
,31.05.2001,90.53
,01.06.2001,72.6
,02.06.2001,73.46
,03.06.2001,83.12
,04.06.2001,95.84
,05.06.2001,81.21
,06.06.2001,85.18
,07.06.2001,69.78
,08.06.2001,61.53
,09.06.2001,65.54
,10.06.2001,74.28
,11.06.2001,57.56
,12.06.2001,58.48
,13.06.2001,76.16
,14.06.2001,68.39
,15.06.2001,63.06
,16.06.2001,64.4
,17.06.2001,81.92
,18.06.2001,87.93
,19.06.2001,83.4
,20.06.2001,79.33
,21.06.2001,53.03
,22.06.2001,57.67
,23.06.2001,66.53
,24.06.2001,86.26
,25.06.2001,73.66
,26.06.2001,49.81
,27.06.2001,41.78
,28.06.2001,52.01
,29.06.2001,82.16
,30.06.2001,63.07
,01.07.2001,46.17
,02.07.2001,26.62
,03.07.2001,22.22
,04.07.2001,20.21
,05.07.2001,22.2
,06.07.2001,27.06
,07.07.2001,49.9
,08.07.2001,36.13
,09.07.2001,37.31
,10.07.2001,30.21
,11.07.2001,42.42
,12.07.2001,52.48
,13.07.2001,33.03
,14.07.2001,22.87
,15.07.2001,46.76
,16.07.2001,34.94
,17.07.2001,29.67
,18.07.2001,42.91
,19.07.2001,58.53
,20.07.2001,47.63
,21.07.2001,35.29
,22.07.2001,59.31
,23.07.2001,50.13
,24.07.2001,30
,25.07.2001,32.07
,26.07.2001,46.57
,27.07.2001,62.78
,28.07.2001,75.23
,29.07.2001,70.93
,30.07.2001,61.05
,31.07.2001,46.41
,01.08.2001,34.21
,02.08.2001,39.23
,03.08.2001,56.59
,04.08.2001,52.91
,05.08.2001,68.44
,06.08.2001,62.53
,07.08.2001,58.41
,08.08.2001,53.1
,09.08.2001,51.22
,10.08.2001,39.69
,11.08.2001,18.93
,12.08.2001,59.93
,13.08.2001,57.17
,14.08.2001,29.14
,15.08.2001,52.6
,16.08.2001,36.55
,17.08.2001,33.09
,18.08.2001,31.36
,19.08.2001,48.02
,20.08.2001,56.17
,21.08.2001,46.35
,22.08.2001,56.78
,23.08.2001,46.68
,24.08.2001,68.61
,25.08.2001,54.2
,26.08.2001,45.76
,27.08.2001,76.09
,28.08.2001,79.71
,29.08.2001,79.58
,30.08.2001,59.75
,31.08.2001,47.35
,01.09.2001,26.63
,02.09.2001,34.42
,03.09.2001,47.03
,04.09.2001,35.22
,05.09.2001,23.91
,06.09.2001,31.46
,07.09.2001,42.06
,08.09.2001,57.16
,09.09.2001,80.15
,10.09.2001,88.5
,11.09.2001,84.4
,12.09.2001,82.73
,13.09.2001,80.28
,14.09.2001,49.91
,15.09.2001,46.87
,16.09.2001,40.05
,17.09.2001,43.99
,18.09.2001,52.13
,19.09.2001,53.78
,20.09.2001,42.38
,21.09.2001,65.71
,22.09.2001,55.95
,23.09.2001,46.71
,24.09.2001,45.64
,25.09.2001,70.33
,26.09.2001,84.63
,27.09.2001,64.77
,28.09.2001,67.95
,29.09.2001,59.05
,30.09.2001,30.61
,01.10.2001,63.65
,02.10.2001,97.12
,03.10.2001,89.49
,04.10.2001,63.95
,05.10.2001,55.22
,06.10.2001,69.51
,07.10.2001,55.03
,08.10.2001,51.25
,09.10.2001,66.69
,10.10.2001,31.15
,11.10.2001,34.38
,12.10.2001,69.93
,13.10.2001,50.65
,14.10.2001,36.11
,15.10.2001,40.78
,16.10.2001,44.46
,17.10.2001,43.47
,18.10.2001,29.48
,19.10.2001,50.29
,20.10.2001,25.61
,21.10.2001,57.03
,22.10.2001,90.59
,23.10.2001,99
,24.10.2001,99
,25.10.2001,76.23
,26.10.2001,71.07
,27.10.2001,95.77
,28.10.2001,76.68
,29.10.2001,96.24
,30.10.2001,93.33
,31.10.2001,99
,01.11.2001,99
,02.11.2001,98.93
,03.11.2001,76.48
,04.11.2001,76.35
,05.11.2001,65.93
,06.11.2001,65.62
,07.11.2001,50.19
,08.11.2001,50.79
,09.11.2001,58.28
,10.11.2001,41.61
,11.11.2001,58.73
,12.11.2001,54.44
,13.11.2001,55.55
,14.11.2001,74.97
,15.11.2001,65.98
,16.11.2001,56.88
,17.11.2001,31.36
,18.11.2001,45.79
,19.11.2001,33.03
,20.11.2001,48.96
,21.11.2001,55.29
,22.11.2001,45.18
,23.11.2001,69.95
,24.11.2001,96.23
,25.11.2001,90.15
,26.11.2001,88.08
,27.11.2001,73.4
,28.11.2001,66.85
,29.11.2001,61.48
,30.11.2001,67.43
,01.12.2001,61.22
,02.12.2001,60.53
,03.12.2001,97.83
,04.12.2001,98.3
,05.12.2000,83.04
,06.12.2001,58.88
,07.12.2001,61.28
,08.12.2001,69.94
,09.12.2001,57.95
,10.12.2001,32.76
,11.12.2001,42.52
,12.12.2001,52.82
,13.12.2001,42.83
,14.12.2001,46.27
,15.12.2001,47.93
,16.12.2001,51.17
,17.12.2001,54.37
,18.12.2001,73.01
,19.12.2001,46.16
,20.12.2001,48.61
,21.12.2001,56.89
,22.12.2001,67.16
,23.12.2001,74.42
,24.12.2001,84.73
,25.12.2001,71.2
,26.12.2001,52.66
,27.12.2001,39.78
,28.12.2001,46.98
,29.12.2001,36.7
,30.12.2001,37.73
,31.12.2001,44.85
,01.01.2002,61.07
,02.01.2002,52.71
,03.01.2002,42.6
,04.01.2002,60.78
,05.01.2002,62.9
,06.01.2002,77.23
,07.01.2002,38.64
,08.01.2002,28.9
,09.01.2002,47.69
,10.01.2002,65.6
,11.01.2002,63.23
,12.01.2002,62.33
,13.01.2002,49.56
,14.01.2002,72.43
,15.01.2002,70.43
,16.01.2002,51.36
,17.01.2002,72.34
,18.01.2002,58.35
,19.01.2002,30.72
,20.01.2002,26.13
,21.01.2002,83.77
,22.01.2002,99
,23.01.2002,87.03
,24.01.2002,79.56
,25.01.2002,51.86
,26.01.2002,58.13
,27.01.2002,38.96
,28.01.2002,74.35
,29.01.2002,76.06
,30.01.2002,55.69
,31.01.2002,61.48
,01.02.2002,24.95
,02.02.2002,71.03
,03.02.2002,74.66
,04.02.2002,74.43
,05.02.2002,90.73
,06.02.2002,81.77
,07.02.2002,69.02
,08.02.2002,61.85
,09.02.2002,78.52
,10.02.2002,52.39
,11.02.2002,73.34
,12.02.2002,60.39
,13.02.2002,62.33
,14.02.2002,67.92
,15.02.2002,90.16
,16.02.2002,82.31
,17.02.2002,31.97
,18.02.2002,52.49
,19.02.2002,69.86
,20.02.2002,42.99
,21.02.2002,49.93
,22.02.2002,75.77
,23.02.2002,89.35
,24.02.2002,83.99
,25.02.2002,85.44
,26.02.2002,89.55
,27.02.2002,96.34
,28.02.2002,95.13
,01.03.2002,80.46
,02.03.2002,70.62
,03.03.2002,49.64
,04.03.2002,90.79
,05.03.2002,71.79
,06.03.2002,43.54
,07.03.2002,56.2
,08.03.2002,49.65
,09.03.2002,54.16
,10.03.2002,40.17
,11.03.2002,36.46
,12.03.2002,34.81
,13.03.2002,31.79
,14.03.2002,25.55
,15.03.2002,22.7
,16.03.2002,37.03
,17.03.2002,85.59
,18.03.2002,99
,19.03.2002,93.34
,20.03.2002,83.15
,21.03.2002,82.7
,22.03.2002,59.06
,23.03.2002,52.86
,24.03.2002,93.86
,25.03.2002,63
,26.03.2002,58.52
,27.03.2002,66.17
,28.03.2002,56.04
,29.03.2002,59.94
,30.03.2002,53.68
,31.03.2002,38.07
,01.04.2002,24.75
,02.04.2002,24.32
,03.04.2002,49.33
,04.04.2002,36.96
,05.04.2002,84.58
,06.04.2002,97.48
,07.04.2002,86.69
,08.04.2002,66.03
,09.04.2002,36.21
,10.04.2002,25.21
,11.04.2002,43.48
,12.04.2002,29.63
,13.04.2002,22.04
,14.04.2002,22.75
,15.04.2002,49.95
,16.04.2002,46.77
,17.04.2002,68.77
,18.04.2002,66.97
,19.04.2002,68.7
,20.04.2002,56.9
,21.04.2002,62.49
,22.04.2002,74.55
,23.04.2002,98.7
,24.04.2002,97.68
,25.04.2002,94.41
,26.04.2002,69.32
,27.04.2002,55.73
,28.04.2002,84.26
,29.04.2002,85.16
,30.04.2002,82.97
,01.05.2002,79.2
,02.05.2002,70.64
,03.05.2002,53.97
,04.05.2002,42.88
,05.05.2002,39.73
,06.05.2002,58.9
,07.05.2002,66.65
,08.05.2002,86.14
,09.05.2002,93.43
,10.05.2002,95.11
,11.05.2002,83.15
,12.05.2002,64.98
,13.05.2002,46.22
,14.05.2002,46.86
,15.05.2002,70.26
,16.05.2002,68.77
,17.05.2002,56.24
,18.05.2002,59.78
,19.05.2002,66.69
,20.05.2002,60.53
,21.05.2002,52.75
,22.05.2002,51.53
,23.05.2002,75.45
,24.05.2002,81.7
,25.05.2002,85.67
,26.05.2002,83.78
,27.05.2002,68.63
,28.05.2002,72.05
,29.05.2002,43.1
,30.05.2002,59.94
,31.05.2002,90.53
,01.06.2002,72.6
,02.06.2002,73.46
,03.06.2002,83.12
,04.06.2002,95.84
,05.06.2002,81.21
,06.06.2002,85.18
,07.06.2002,69.78
,08.06.2002,61.53
,09.06.2002,65.54
,10.06.2002,74.28
,11.06.2002,57.56
,12.06.2002,58.48
,13.06.2002,76.16
,14.06.2002,68.39
,15.06.2002,63.06
,16.06.2002,64.4
,17.06.2002,81.92
,18.06.2002,87.93
,19.06.2002,83.4
,20.06.2002,79.33
,21.06.2002,53.03
,22.06.2002,57.67
,23.06.2002,66.53
,24.06.2002,86.26
,25.06.2002,73.66
,26.06.2002,49.81
,27.06.2002,41.78
,28.06.2002,52.01
,29.06.2002,82.16
,30.06.2002,63.07
,01.07.2002,46.17
,02.07.2002,26.62
,03.07.2002,22.22
,04.07.2002,20.21
,05.07.2002,22.2
,06.07.2002,27.06
,07.07.2002,49.9
,08.07.2002,36.13
,09.07.2002,37.31
,10.07.2002,30.21
,11.07.2002,42.42
,12.07.2002,52.48
,13.07.2002,33.03
,14.07.2002,22.87
,15.07.2002,46.76
,16.07.2002,34.94
,17.07.2002,29.67
,18.07.2002,42.91
,19.07.2002,58.53
,20.07.2002,47.63
,21.07.2002,35.29
,22.07.2002,59.31
,23.07.2002,50.13
,24.07.2002,30
,25.07.2002,32.07
,26.07.2002,46.57
,27.07.2002,62.78
,28.07.2002,75.23
,29.07.2002,70.93
,30.07.2002,61.05
,31.07.2002,46.41
,01.08.2002,34.21
,02.08.2002,39.23
,03.08.2002,56.59
,04.08.2002,52.91
,05.08.2002,68.44
,06.08.2002,62.53
,07.08.2002,58.41
,08.08.2002,53.1
,09.08.2002,51.22
,10.08.2002,39.69
,11.08.2002,18.93
,12.08.2002,59.93
,13.08.2002,57.17
,14.08.2002,29.14
,15.08.2002,52.6
,16.08.2002,36.55
,17.08.2002,33.09
,18.08.2002,31.36
,19.08.2002,48.02
,20.08.2002,56.17
,21.08.2002,46.35
,22.08.2002,56.78
,23.08.2002,46.68
,24.08.2002,68.61
,25.08.2002,54.2
,26.08.2002,45.76
,27.08.2002,76.09
,28.08.2002,79.71
,29.08.2002,79.58
,30.08.2002,59.75
,31.08.2002,47.35
,01.09.2002,26.63
,02.09.2002,34.42
,03.09.2002,47.03
,04.09.2002,35.22
,05.09.2002,23.91
,06.09.2002,31.46
,07.09.2002,42.06
,08.09.2002,57.16
,09.09.2002,80.15
,10.09.2002,88.5
,11.09.2002,84.4
,12.09.2002,82.73
,13.09.2002,80.28
,14.09.2002,49.91
,15.09.2002,46.87
,16.09.2002,40.05
,17.09.2002,43.99
,18.09.2002,52.13
,19.09.2002,53.78
,20.09.2002,42.38
,21.09.2002,65.71
,22.09.2002,55.95
,23.09.2002,46.71
,24.09.2002,45.64
,25.09.2002,70.33
,26.09.2002,84.63
,27.09.2002,64.77
,28.09.2002,67.95
,29.09.2002,59.05
,30.09.2002,30.61
,01.10.2002,63.65
,02.10.2002,97.12
,03.10.2002,89.49
,04.10.2002,63.95
,05.10.2002,55.22
,06.10.2002,69.51
,07.10.2002,55.03
,08.10.2002,51.25
,09.10.2002,66.69
,10.10.2002,31.15
,11.10.2002,34.38
,12.10.2002,69.93
,13.10.2002,50.65
,14.10.2002,36.11
,15.10.2002,40.78
,16.10.2002,44.46
,17.10.2002,43.47
,18.10.2002,29.48
,19.10.2002,50.29
,20.10.2002,25.61
,21.10.2002,57.03
,22.10.2002,90.59
,23.10.2002,99
,24.10.2002,99
,25.10.2002,76.23
,26.10.2002,71.07
,27.10.2002,95.77
,28.10.2002,76.68
,29.10.2002,96.24
,30.10.2002,93.33
,31.10.2002,99
,01.11.2002,99
,02.11.2002,98.93
,03.11.2002,76.48
,04.11.2002,76.35
,05.11.2002,65.93
,06.11.2002,65.62
,07.11.2002,50.19
,08.11.2002,50.79
,09.11.2002,58.28
,10.11.2002,41.61
,11.11.2002,58.73
,12.11.2002,54.44
,13.11.2002,55.55
,14.11.2002,74.97
,15.11.2002,65.98
,16.11.2002,56.88
,17.11.2002,31.36
,18.11.2002,45.79
,19.11.2002,33.03
,20.11.2002,48.96
,21.11.2002,55.29
,22.11.2002,45.18
,23.11.2002,69.95
,24.11.2002,96.23
,25.11.2002,90.15
,26.11.2002,88.08
,27.11.2002,73.4
,28.11.2002,66.85
,29.11.2002,61.48
,30.11.2002,67.43
,01.12.2002,61.22
,02.12.2002,60.53
,03.12.2002,97.83
,04.12.2002,98.3
,05.12.2002,83.04
,06.12.2002,58.88
,07.12.2002,61.28
,08.12.2002,69.94
,09.12.2002,57.95
,10.12.2002,32.76
,11.12.2002,42.52
,12.12.2002,52.82
,13.12.2002,42.83
,14.12.2002,46.27
,15.12.2002,47.93
,16.12.2002,51.17
,17.12.2002,54.37
,18.12.2002,73.01
,19.12.2002,46.16
,20.12.2002,48.61
,21.12.2002,56.89
,22.12.2002,67.16
,23.12.2002,74.42
,24.12.2002,84.73
,25.12.2002,71.2
,26.12.2002,52.66
,27.12.2002,39.78
,28.12.2002,46.98
,29.12.2002,36.7
,30.12.2002,37.73
,31.12.2002,44.85
,01.01.2003,61.07
,02.01.2003,52.71
,03.01.2003,42.6
,04.01.2003,60.78
,05.01.2003,62.9
,06.01.2003,77.23
,07.01.2003,38.64
,08.01.2003,28.9
,09.01.2003,47.69
,10.01.2003,65.6
,11.01.2003,63.23
,12.01.2003,62.33
,13.01.2003,49.56
,14.01.2003,72.43
,15.01.2003,70.43
,16.01.2003,51.36
,17.01.2003,72.34
,18.01.2003,58.35
,19.01.2003,30.72
,20.01.2003,26.13
,21.01.2003,83.77
,22.01.2003,99
,23.01.2003,87.03
,24.01.2003,79.56
,25.01.2003,51.86
,26.01.2003,58.13
,27.01.2003,38.96
,28.01.2003,74.35
,29.01.2003,76.06
,30.01.2003,55.69
,31.01.2003,61.48
,01.02.2003,24.95
,02.02.2003,71.03
,03.02.2003,74.66
,04.02.2003,74.43
,05.02.2003,90.73
,06.02.2003,81.77
,07.02.2003,69.02
,08.02.2003,61.85
,09.02.2003,78.52
,10.02.2003,52.39
,11.02.2003,73.34
,12.02.2003,60.39
,13.02.2003,62.33
,14.02.2003,67.92
,15.02.2003,90.16
,16.02.2003,82.31
,17.02.2003,31.97
,18.02.2003,52.49
,19.02.2003,69.86
,20.02.2003,42.99
,21.02.2003,49.93
,22.02.2003,75.77
,23.02.2003,89.35
,24.02.2003,83.99
,25.02.2003,85.44
,26.02.2003,89.55
,27.02.2003,96.34
,28.02.2003,95.13
,01.03.2003,80.46
,02.03.2003,70.62
,03.03.2003,49.64
,04.03.2003,90.79
,05.03.2003,71.79
,06.03.2003,43.54
,07.03.2003,56.2
,08.03.2003,49.65
,09.03.2003,54.16
,10.03.2003,40.17
,11.03.2003,36.46
,12.03.2003,34.81
,13.03.2003,31.79
,14.03.2003,25.55
,15.03.2003,22.7
,16.03.2003,37.03
,17.03.2003,85.59
,18.03.2003,99
,19.03.2003,93.34
,20.03.2003,83.15
,21.03.2003,82.7
,22.03.2003,59.06
,23.03.2003,52.86
,24.03.2003,93.86
,25.03.2003,63
,26.03.2003,58.52
,27.03.2003,66.17
,28.03.2003,56.04
,29.03.2003,59.94
,30.03.2003,53.68
,31.03.2003,38.07
,01.04.2003,24.75
,02.04.2003,24.32
,03.04.2003,49.33
,04.04.2003,36.96
,05.04.2003,84.58
,06.04.2003,97.48
,07.04.2003,86.69
,08.04.2003,66.03
,09.04.2003,36.21
,10.04.2003,25.21
,11.04.2003,43.48
,12.04.2003,29.63
,13.04.2003,22.04
,14.04.2003,22.75
,15.04.2003,49.95
,16.04.2003,46.77
,17.04.2003,68.77
,18.04.2003,66.97
,19.04.2003,68.7
,20.04.2003,56.9
,21.04.2003,62.49
,22.04.2003,74.55
,23.04.2003,98.7
,24.04.2003,97.68
,25.04.2003,94.41
,26.04.2003,69.32
,27.04.2003,55.73
,28.04.2003,84.26
,29.04.2003,85.16
,30.04.2003,82.97
,01.05.2003,79.2
,02.05.2003,70.64
,03.05.2003,53.97
,04.05.2003,42.88
,05.05.2003,39.73
,06.05.2003,58.9
,07.05.2003,66.65
,08.05.2003,86.14
,09.05.2003,93.43
,10.05.2003,95.11
,11.05.2003,83.15
,12.05.2003,64.98
,13.05.2003,46.22
,14.05.2003,46.86
,15.05.2003,70.26
,16.05.2003,68.77
,17.05.2003,56.24
,18.05.2003,59.78
,19.05.2003,66.69
,20.05.2003,60.53
,21.05.2003,52.75
,22.05.2003,51.53
,23.05.2003,75.45
,24.05.2003,81.7
,25.05.2003,85.67
,26.05.2003,83.78
,27.05.2003,68.63
,28.05.2003,72.05
,29.05.2003,43.1
,30.05.2003,59.94
,31.05.2003,90.53
,01.06.2003,72.6
,02.06.2003,73.46
,03.06.2003,83.12
,04.06.2003,95.84
,05.06.2003,81.21
,06.06.2003,85.18
,07.06.2003,69.78
,08.06.2003,61.53
,09.06.2003,65.54
,10.06.2003,74.28
,11.06.2003,57.56
,12.06.2003,58.48
,13.06.2003,76.16
,14.06.2003,68.39
,15.06.2003,63.06
,16.06.2003,64.4
,17.06.2003,81.92
,18.06.2003,87.93
,19.06.2003,83.4
,20.06.2003,79.33
,21.06.2003,53.03
,22.06.2003,57.67
,23.06.2003,66.53
,24.06.2003,86.26
,25.06.2003,73.66
,26.06.2003,49.81
,27.06.2003,41.78
,28.06.2003,52.01
,29.06.2003,82.16
,30.06.2003,63.07
,01.07.2003,46.17
,02.07.2003,26.62
,03.07.2003,22.22
,04.07.2003,20.21
,05.07.2003,22.2
,06.07.2003,27.06
,07.07.2003,49.9
,08.07.2003,36.13
,09.07.2003,37.31
,10.07.2003,30.21
,11.07.2003,42.42
,12.07.2003,52.48
,13.07.2003,33.03
,14.07.2003,22.87
,15.07.2003,46.76
,16.07.2003,34.94
,17.07.2003,29.67
,18.07.2003,42.91
,19.07.2003,58.53
,20.07.2003,47.63
,21.07.2003,35.29
,22.07.2003,59.31
,23.07.2003,50.13
,24.07.2003,30
,25.07.2003,32.07
,26.07.2003,46.57
,27.07.2003,62.78
,28.07.2003,75.23
,29.07.2003,70.93
,30.07.2003,61.05
,31.07.2003,46.41
,01.08.2003,34.21
,02.08.2003,39.23
,03.08.2003,56.59
,04.08.2003,52.91
,05.08.2003,68.44
,06.08.2003,62.53
,07.08.2003,58.41
,08.08.2003,53.1
,09.08.2003,51.22
,10.08.2003,39.69
,11.08.2003,18.93
,12.08.2003,59.93
,13.08.2003,57.17
,14.08.2003,29.14
,15.08.2003,52.6
,16.08.2003,36.55
,17.08.2003,33.09
,18.08.2003,31.36
,19.08.2003,48.02
,20.08.2003,56.17
,21.08.2003,46.35
,22.08.2003,56.78
,23.08.2003,46.68
,24.08.2003,68.61
,25.08.2003,54.2
,26.08.2003,45.76
,27.08.2003,76.09
,28.08.2003,79.71
,29.08.2003,79.58
,30.08.2003,59.75
,31.08.2003,47.35
,01.09.2003,26.63
,02.09.2003,34.42
,03.09.2003,47.03
,04.09.2003,35.22
,05.09.2003,23.91
,06.09.2003,31.46
,07.09.2003,42.06
,08.09.2003,57.16
,09.09.2003,80.15
,10.09.2003,88.5
,11.09.2003,84.4
,12.09.2003,82.73
,13.09.2003,80.28
,14.09.2003,49.91
,15.09.2003,46.87
,16.09.2003,40.05
,17.09.2003,43.99
,18.09.2003,52.13
,19.09.2003,53.78
,20.09.2003,42.38
,21.09.2003,65.71
,22.09.2003,55.95
,23.09.2003,46.71
,24.09.2003,45.64
,25.09.2003,70.33
,26.09.2003,84.63
,27.09.2003,64.77
,28.09.2003,67.95
,29.09.2003,59.05
,30.09.2003,30.61
,01.10.2003,63.65
,02.10.2003,97.12
,03.10.2003,89.49
,04.10.2003,63.95
,05.10.2003,55.22
,06.10.2003,69.51
,07.10.2003,55.03
,08.10.2003,51.25
,09.10.2003,66.69
,10.10.2003,31.15
,11.10.2003,34.38
,12.10.2003,69.93
,13.10.2003,50.65
,14.10.2003,36.11
,15.10.2003,40.78
,16.10.2003,44.46
,17.10.2003,43.47
,18.10.2003,29.48
,19.10.2003,50.29
,20.10.2003,25.61
,21.10.2003,57.03
,22.10.2003,90.59
,23.10.2003,99
,24.10.2003,99
,25.10.2003,76.23
,26.10.2003,71.07
,27.10.2003,95.77
,28.10.2003,76.68
,29.10.2003,96.24
,30.10.2003,93.33
,31.10.2003,99
,01.11.2003,99
,02.11.2003,98.93
,03.11.2003,76.48
,04.11.2003,76.35
,05.11.2003,65.93
,06.11.2003,65.62
,07.11.2003,50.19
,08.11.2003,50.79
,09.11.2003,58.28
,10.11.2003,41.61
,11.11.2003,58.73
,12.11.2003,54.44
,13.11.2003,55.55
,14.11.2003,74.97
,15.11.2003,65.98
,16.11.2003,56.88
,17.11.2003,31.36
,18.11.2003,45.79
,19.11.2003,33.03
,20.11.2003,48.96
,21.11.2003,55.29
,22.11.2003,45.18
,23.11.2003,69.95
,24.11.2003,96.23
,25.11.2003,90.15
,26.11.2003,88.08
,27.11.2003,73.4
,28.11.2003,66.85
,29.11.2003,61.48
,30.11.2003,67.43
,01.12.2003,61.22
,02.12.2003,60.53
,03.12.2003,97.83
,04.12.2003,98.3
,05.12.2003,83.04
,06.12.2003,58.88
,07.12.2003,61.28
,08.12.2003,69.94
,09.12.2003,57.95
,10.12.2003,32.76
,11.12.2003,42.52
,12.12.2003,52.82
,13.12.2003,42.83
,14.12.2003,46.27
,15.12.2003,47.93
,16.12.2003,51.17
,17.12.2003,54.37
,18.12.2003,73.01
,19.12.2003,46.16
,20.12.2003,48.61
,21.12.2003,56.89
,22.12.2003,67.16
,23.12.2003,74.42
,24.12.2003,84.73
,25.12.2003,71.2
,26.12.2003,52.66
,27.12.2003,39.78
,28.12.2003,46.98
,29.12.2003,36.7
,30.12.2003,37.73
,31.12.2003,44.85
,01.01.2004,61.07
,02.01.2004,52.71
,03.01.2004,42.6
,04.01.2004,60.78
,05.01.2004,62.9
,06.01.2004,77.23
,07.01.2004,38.64
,08.01.2004,28.9
,09.01.2004,47.69
,10.01.2004,65.6
,11.01.2004,63.23
,12.01.2004,62.33
,13.01.2004,49.56
,14.01.2004,72.43
,15.01.2004,70.43
,16.01.2004,51.36
,17.01.2004,72.34
,18.01.2004,58.35
,19.01.2004,30.72
,20.01.2004,26.13
,21.01.2004,83.77
,22.01.2004,99
,23.01.2004,87.03
,24.01.2004,79.56
,25.01.2004,51.86
,26.01.2004,58.13
,27.01.2004,38.96
,28.01.2004,74.35
,29.01.2004,76.06
,30.01.2004,55.69
,31.01.2004,61.48
,01.02.2004,24.95
,02.02.2004,71.03
,03.02.2004,74.66
,04.02.2004,74.43
,05.02.2004,90.73
,06.02.2004,81.77
,07.02.2004,69.02
,08.02.2004,61.85
,09.02.2004,78.52
,10.02.2004,52.39
,11.02.2004,73.34
,12.02.2004,60.39
,13.02.2004,62.33
,14.02.2004,67.92
,15.02.2004,90.16
,16.02.2004,82.31
,17.02.2004,31.97
,18.02.2004,52.49
,19.02.2004,69.86
,20.02.2004,42.99
,21.02.2004,49.93
,22.02.2004,75.77
,23.02.2004,89.35
,24.02.2004,83.99
,25.02.2004,85.44
,26.02.2004,89.55
,27.02.2004,96.34
,28.02.2004,95.13
,29.02.2004,87.8
,01.03.2004,80.46
,02.03.2004,70.62
,03.03.2004,49.64
,04.03.2004,90.79
,05.03.2004,71.79
,06.03.2004,43.54
,07.03.2004,56.2
,08.03.2004,49.65
,09.03.2004,54.16
,10.03.2004,40.17
,11.03.2004,36.46
,12.03.2004,34.81
,13.03.2004,31.79
,14.03.2004,25.55
,15.03.2004,22.7
,16.03.2004,37.03
,17.03.2004,85.59
,18.03.2004,99
,19.03.2004,93.34
,20.03.2004,83.15
,21.03.2004,82.7
,22.03.2004,59.06
,23.03.2004,52.86
,24.03.2004,93.86
,25.03.2004,63
,26.03.2004,58.52
,27.03.2004,66.17
,28.03.2004,56.04
,29.03.2004,59.94
,30.03.2004,53.68
,31.03.2004,38.07
,01.04.2004,24.75
,02.04.2004,24.32
,03.04.2004,49.33
,04.04.2004,36.96
,05.04.2004,84.58
,06.04.2004,97.48
,07.04.2004,86.69
,08.04.2004,66.03
,09.04.2004,36.21
,10.04.2004,25.21
,11.04.2004,43.48
,12.04.2004,29.63
,13.04.2004,22.04
,14.04.2004,22.75
,15.04.2004,49.95
,16.04.2004,46.77
,17.04.2004,68.77
,18.04.2004,66.97
,19.04.2004,68.7
,20.04.2004,56.9
,21.04.2004,62.49
,22.04.2004,74.55
,23.04.2004,98.7
,24.04.2004,97.68
,25.04.2004,94.41
,26.04.2004,69.32
,27.04.2004,55.73
,28.04.2004,84.26
,29.04.2004,85.16
,30.04.2004,82.97
,01.05.2004,79.2
,02.05.2004,70.64
,03.05.2004,53.97
,04.05.2004,42.88
,05.05.2004,39.73
,06.05.2004,58.9
,07.05.2004,66.65
,08.05.2004,86.14
,09.05.2004,93.43
,10.05.2004,95.11
,11.05.2004,83.15
,12.05.2004,64.98
,13.05.2004,46.22
,14.05.2004,46.86
,15.05.2004,70.26
,16.05.2004,68.77
,17.05.2004,56.24
,18.05.2004,59.78
,19.05.2004,66.69
,20.05.2004,60.53
,21.05.2004,52.75
,22.05.2004,51.53
,23.05.2004,75.45
,24.05.2004,81.7
,25.05.2004,85.67
,26.05.2004,83.78
,27.05.2004,68.63
,28.05.2004,72.05
,29.05.2004,43.1
,30.05.2004,59.94
,31.05.2004,90.53
,01.06.2004,72.6
,02.06.2004,73.46
,03.06.2004,83.12
,04.06.2004,95.84
,05.06.2004,81.21
,06.06.2004,85.18
,07.06.2004,69.78
,08.06.2004,61.53
,09.06.2004,65.54
,10.06.2004,74.28
,11.06.2004,57.56
,12.06.2004,58.48
,13.06.2004,76.16
,14.06.2004,68.39
,15.06.2004,63.06
,16.06.2004,64.4
,17.06.2004,81.92
,18.06.2004,87.93
,19.06.2004,83.4
,20.06.2004,79.33
,21.06.2004,53.03
,22.06.2004,57.67
,23.06.2004,66.53
,24.06.2004,86.26
,25.06.2004,73.66
,26.06.2004,49.81
,27.06.2004,41.78
,28.06.2004,52.01
,29.06.2004,82.16
,30.06.2004,63.07
,01.07.2004,46.17
,02.07.2004,26.62
,03.07.2004,22.22
,04.07.2004,20.21
,05.07.2004,22.2
,06.07.2004,27.06
,07.07.2004,49.9
,08.07.2004,36.13
,09.07.2004,37.31
,10.07.2004,30.21
,11.07.2004,42.42
,12.07.2004,52.48
,13.07.2004,33.03
,14.07.2004,22.87
,15.07.2004,46.76
,16.07.2004,34.94
,17.07.2004,29.67
,18.07.2004,42.91
,19.07.2004,58.53
,20.07.2004,47.63
,21.07.2004,35.29
,22.07.2004,59.31
,23.07.2004,50.13
,24.07.2004,30
,25.07.2004,32.07
,26.07.2004,46.57
,27.07.2004,62.78
,28.07.2004,75.23
,29.07.2004,70.93
,30.07.2004,61.05
,31.07.2004,46.41
,01.08.2004,34.21
,02.08.2004,39.23
,03.08.2004,56.59
,04.08.2004,52.91
,05.08.2004,68.44
,06.08.2004,62.53
,07.08.2004,58.41
,08.08.2004,53.1
,09.08.2004,51.22
,10.08.2004,39.69
,11.08.2004,18.93
,12.08.2004,59.93
,13.08.2004,57.17
,14.08.2004,29.14
,15.08.2004,52.6
,16.08.2004,36.55
,17.08.2004,33.09
,18.08.2004,31.36
,19.08.2004,48.02
,20.08.2004,56.17
,21.08.2004,46.35
,22.08.2004,56.78
,23.08.2004,46.68
,24.08.2004,68.61
,25.08.2004,54.2
,26.08.2004,45.76
,27.08.2004,76.09
,28.08.2004,79.71
,29.08.2004,79.58
,30.08.2004,59.75
,31.08.2004,47.35
,01.09.2004,26.63
,02.09.2004,34.42
,03.09.2004,47.03
,04.09.2004,35.22
,05.09.2004,23.91
,06.09.2004,31.46
,07.09.2004,42.06
,08.09.2004,57.16
,09.09.2004,80.15
,10.09.2004,88.5
,11.09.2004,84.4
,12.09.2004,82.73
,13.09.2004,80.28
,14.09.2004,49.91
,15.09.2004,46.87
,16.09.2004,40.05
,17.09.2004,43.99
,18.09.2004,52.13
,19.09.2004,53.78
,20.09.2004,42.38
,21.09.2004,65.71
,22.09.2004,55.95
,23.09.2004,46.71
,24.09.2004,45.64
,25.09.2004,70.33
,26.09.2004,84.63
,27.09.2004,64.77
,28.09.2004,67.95
,29.09.2004,59.05
,30.09.2004,30.61
,01.10.2004,63.65
,02.10.2004,97.12
,03.10.2004,89.49
,04.10.2004,63.95
,05.10.2004,55.22
,06.10.2004,69.51
,07.10.2004,55.03
,08.10.2004,51.25
,09.10.2004,66.69
,10.10.2004,31.15
,11.10.2004,34.38
,12.10.2004,69.93
,13.10.2004,50.65
,14.10.2004,36.11
,15.10.2004,40.78
,16.10.2004,44.46
,17.10.2004,43.47
,18.10.2004,29.48
,19.10.2004,50.29
,20.10.2004,25.61
,21.10.2004,57.03
,22.10.2004,90.59
,23.10.2004,99
,24.10.2004,99
,25.10.2004,76.23
,26.10.2004,71.07
,27.10.2004,95.77
,28.10.2004,76.68
,29.10.2004,96.24
,30.10.2004,93.33
,31.10.2004,99
,01.11.2004,99
,02.11.2004,98.93
,03.11.2004,76.48
,04.11.2004,76.35
,05.11.2004,65.93
,06.11.2004,65.62
,07.11.2004,50.19
,08.11.2004,50.79
,09.11.2004,58.28
,10.11.2004,41.61
,11.11.2004,58.73
,12.11.2004,54.44
,13.11.2004,55.55
,14.11.2004,74.97
,15.11.2004,65.98
,16.11.2004,56.88
,17.11.2004,31.36
,18.11.2004,45.79
,19.11.2004,33.03
,20.11.2004,48.96
,21.11.2004,55.29
,22.11.2004,45.18
,23.11.2004,69.95
,24.11.2004,96.23
,25.11.2004,90.15
,26.11.2004,88.08
,27.11.2004,73.4
,28.11.2004,66.85
,29.11.2004,61.48
,30.11.2004,67.43
,01.12.2004,61.22
,02.12.2004,60.53
,03.12.2004,97.83
,04.12.2004,98.3
,05.12.2004,83.04
,06.12.2004,58.88
,07.12.2004,61.28
,08.12.2004,69.94
,09.12.2004,57.95
,10.12.2004,32.76
,11.12.2004,42.52
,12.12.2004,52.82
,13.12.2004,42.83
,14.12.2004,46.27
,15.12.2004,47.93
,16.12.2004,51.17
,17.12.2004,54.37
,18.12.2004,73.01
,19.12.2004,46.16
,20.12.2004,48.61
,21.12.2004,56.89
,22.12.2004,67.16
,23.12.2004,74.42
,24.12.2004,84.73
,25.12.2004,71.2
,26.12.2004,52.66
,27.12.2004,39.78
,28.12.2004,46.98
,29.12.2004,36.7
,30.12.2004,37.73
,31.12.2004,44.85
,01.01.2005,61.07
,02.01.2005,52.71
,03.01.2005,42.6
,04.01.2005,60.78
,05.01.2005,62.9
,06.01.2005,77.23
,07.01.2005,38.64
,08.01.2005,28.9
,09.01.2005,47.69
,10.01.2005,65.6
,11.01.2005,63.23
,12.01.2005,62.33
,13.01.2005,49.56
,14.01.2005,72.43
,15.01.2005,70.43
,16.01.2005,51.36
,17.01.2005,72.34
,18.01.2005,58.35
,19.01.2005,30.72
,20.01.2005,26.13
,21.01.2005,83.77
,22.01.2005,99
,23.01.2005,87.03
,24.01.2005,79.56
,25.01.2005,51.86
,26.01.2005,58.13
,27.01.2005,38.96
,28.01.2005,74.35
,29.01.2005,76.06
,30.01.2005,55.69
,31.01.2005,61.48
,01.02.2005,24.95
,02.02.2005,71.03
,03.02.2005,74.66
,04.02.2005,74.43
,05.02.2005,90.73
,06.02.2005,81.77
,07.02.2005,69.02
,08.02.2005,61.85
,09.02.2005,78.52
,10.02.2005,52.39
,11.02.2005,73.34
,12.02.2005,60.39
,13.02.2005,62.33
,14.02.2005,67.92
,15.02.2005,90.16
,16.02.2005,82.31
,17.02.2005,31.97
,18.02.2005,52.49
,19.02.2005,69.86
,20.02.2005,42.99
,21.02.2005,49.93
,22.02.2005,75.77
,23.02.2005,89.35
,24.02.2005,83.99
,25.02.2005,85.44
,26.02.2005,89.55
,27.02.2005,96.34
,28.02.2005,95.13
,01.03.2005,80.46
,02.03.2005,70.62
,03.03.2005,49.64
,04.03.2005,90.79
,05.03.2005,71.79
,06.03.2005,43.54
,07.03.2005,56.2
,08.03.2005,49.65
,09.03.2005,54.16
,10.03.2005,40.17
,11.03.2005,36.46
,12.03.2005,34.81
,13.03.2005,31.79
,14.03.2005,25.55
,15.03.2005,22.7
,16.03.2005,37.03
,17.03.2005,85.59
,18.03.2005,99
,19.03.2005,93.34
,20.03.2005,83.15
,21.03.2005,82.7
,22.03.2005,59.06
,23.03.2005,52.86
,24.03.2005,93.86
,25.03.2005,63
,26.03.2005,58.52
,27.03.2005,66.17
,28.03.2005,56.04
,29.03.2005,59.94
,30.03.2005,53.68
,31.03.2005,38.07
,01.04.2005,24.75
,02.04.2005,24.32
,03.04.2005,49.33
,04.04.2005,36.96
,05.04.2005,84.58
,06.04.2005,97.48
,07.04.2005,86.69
,08.04.2005,66.03
,09.04.2005,36.21
,10.04.2005,25.21
,11.04.2005,43.48
,12.04.2005,29.63
,13.04.2005,22.04
,14.04.2005,22.75
,15.04.2005,49.95
,16.04.2005,46.77
,17.04.2005,68.77
,18.04.2005,66.97
,19.04.2005,68.7
,20.04.2005,56.9
,21.04.2005,62.49
,22.04.2005,74.55
,23.04.2005,98.7
,24.04.2005,97.68
,25.04.2005,94.41
,26.04.2005,69.32
,27.04.2005,55.73
,28.04.2005,84.26
,29.04.2005,85.16
,30.04.2005,82.97
,01.05.2005,79.2
,02.05.2005,70.64
,03.05.2005,53.97
,04.05.2005,42.88
,05.05.2005,39.73
,06.05.2005,58.9
,07.05.2005,66.65
,08.05.2005,86.14
,09.05.2005,93.43
,10.05.2005,95.11
,11.05.2005,83.15
,12.05.2005,64.98
,13.05.2005,46.22
,14.05.2005,46.86
,15.05.2005,70.26
,16.05.2005,68.77
,17.05.2005,56.24
,18.05.2005,59.78
,19.05.2005,66.69
,20.05.2005,60.53
,21.05.2005,52.75
,22.05.2005,51.53
,23.05.2005,75.45
,24.05.2005,81.7
,25.05.2005,85.67
,26.05.2005,83.78
,27.05.2005,68.63
,28.05.2005,72.05
,29.05.2005,43.1
,30.05.2005,59.94
,31.05.2005,90.53
,01.06.2005,72.6
,02.06.2005,73.46
,03.06.2005,83.12
,04.06.2005,95.84
,05.06.2005,81.21
,06.06.2005,85.18
,07.06.2005,69.78
,08.06.2005,61.53
,09.06.2005,65.54
,10.06.2005,74.28
,11.06.2005,57.56
,12.06.2005,58.48
,13.06.2005,76.16
,14.06.2005,68.39
,15.06.2005,63.06
,16.06.2005,64.4
,17.06.2005,81.92
,18.06.2005,87.93
,19.06.2005,83.4
,20.06.2005,79.33
,21.06.2005,53.03
,22.06.2005,57.67
,23.06.2005,66.53
,24.06.2005,86.26
,25.06.2005,73.66
,26.06.2005,49.81
,27.06.2005,41.78
,28.06.2005,52.01
,29.06.2005,82.16
,30.06.2005,63.07
,01.07.2005,46.17
,02.07.2005,26.62
,03.07.2005,22.22
,04.07.2005,20.21
,05.07.2005,22.2
,06.07.2005,27.06
,07.07.2005,49.9
,08.07.2005,36.13
,09.07.2005,37.31
,10.07.2005,30.21
,11.07.2005,42.42
,12.07.2005,52.48
,13.07.2005,33.03
,14.07.2005,22.87
,15.07.2005,46.76
,16.07.2005,34.94
,17.07.2005,29.67
,18.07.2005,42.91
,19.07.2005,58.53
,20.07.2005,47.63
,21.07.2005,35.29
,22.07.2005,59.31
,23.07.2005,50.13
,24.07.2005,30
,25.07.2005,32.07
,26.07.2005,46.57
,27.07.2005,62.78
,28.07.2005,75.23
,29.07.2005,70.93
,30.07.2005,61.05
,31.07.2005,46.41
,01.08.2005,34.21
,02.08.2005,39.23
,03.08.2005,56.59
,04.08.2005,52.91
,05.08.2005,68.44
,06.08.2005,62.53
,07.08.2005,58.41
,08.08.2005,53.1
,09.08.2005,51.22
,10.08.2005,39.69
,11.08.2005,18.93
,12.08.2005,59.93
,13.08.2005,57.17
,14.08.2005,29.14
,15.08.2005,52.6
,16.08.2005,36.55
,17.08.2005,33.09
,18.08.2005,31.36
,19.08.2005,48.02
,20.08.2005,56.17
,21.08.2005,46.35
,22.08.2005,56.78
,23.08.2005,46.68
,24.08.2005,68.61
,25.08.2005,54.2
,26.08.2005,45.76
,27.08.2005,76.09
,28.08.2005,79.71
,29.08.2005,79.58
,30.08.2005,59.75
,31.08.2005,47.35
,01.09.2005,26.63
,02.09.2005,34.42
,03.09.2005,47.03
,04.09.2005,35.22
,05.09.2005,23.91
,06.09.2005,31.46
,07.09.2005,42.06
,08.09.2005,57.16
,09.09.2005,80.15
,10.09.2005,88.5
,11.09.2005,84.4
,12.09.2005,82.73
,13.09.2005,80.28
,14.09.2005,49.91
,15.09.2005,46.87
,16.09.2005,40.05
,17.09.2005,43.99
,18.09.2005,52.13
,19.09.2005,53.78
,20.09.2005,42.38
,21.09.2005,65.71
,22.09.2005,55.95
,23.09.2005,46.71
,24.09.2005,45.64
,25.09.2005,70.33
,26.09.2005,84.63
,27.09.2005,64.77
,28.09.2005,67.95
,29.09.2005,59.05
,30.09.2005,30.61
,01.10.2005,63.65
,02.10.2005,97.12
,03.10.2005,89.49
,04.10.2005,63.95
,05.10.2005,55.22
,06.10.2005,69.51
,07.10.2005,55.03
,08.10.2005,51.25
,09.10.2005,66.69
,10.10.2005,31.15
,11.10.2005,34.38
,12.10.2005,69.93
,13.10.2005,50.65
,14.10.2005,36.11
,15.10.2005,40.78
,16.10.2005,44.46
,17.10.2005,43.47
,18.10.2005,29.48
,19.10.2005,50.29
,20.10.2005,25.61
,21.10.2005,57.03
,22.10.2005,90.59
,23.10.2005,99
,24.10.2005,99
,25.10.2005,76.23
,26.10.2005,71.07
,27.10.2005,95.77
,28.10.2005,76.68
,29.10.2005,96.24
,30.10.2005,93.33
,31.10.2005,99
,01.11.2005,99
,02.11.2005,98.93
,03.11.2005,76.48
,04.11.2005,76.35
,05.11.2005,65.93
,06.11.2005,65.62
,07.11.2005,50.19
,08.11.2005,50.79
,09.11.2005,58.28
,10.11.2005,41.61
,11.11.2005,58.73
,12.11.2005,54.44
,13.11.2005,55.55
,14.11.2005,74.97
,15.11.2005,65.98
,16.11.2005,56.88
,17.11.2005,31.36
,18.11.2005,45.79
,19.11.2005,33.03
,20.11.2005,48.96
,21.11.2005,55.29
,22.11.2005,45.18
,23.11.2005,69.95
,24.11.2005,96.23
,25.11.2005,90.15
,26.11.2005,88.08
,27.11.2005,73.4
,28.11.2005,66.85
,29.11.2005,61.48
,30.11.2005,67.43
,01.12.2005,61.22
,02.12.2005,60.53
,03.12.2005,97.83
,04.12.2005,98.3
,05.12.2005,83.04
,06.12.2005,58.88
,07.12.2005,61.28
,08.12.2005,69.94
,09.12.2005,57.95
,10.12.2005,32.76
,11.12.2005,42.52
,12.12.2005,52.82
,13.12.2005,42.83
,14.12.2005,46.27
,15.12.2005,47.93
,16.12.2005,51.17
,17.12.2005,54.37
,18.12.2005,73.01
,19.12.2005,46.16
,20.12.2005,48.61
,21.12.2005,56.89
,22.12.2005,67.16
,23.12.2005,74.42
,24.12.2005,84.73
,25.12.2005,71.2
,26.12.2005,52.66
,27.12.2005,39.78
,28.12.2005,46.98
,29.12.2005,36.7
,30.12.2005,37.73
,31.12.2005,44.85
,01.01.2006,61.07
,02.01.2006,52.71
,03.01.2006,42.6
,04.01.2006,60.78
,05.01.2006,62.9
,06.01.2006,77.23
,07.01.2006,38.64
,08.01.2006,28.9
,09.01.2006,47.69
,10.01.2006,65.6
,11.01.2006,63.23
,12.01.2006,62.33
,13.01.2006,49.56
,14.01.2006,72.43
,15.01.2006,70.43
,16.01.2006,51.36
,17.01.2006,72.34
,18.01.2006,58.35
,19.01.2006,30.72
,20.01.2006,26.13
,21.01.2006,83.77
,22.01.2006,99
,23.01.2006,87.03
,24.01.2006,79.56
,25.01.2006,51.86
,26.01.2006,58.13
,27.01.2006,38.96
,28.01.2006,74.35
,29.01.2006,76.06
,30.01.2006,55.69
,31.01.2006,61.48
,01.02.2006,24.95
,02.02.2006,71.03
,03.02.2006,74.66
,04.02.2006,74.43
,05.02.2006,90.73
,06.02.2006,81.77
,07.02.2006,69.02
,08.02.2006,61.85
,09.02.2006,78.52
,10.02.2006,52.39
,11.02.2006,73.34
,12.02.2006,60.39
,13.02.2006,62.33
,14.02.2006,67.92
,15.02.2006,90.16
,16.02.2006,82.31
,17.02.2006,31.97
,18.02.2006,52.49
,19.02.2006,69.86
,20.02.2006,42.99
,21.02.2006,49.93
,22.02.2006,75.77
,23.02.2006,89.35
,24.02.2006,83.99
,25.02.2006,85.44
,26.02.2006,89.55
,27.02.2006,96.34
,28.02.2006,95.13
,01.03.2006,80.46
,02.03.2006,70.62
,03.03.2006,49.64
,04.03.2006,90.79
,05.03.2006,71.79
,06.03.2006,43.54
,07.03.2006,56.2
,08.03.2006,49.65
,09.03.2006,54.16
,10.03.2006,40.17
,11.03.2006,36.46
,12.03.2006,34.81
,13.03.2006,31.79
,14.03.2006,25.55
,15.03.2006,22.7
,16.03.2006,37.03
,17.03.2006,85.59
,18.03.2006,99
,19.03.2006,93.34
,20.03.2006,83.15
,21.03.2006,82.7
,22.03.2006,59.06
,23.03.2006,52.86
,24.03.2006,93.86
,25.03.2006,63
,26.03.2006,58.52
,27.03.2006,66.17
,28.03.2006,56.04
,29.03.2006,59.94
,30.03.2006,53.68
,31.03.2006,38.07
,01.04.2006,24.75
,02.04.2006,24.32
,03.04.2006,49.33
,04.04.2006,36.96
,05.04.2006,84.58
,06.04.2006,97.48
,07.04.2006,86.69
,08.04.2006,66.03
,09.04.2006,36.21
,10.04.2006,25.21
,11.04.2006,43.48
,12.04.2006,29.63
,13.04.2006,22.04
,14.04.2006,22.75
,15.04.2006,49.95
,16.04.2006,46.77
,17.04.2006,68.77
,18.04.2006,66.97
,19.04.2006,68.7
,20.04.2006,56.9
,21.04.2006,62.49
,22.04.2006,74.55
,23.04.2006,98.7
,24.04.2006,97.68
,25.04.2006,94.41
,26.04.2006,69.32
,27.04.2006,55.73
,28.04.2006,84.26
,29.04.2006,85.16
,30.04.2006,82.97
,01.05.2006,79.2
,02.05.2006,70.64
,03.05.2006,53.97
,04.05.2006,42.88
,05.05.2006,39.73
,06.05.2006,58.9
,07.05.2006,66.65
,08.05.2006,86.14
,09.05.2006,93.43
,10.05.2006,95.11
,11.05.2006,83.15
,12.05.2006,64.98
,13.05.2006,46.22
,14.05.2006,46.86
,15.05.2006,70.26
,16.05.2006,68.77
,17.05.2006,56.24
,18.05.2006,59.78
,19.05.2006,66.69
,20.05.2006,60.53
,21.05.2006,52.75
,22.05.2006,51.53
,23.05.2006,75.45
,24.05.2006,81.7
,25.05.2006,85.67
,26.05.2006,83.78
,27.05.2006,68.63
,28.05.2006,72.05
,29.05.2006,43.1
,30.05.2006,59.94
,31.05.2006,90.53
,01.06.2006,72.6
,02.06.2006,73.46
,03.06.2006,83.12
,04.06.2006,95.84
,05.06.2006,81.21
,06.06.2006,85.18
,07.06.2006,69.78
,08.06.2006,61.53
,09.06.2006,65.54
,10.06.2006,74.28
,11.06.2006,57.56
,12.06.2006,58.48
,13.06.2006,76.16
,14.06.2006,68.39
,15.06.2006,63.06
,16.06.2006,64.4
,17.06.2006,81.92
,18.06.2006,87.93
,19.06.2006,83.4
,20.06.2006,79.33
,21.06.2006,53.03
,22.06.2006,57.67
,23.06.2006,66.53
,24.06.2006,86.26
,25.06.2006,73.66
,26.06.2006,49.81
,27.06.2006,41.78
,28.06.2006,52.01
,29.06.2006,82.16
,30.06.2006,63.07
,01.07.2006,46.17
,02.07.2006,26.62
,03.07.2006,22.22
,04.07.2006,20.21
,05.07.2006,22.2
,06.07.2006,27.06
,07.07.2006,49.9
,08.07.2006,36.13
,09.07.2006,37.31
,10.07.2006,30.21
,11.07.2006,42.42
,12.07.2006,52.48
,13.07.2006,33.03
,14.07.2006,22.87
,15.07.2006,46.76
,16.07.2006,34.94
,17.07.2006,29.67
,18.07.2006,42.91
,19.07.2006,58.53
,20.07.2006,47.63
,21.07.2006,35.29
,22.07.2006,59.31
,23.07.2006,50.13
,24.07.2006,30
,25.07.2006,32.07
,26.07.2006,46.57
,27.07.2006,62.78
,28.07.2006,75.23
,29.07.2006,70.93
,30.07.2006,61.05
,31.07.2006,46.41
,01.08.2006,34.21
,02.08.2006,39.23
,03.08.2006,56.59
,04.08.2006,52.91
,05.08.2006,68.44
,06.08.2006,62.53
,07.08.2006,58.41
,08.08.2006,53.1
,09.08.2006,51.22
,10.08.2006,39.69
,11.08.2006,18.93
,12.08.2006,59.93
,13.08.2006,57.17
,14.08.2006,29.14
,15.08.2006,52.6
,16.08.2006,36.55
,17.08.2006,33.09
,18.08.2006,31.36
,19.08.2006,48.02
,20.08.2006,56.17
,21.08.2006,46.35
,22.08.2006,56.78
,23.08.2006,46.68
,24.08.2006,68.61
,25.08.2006,54.2
,26.08.2006,45.76
,27.08.2006,76.09
,28.08.2006,79.71
,29.08.2006,79.58
,30.08.2006,59.75
,31.08.2006,47.35
,01.09.2006,26.63
,02.09.2006,34.42
,03.09.2006,47.03
,04.09.2006,35.22
,05.09.2006,23.91
,06.09.2006,31.46
,07.09.2006,42.06
,08.09.2006,57.16
,09.09.2006,80.15
,10.09.2006,88.5
,11.09.2006,84.4
,12.09.2006,82.73
,13.09.2006,80.28
,14.09.2006,49.91
,15.09.2006,46.87
,16.09.2006,40.05
,17.09.2006,43.99
,18.09.2006,52.13
,19.09.2006,53.78
,20.09.2006,42.38
,21.09.2006,65.71
,22.09.2006,55.95
,23.09.2006,46.71
,24.09.2006,45.64
,25.09.2006,70.33
,26.09.2006,84.63
,27.09.2006,64.77
,28.09.2006,67.95
,29.09.2006,59.05
,30.09.2006,30.61
,01.10.2006,63.65
,02.10.2006,97.12
,03.10.2006,89.49
,04.10.2006,63.95
,05.10.2006,55.22
,06.10.2006,69.51
,07.10.2006,55.03
,08.10.2006,51.25
,09.10.2006,66.69
,10.10.2006,31.15
,11.10.2006,34.38
,12.10.2006,69.93
,13.10.2006,50.65
,14.10.2006,36.11
,15.10.2006,40.78
,16.10.2006,44.46
,17.10.2006,43.47
,18.10.2006,29.48
,19.10.2006,50.29
,20.10.2006,25.61
,21.10.2006,57.03
,22.10.2006,90.59
,23.10.2006,99
,24.10.2006,99
,25.10.2006,76.23
,26.10.2006,71.07
,27.10.2006,95.77
,28.10.2006,76.68
,29.10.2006,96.24
,30.10.2006,93.33
,31.10.2006,99
,01.11.2006,99
,02.11.2006,98.93
,03.11.2006,76.48
,04.11.2006,76.35
,05.11.2006,65.93
,06.11.2006,65.62
,07.11.2006,50.19
,08.11.2006,50.79
,09.11.2006,58.28
,10.11.2006,41.61
,11.11.2006,58.73
,12.11.2006,54.44
,13.11.2006,55.55
,14.11.2006,74.97
,15.11.2006,65.98
,16.11.2006,56.88
,17.11.2006,31.36
,18.11.2006,45.79
,19.11.2006,33.03
,20.11.2006,48.96
,21.11.2006,55.29
,22.11.2006,45.18
,23.11.2006,69.95
,24.11.2006,96.23
,25.11.2006,90.15
,26.11.2006,88.08
,27.11.2006,73.4
,28.11.2006,66.85
,29.11.2006,61.48
,30.11.2006,67.43
,01.12.2006,61.22
,02.12.2006,60.53
,03.12.2006,97.83
,04.12.2006,98.3
,05.12.2006,83.04
,06.12.2006,58.88
,07.12.2006,61.28
,08.12.2006,69.94
,09.12.2006,57.95
,10.12.2006,32.76
,11.12.2006,42.52
,12.12.2006,52.82
,13.12.2006,42.83
,14.12.2006,46.27
,15.12.2006,47.93
,16.12.2006,51.17
,17.12.2006,54.37
,18.12.2006,73.01
,19.12.2006,46.16
,20.12.2006,48.61
,21.12.2006,56.89
,22.12.2006,67.16
,23.12.2006,74.42
,24.12.2006,84.73
,25.12.2006,71.2
,26.12.2006,52.66
,27.12.2006,39.78
,28.12.2006,46.98
,29.12.2006,36.7
,30.12.2006,37.73
,31.12.2006,44.85
,01.01.2007,61.07
,02.01.2007,52.71
,03.01.2007,42.6
,04.01.2007,60.78
,05.01.2007,62.9
,06.01.2007,77.23
,07.01.2007,38.64
,08.01.2007,28.9
,09.01.2007,47.69
,10.01.2007,65.6
,11.01.2007,63.23
,12.01.2007,62.33
,13.01.2007,49.56
,14.01.2007,72.43
,15.01.2007,70.43
,16.01.2007,51.36
,17.01.2007,72.34
,18.01.2007,58.35
,19.01.2007,30.72
,20.01.2007,26.13
,21.01.2007,83.77
,22.01.2007,99
,23.01.2007,87.03
,24.01.2007,79.56
,25.01.2007,51.86
,26.01.2007,58.13
,27.01.2007,38.96
,28.01.2007,74.35
,29.01.2007,76.06
,30.01.2007,55.69
,31.01.2007,61.48
,01.02.2007,24.95
,02.02.2007,71.03
,03.02.2007,74.66
,04.02.2007,74.43
,05.02.2007,90.73
,06.02.2007,81.77
,07.02.2007,69.02
,08.02.2007,61.85
,09.02.2007,78.52
,10.02.2007,52.39
,11.02.2007,73.34
,12.02.2007,60.39
,13.02.2007,62.33
,14.02.2007,67.92
,15.02.2007,90.16
,16.02.2007,82.31
,17.02.2007,31.97
,18.02.2007,52.49
,19.02.2007,69.86
,20.02.2007,42.99
,21.02.2007,49.93
,22.02.2007,75.77
,23.02.2007,89.35
,24.02.2007,83.99
,25.02.2007,85.44
,26.02.2007,89.55
,27.02.2007,96.34
,28.02.2007,95.13
,01.03.2007,80.46
,02.03.2007,70.62
,03.03.2007,49.64
,04.03.2007,90.79
,05.03.2007,71.79
,06.03.2007,43.54
,07.03.2007,56.2
,08.03.2007,49.65
,09.03.2007,54.16
,10.03.2007,40.17
,11.03.2007,36.46
,12.03.2007,34.81
,13.03.2007,31.79
,14.03.2007,25.55
,15.03.2007,22.7
,16.03.2007,37.03
,17.03.2007,85.59
,18.03.2007,99
,19.03.2007,93.34
,20.03.2007,83.15
,21.03.2007,82.7
,22.03.2007,59.06
,23.03.2007,52.86
,24.03.2007,93.86
,25.03.2007,63
,26.03.2007,58.52
,27.03.2007,66.17
,28.03.2007,56.04
,29.03.2007,59.94
,30.03.2007,53.68
,31.03.2007,38.07
,01.04.2007,24.75
,02.04.2007,24.32
,03.04.2007,49.33
,04.04.2007,36.96
,05.04.2007,84.58
,06.04.2007,97.48
,07.04.2007,86.69
,08.04.2007,66.03
,09.04.2007,36.21
,10.04.2007,25.21
,11.04.2007,43.48
,12.04.2007,29.63
,13.04.2007,22.04
,14.04.2007,22.75
,15.04.2007,49.95
,16.04.2007,46.77
,17.04.2007,68.77
,18.04.2007,66.97
,19.04.2007,68.7
,20.04.2007,56.9
,21.04.2007,62.49
,22.04.2007,74.55
,23.04.2007,98.7
,24.04.2007,97.68
,25.04.2007,94.41
,26.04.2007,69.32
,27.04.2007,55.73
,28.04.2007,84.26
,29.04.2007,85.16
,30.04.2007,82.97
,01.05.2007,79.2
,02.05.2007,70.64
,03.05.2007,53.97
,04.05.2007,42.88
,05.05.2007,39.73
,06.05.2007,58.9
,07.05.2007,66.65
,08.05.2007,86.14
,09.05.2007,93.43
,10.05.2007,95.11
,11.05.2007,83.15
,12.05.2007,64.98
,13.05.2007,46.22
,14.05.2007,46.86
,15.05.2007,70.26
,16.05.2007,68.77
,17.05.2007,56.24
,18.05.2007,59.78
,19.05.2007,66.69
,20.05.2007,60.53
,21.05.2007,52.75
,22.05.2007,51.53
,23.05.2007,75.45
,24.05.2007,81.7
,25.05.2007,85.67
,26.05.2007,83.78
,27.05.2007,68.63
,28.05.2007,72.05
,29.05.2007,43.1
,30.05.2007,59.94
,31.05.2007,90.53
,01.06.2007,72.6
,02.06.2007,73.46
,03.06.2007,83.12
,04.06.2007,95.84
,05.06.2007,81.21
,06.06.2007,85.18
,07.06.2007,69.78
,08.06.2007,61.53
,09.06.2007,65.54
,10.06.2007,74.28
,11.06.2007,57.56
,12.06.2007,58.48
,13.06.2007,76.16
,14.06.2007,68.39
,15.06.2007,63.06
,16.06.2007,64.4
,17.06.2007,81.92
,18.06.2007,87.93
,19.06.2007,83.4
,20.06.2007,79.33
,21.06.2007,53.03
,22.06.2007,57.67
,23.06.2007,66.53
,24.06.2007,86.26
,25.06.2007,73.66
,26.06.2007,49.81
,27.06.2007,41.78
,28.06.2007,52.01
,29.06.2007,82.16
,30.06.2007,63.07
,01.07.2007,46.17
,02.07.2007,26.62
,03.07.2007,22.22
,04.07.2007,20.21
,05.07.2007,22.2
,06.07.2007,27.06
,07.07.2007,49.9
,08.07.2007,36.13
,09.07.2007,37.31
,10.07.2007,30.21
,11.07.2007,42.42
,12.07.2007,52.48
,13.07.2007,33.03
,14.07.2007,22.87
,15.07.2007,46.76
,16.07.2007,34.94
,17.07.2007,29.67
,18.07.2007,42.91
,19.07.2007,58.53
,20.07.2007,47.63
,21.07.2007,35.29
,22.07.2007,59.31
,23.07.2007,50.13
,24.07.2007,30
,25.07.2007,32.07
,26.07.2007,46.57
,27.07.2007,62.78
,28.07.2007,75.23
,29.07.2007,70.93
,30.07.2007,61.05
,31.07.2007,46.41
,01.08.2007,34.21
,02.08.2007,39.23
,03.08.2007,56.59
,04.08.2007,52.91
,05.08.2007,68.44
,06.08.2007,62.53
,07.08.2007,58.41
,08.08.2007,53.1
,09.08.2007,51.22
,10.08.2007,39.69
,11.08.2007,18.93
,12.08.2007,59.93
,13.08.2007,57.17
,14.08.2007,29.14
,15.08.2007,52.6
,16.08.2007,36.55
,17.08.2007,33.09
,18.08.2007,31.36
,19.08.2007,48.02
,20.08.2007,56.17
,21.08.2007,46.35
,22.08.2007,56.78
,23.08.2007,46.68
,24.08.2007,68.61
,25.08.2007,54.2
,26.08.2007,45.76
,27.08.2007,76.09
,28.08.2007,79.71
,29.08.2007,79.58
,30.08.2007,59.75
,31.08.2007,47.35
,01.09.2007,26.63
,02.09.2007,34.42
,03.09.2007,47.03
,04.09.2007,35.22
,05.09.2007,23.91
,06.09.2007,31.46
,07.09.2007,42.06
,08.09.2007,57.16
,09.09.2007,80.15
,10.09.2007,88.5
,11.09.2007,84.4
,12.09.2007,82.73
,13.09.2007,80.28
,14.09.2007,49.91
,15.09.2007,46.87
,16.09.2007,40.05
,17.09.2007,43.99
,18.09.2007,52.13
,19.09.2007,53.78
,20.09.2007,42.38
,21.09.2007,65.71
,22.09.2007,55.95
,23.09.2007,46.71
,24.09.2007,45.64
,25.09.2007,70.33
,26.09.2007,84.63
,27.09.2007,64.77
,28.09.2007,67.95
,29.09.2007,59.05
,30.09.2007,30.61
,01.10.2007,63.65
,02.10.2007,97.12
,03.10.2007,89.49
,04.10.2007,63.95
,05.10.2007,55.22
,06.10.2007,69.51
,07.10.2007,55.03
,08.10.2007,51.25
,09.10.2007,66.69
,10.10.2007,31.15
,11.10.2007,34.38
,12.10.2007,69.93
,13.10.2007,50.65
,14.10.2007,36.11
,15.10.2007,40.78
,16.10.2007,44.46
,17.10.2007,43.47
,18.10.2007,29.48
,19.10.2007,50.29
,20.10.2007,25.61
,21.10.2007,57.03
,22.10.2007,90.59
,23.10.2007,99
,24.10.2007,99
,25.10.2007,76.23
,26.10.2007,71.07
,27.10.2007,95.77
,28.10.2007,76.68
,29.10.2007,96.24
,30.10.2007,93.33
,31.10.2007,99
,01.11.2007,99
,02.11.2007,98.93
,03.11.2007,76.48
,04.11.2007,76.35
,05.11.2007,65.93
,06.11.2007,65.62
,07.11.2007,50.19
,08.11.2007,50.79
,09.11.2007,58.28
,10.11.2007,41.61
,11.11.2007,58.73
,12.11.2007,54.44
,13.11.2007,55.55
,14.11.2007,74.97
,15.11.2007,65.98
,16.11.2007,56.88
,17.11.2007,31.36
,18.11.2007,45.79
,19.11.2007,33.03
,20.11.2007,48.96
,21.11.2007,55.29
,22.11.2007,45.18
,23.11.2007,69.95
,24.11.2007,96.23
,25.11.2007,90.15
,26.11.2007,88.08
,27.11.2007,73.4
,28.11.2007,66.85
,29.11.2007,61.48
,30.11.2007,67.43
,01.12.2007,61.22
,02.12.2007,60.53
,03.12.2007,97.83
,04.12.2007,98.3
,05.12.2007,83.04
,06.12.2007,58.88
,07.12.2007,61.28
,08.12.2007,69.94
,09.12.2007,57.95
,10.12.2007,32.76
,11.12.2007,42.52
,12.12.2007,52.82
,13.12.2007,42.83
,14.12.2007,46.27
,15.12.2007,47.93
,16.12.2007,51.17
,17.12.2007,54.37
,18.12.2007,73.01
,19.12.2007,46.16
,20.12.2007,48.61
,21.12.2007,56.89
,22.12.2007,67.16
,23.12.2007,74.42
,24.12.2007,84.73
,25.12.2007,71.2
,26.12.2007,52.66
,27.12.2007,39.78
,28.12.2007,46.98
,29.12.2007,36.7
,30.12.2007,37.73
,31.12.2007,44.85
,01.01.2008,61.07
,02.01.2008,52.71
,03.01.2008,42.6
,04.01.2008,60.78
,05.01.2008,62.9
,06.01.2008,77.23
,07.01.2008,38.64
,08.01.2008,28.9
,09.01.2008,47.69
,10.01.2008,65.6
,11.01.2008,63.23
,12.01.2008,62.33
,13.01.2008,49.56
,14.01.2008,72.43
,15.01.2008,70.43
,16.01.2008,51.36
,17.01.2008,72.34
,18.01.2008,58.35
,19.01.2008,30.72
,20.01.2008,26.13
,21.01.2008,83.77
,22.01.2008,99
,23.01.2008,87.03
,24.01.2008,79.56
,25.01.2008,51.86
,26.01.2008,58.13
,27.01.2008,38.96
,28.01.2008,74.35
,29.01.2008,76.06
,30.01.2008,55.69
,31.01.2008,61.48
,01.02.2008,24.95
,02.02.2008,71.03
,03.02.2008,74.66
,04.02.2008,74.43
,05.02.2008,90.73
,06.02.2008,81.77
,07.02.2008,69.02
,08.02.2008,61.85
,09.02.2008,78.52
,10.02.2008,52.39
,11.02.2008,73.34
,12.02.2008,60.39
,13.02.2008,62.33
,14.02.2008,67.92
,15.02.2008,90.16
,16.02.2008,82.31
,17.02.2008,31.97
,18.02.2008,52.49
,19.02.2008,69.86
,20.02.2008,42.99
,21.02.2008,49.93
,22.02.2008,75.77
,23.02.2008,89.35
,24.02.2008,83.99
,25.02.2008,85.44
,26.02.2008,89.55
,27.02.2008,96.34
,28.02.2008,95.13
,29.02.2008,87.8
,01.03.2008,80.46
,02.03.2008,70.62
,03.03.2008,49.64
,04.03.2008,90.79
,05.03.2008,71.79
,06.03.2008,43.54
,07.03.2008,56.2
,08.03.2008,49.65
,09.03.2008,54.16
,10.03.2008,40.17
,11.03.2008,36.46
,12.03.2008,34.81
,13.03.2008,31.79
,14.03.2008,25.55
,15.03.2008,22.7
,16.03.2008,37.03
,17.03.2008,85.59
,18.03.2008,99
,19.03.2008,93.34
,20.03.2008,83.15
,21.03.2008,82.7
,22.03.2008,59.06
,23.03.2008,52.86
,24.03.2008,93.86
,25.03.2008,63
,26.03.2008,58.52
,27.03.2008,66.17
,28.03.2008,56.04
,29.03.2008,59.94
,30.03.2008,53.68
,31.03.2008,38.07
,01.04.2008,24.75
,02.04.2008,24.32
,03.04.2008,49.33
,04.04.2008,36.96
,05.04.2008,84.58
,06.04.2008,97.48
,07.04.2008,86.69
,08.04.2008,66.03
,09.04.2008,36.21
,10.04.2008,25.21
,11.04.2008,43.48
,12.04.2008,29.63
,13.04.2008,22.04
,14.04.2008,22.75
,15.04.2008,49.95
,16.04.2008,46.77
,17.04.2008,68.77
,18.04.2008,66.97
,19.04.2008,68.7
,20.04.2008,56.9
,21.04.2008,62.49
,22.04.2008,74.55
,23.04.2008,98.7
,24.04.2008,97.68
,25.04.2008,94.41
,26.04.2008,69.32
,27.04.2008,55.73
,28.04.2008,84.26
,29.04.2008,85.16
,30.04.2008,82.97
,01.05.2008,79.2
,02.05.2008,70.64
,03.05.2008,53.97
,04.05.2008,42.88
,05.05.2008,39.73
,06.05.2008,58.9
,07.05.2008,66.65
,08.05.2008,86.14
,09.05.2008,93.43
,10.05.2008,95.11
,11.05.2008,83.15
,12.05.2008,64.98
,13.05.2008,46.22
,14.05.2008,46.86
,15.05.2008,70.26
,16.05.2008,68.77
,17.05.2008,56.24
,18.05.2008,59.78
,19.05.2008,66.69
,20.05.2008,60.53
,21.05.2008,52.75
,22.05.2008,51.53
,23.05.2008,75.45
,24.05.2008,81.7
,25.05.2008,85.67
,26.05.2008,83.78
,27.05.2008,68.63
,28.05.2008,72.05
,29.05.2008,43.1
,30.05.2008,59.94
,31.05.2008,90.53
,01.06.2008,72.6
,02.06.2008,73.46
,03.06.2008,83.12
,04.06.2008,95.84
,05.06.2008,81.21
,06.06.2008,85.18
,07.06.2008,69.78
,08.06.2008,61.53
,09.06.2008,65.54
,10.06.2008,74.28
,11.06.2008,57.56
,12.06.2008,58.48
,13.06.2008,76.16
,14.06.2008,68.39
,15.06.2008,63.06
,16.06.2008,64.4
,17.06.2008,81.92
,18.06.2008,87.93
,19.06.2008,83.4
,20.06.2008,79.33
,21.06.2008,53.03
,22.06.2008,57.67
,23.06.2008,66.53
,24.06.2008,86.26
,25.06.2008,73.66
,26.06.2008,49.81
,27.06.2008,41.78
,28.06.2008,52.01
,29.06.2008,82.16
,30.06.2008,63.07
,01.07.2008,46.17
,02.07.2008,26.62
,03.07.2008,22.22
,04.07.2008,20.21
,05.07.2008,22.2
,06.07.2008,27.06
,07.07.2008,49.9
,08.07.2008,36.13
,09.07.2008,37.31
,10.07.2008,30.21
,11.07.2008,42.42
,12.07.2008,52.48
,13.07.2008,33.03
,14.07.2008,22.87
,15.07.2008,46.76
,16.07.2008,34.94
,17.07.2008,29.67
,18.07.2008,42.91
,19.07.2008,58.53
,20.07.2008,47.63
,21.07.2008,35.29
,22.07.2008,59.31
,23.07.2008,50.13
,24.07.2008,30
,25.07.2008,32.07
,26.07.2008,46.57
,27.07.2008,62.78
,28.07.2008,75.23
,29.07.2008,70.93
,30.07.2008,61.05
,31.07.2008,46.41
,01.08.2008,34.21
,02.08.2008,39.23
,03.08.2008,56.59
,04.08.2008,52.91
,05.08.2008,68.44
,06.08.2008,62.53
,07.08.2008,58.41
,08.08.2008,53.1
,09.08.2008,51.22
,10.08.2008,39.69
,11.08.2008,18.93
,12.08.2008,59.93
,13.08.2008,57.17
,14.08.2008,29.14
,15.08.2008,52.6
,16.08.2008,36.55
,17.08.2008,33.09
,18.08.2008,31.36
,19.08.2008,48.02
,20.08.2008,56.17
,21.08.2008,46.35
,22.08.2008,56.78
,23.08.2008,46.68
,24.08.2008,68.61
,25.08.2008,54.2
,26.08.2008,45.76
,27.08.2008,76.09
,28.08.2008,79.71
,29.08.2008,79.58
,30.08.2008,59.75
,31.08.2008,47.35
,01.09.2008,26.63
,02.09.2008,34.42
,03.09.2008,47.03
,04.09.2008,35.22
,05.09.2008,23.91
,06.09.2008,31.46
,07.09.2008,42.06
,08.09.2008,57.16
,09.09.2008,80.15
,10.09.2008,88.5
,11.09.2008,84.4
,12.09.2008,82.73
,13.09.2008,80.28
,14.09.2008,49.91
,15.09.2008,46.87
,16.09.2008,40.05
,17.09.2008,43.99
,18.09.2008,52.13
,19.09.2008,53.78
,20.09.2008,42.38
,21.09.2008,65.71
,22.09.2008,55.95
,23.09.2008,46.71
,24.09.2008,45.64
,25.09.2008,70.33
,26.09.2008,84.63
,27.09.2008,64.77
,28.09.2008,67.95
,29.09.2008,59.05
,30.09.2008,30.61
,01.10.2008,63.65
,02.10.2008,97.12
,03.10.2008,89.49
,04.10.2008,63.95
,05.10.2008,55.22
,06.10.2008,69.51
,07.10.2008,55.03
,08.10.2008,51.25
,09.10.2008,66.69
,10.10.2008,31.15
,11.10.2008,34.38
,12.10.2008,69.93
,13.10.2008,50.65
,14.10.2008,36.11
,15.10.2008,40.78
,16.10.2008,44.46
,17.10.2008,43.47
,18.10.2008,29.48
,19.10.2008,50.29
,20.10.2008,25.61
,21.10.2008,57.03
,22.10.2008,90.59
,23.10.2008,99
,24.10.2008,99
,25.10.2008,76.23
,26.10.2008,71.07
,27.10.2008,95.77
,28.10.2008,76.68
,29.10.2008,96.24
,30.10.2008,93.33
,31.10.2008,99
,01.11.2008,99
,02.11.2008,98.93
,03.11.2008,76.48
,04.11.2008,76.35
,05.11.2008,65.93
,06.11.2008,65.62
,07.11.2008,50.19
,08.11.2008,50.79
,09.11.2008,58.28
,10.11.2008,41.61
,11.11.2008,58.73
,12.11.2008,54.44
,13.11.2008,55.55
,14.11.2008,74.97
,15.11.2008,65.98
,16.11.2008,56.88
,17.11.2008,31.36
,18.11.2008,45.79
,19.11.2008,33.03
,20.11.2008,48.96
,21.11.2008,55.29
,22.11.2008,45.18
,23.11.2008,69.95
,24.11.2008,96.23
,25.11.2008,90.15
,26.11.2008,88.08
,27.11.2008,73.4
,28.11.2008,66.85
,29.11.2008,61.48
,30.11.2008,67.43
,01.12.2008,61.22
,02.12.2008,60.53
,03.12.2008,97.83
,04.12.2008,98.3
,05.12.2008,83.04
,06.12.2008,58.88
,07.12.2008,61.28
,08.12.2008,69.94
,09.12.2008,57.95
,10.12.2008,32.76
,11.12.2008,42.52
,12.12.2008,52.82
,13.12.2008,42.83
,14.12.2008,46.27
,15.12.2008,47.93
,16.12.2008,51.17
,17.12.2008,54.37
,18.12.2008,73.01
,19.12.2008,46.16
,20.12.2008,48.61
,21.12.2008,56.89
,22.12.2008,67.16
,23.12.2008,74.42
,24.12.2008,84.73
,25.12.2008,71.2
,26.12.2008,52.66
,27.12.2008,39.78
,28.12.2008,46.98
,29.12.2008,36.7
,30.12.2008,37.73
,31.12.2008,44.85
,01.01.2009,61.07
,02.01.2009,52.71
,03.01.2009,42.6
,04.01.2009,60.78
,05.01.2009,62.9
,06.01.2009,77.23
,07.01.2009,38.64
,08.01.2009,28.9
,09.01.2009,47.69
,10.01.2009,65.6
,11.01.2009,63.23
,12.01.2009,62.33
,13.01.2009,49.56
,14.01.2009,72.43
,15.01.2009,70.43
,16.01.2009,51.36
,17.01.2009,72.34
,18.01.2009,58.35
,19.01.2009,30.72
,20.01.2009,26.13
,21.01.2009,83.77
,22.01.2009,99
,23.01.2009,87.03
,24.01.2009,79.56
,25.01.2009,51.86
,26.01.2009,58.13
,27.01.2009,38.96
,28.01.2009,74.35
,29.01.2009,76.06
,30.01.2009,55.69
,31.01.2009,61.48
,01.02.2009,24.95
,02.02.2009,71.03
,03.02.2009,74.66
,04.02.2009,74.43
,05.02.2009,90.73
,06.02.2009,81.77
,07.02.2009,69.02
,08.02.2009,61.85
,09.02.2009,78.52
,10.02.2009,52.39
,11.02.2009,73.34
,12.02.2009,60.39
,13.02.2009,62.33
,14.02.2009,67.92
,15.02.2009,90.16
,16.02.2009,82.31
,17.02.2009,31.97
,18.02.2009,52.49
,19.02.2009,69.86
,20.02.2009,42.99
,21.02.2009,49.93
,22.02.2009,75.77
,23.02.2009,89.35
,24.02.2009,83.99
,25.02.2009,85.44
,26.02.2009,89.55
,27.02.2009,96.34
,28.02.2009,95.13
,01.03.2009,80.46
,02.03.2009,70.62
,03.03.2009,49.64
,04.03.2009,90.79
,05.03.2009,71.79
,06.03.2009,43.54
,07.03.2009,56.2
,08.03.2009,49.65
,09.03.2009,54.16
,10.03.2009,40.17
,11.03.2009,36.46
,12.03.2009,34.81
,13.03.2009,31.79
,14.03.2009,25.55
,15.03.2009,22.7
,16.03.2009,37.03
,17.03.2009,85.59
,18.03.2009,99
,19.03.2009,93.34
,20.03.2009,83.15
,21.03.2009,82.7
,22.03.2009,59.06
,23.03.2009,52.86
,24.03.2009,93.86
,25.03.2009,63
,26.03.2009,58.52
,27.03.2009,66.17
,28.03.2009,56.04
,29.03.2009,59.94
,30.03.2009,53.68
,31.03.2009,38.07
,01.04.2009,24.75
,02.04.2009,24.32
,03.04.2009,49.33
,04.04.2009,36.96
,05.04.2009,84.58
,06.04.2009,97.48
,07.04.2009,86.69
,08.04.2009,66.03
,09.04.2009,36.21
,10.04.2009,25.21
,11.04.2009,43.48
,12.04.2009,29.63
,13.04.2009,22.04
,14.04.2009,22.75
,15.04.2009,49.95
,16.04.2009,46.77
,17.04.2009,68.77
,18.04.2009,66.97
,19.04.2009,68.7
,20.04.2009,56.9
,21.04.2009,62.49
,22.04.2009,74.55
,23.04.2009,98.7
,24.04.2009,97.68
,25.04.2009,94.41
,26.04.2009,69.32
,27.04.2009,55.73
,28.04.2009,84.26
,29.04.2009,85.16
,30.04.2009,82.97
,01.05.2009,79.2
,02.05.2009,70.64
,03.05.2009,53.97
,04.05.2009,42.88
,05.05.2009,39.73
,06.05.2009,58.9
,07.05.2009,66.65
,08.05.2009,86.14
,09.05.2009,93.43
,10.05.2009,95.11
,11.05.2009,83.15
,12.05.2009,64.98
,13.05.2009,46.22
,14.05.2009,46.86
,15.05.2009,70.26
,16.05.2009,68.77
,17.05.2009,56.24
,18.05.2009,59.78
,19.05.2009,66.69
,20.05.2009,60.53
,21.05.2009,52.75
,22.05.2009,51.53
,23.05.2009,75.45
,24.05.2009,81.7
,25.05.2009,85.67
,26.05.2009,83.78
,27.05.2009,68.63
,28.05.2009,72.05
,29.05.2009,43.1
,30.05.2009,59.94
,31.05.2009,90.53
,01.06.2009,72.6
,02.06.2009,73.46
,03.06.2009,83.12
,04.06.2009,95.84
,05.06.2009,81.21
,06.06.2009,85.18
,07.06.2009,69.78
,08.06.2009,61.53
,09.06.2009,65.54
,10.06.2009,74.28
,11.06.2009,57.56
,12.06.2009,58.48
,13.06.2009,76.16
,14.06.2009,68.39
,15.06.2009,63.06
,16.06.2009,64.4
,17.06.2009,81.92
,18.06.2009,87.93
,19.06.2009,83.4
,20.06.2009,79.33
,21.06.2009,53.03
,22.06.2009,57.67
,23.06.2009,66.53
,24.06.2009,86.26
,25.06.2009,73.66
,26.06.2009,49.81
,27.06.2009,41.78
,28.06.2009,52.01
,29.06.2009,82.16
,30.06.2009,63.07
,01.07.2009,46.17
,02.07.2009,26.62
,03.07.2009,22.22
,04.07.2009,20.21
,05.07.2009,22.2
,06.07.2009,27.06
,07.07.2009,49.9
,08.07.2009,36.13
,09.07.2009,37.31
,10.07.2009,30.21
,11.07.2009,42.42
,12.07.2009,52.48
,13.07.2009,33.03
,14.07.2009,22.87
,15.07.2009,46.76
,16.07.2009,34.94
,17.07.2009,29.67
,18.07.2009,42.91
,19.07.2009,58.53
,20.07.2009,47.63
,21.07.2009,35.29
,22.07.2009,59.31
,23.07.2009,50.13
,24.07.2009,30
,25.07.2009,32.07
,26.07.2009,46.57
,27.07.2009,62.78
,28.07.2009,75.23
,29.07.2009,70.93
,30.07.2009,61.05
,31.07.2009,46.41
,01.08.2009,34.21
,02.08.2009,39.23
,03.08.2009,56.59
,04.08.2009,52.91
,05.08.2009,68.44
,06.08.2009,62.53
,07.08.2009,58.41
,08.08.2009,53.1
,09.08.2009,51.22
,10.08.2009,39.69
,11.08.2009,18.93
,12.08.2009,59.93
,13.08.2009,57.17
,14.08.2009,29.14
,15.08.2009,52.6
,16.08.2009,36.55
,17.08.2009,33.09
,18.08.2009,31.36
,19.08.2009,48.02
,20.08.2009,56.17
,21.08.2009,46.35
,22.08.2009,56.78
,23.08.2009,46.68
,24.08.2009,68.61
,25.08.2009,54.2
,26.08.2009,45.76
,27.08.2009,76.09
,28.08.2009,79.71
,29.08.2009,79.58
,30.08.2009,59.75
,31.08.2009,47.35
,01.09.2009,26.63
,02.09.2009,34.42
,03.09.2009,47.03
,04.09.2009,35.22
,05.09.2009,23.91
,06.09.2009,31.46
,07.09.2009,42.06
,08.09.2009,57.16
,09.09.2009,80.15
,10.09.2009,88.5
,11.09.2009,84.4
,12.09.2009,82.73
,13.09.2009,80.28
,14.09.2009,49.91
,15.09.2009,46.87
,16.09.2009,40.05
,17.09.2009,43.99
,18.09.2009,52.13
,19.09.2009,53.78
,20.09.2009,42.38
,21.09.2009,65.71
,22.09.2009,55.95
,23.09.2009,46.71
,24.09.2009,45.64
,25.09.2009,70.33
,26.09.2009,84.63
,27.09.2009,64.77
,28.09.2009,67.95
,29.09.2009,59.05
,30.09.2009,30.61
,01.10.2009,63.65
,02.10.2009,97.12
,03.10.2009,89.49
,04.10.2009,63.95
,05.10.2009,55.22
,06.10.2009,69.51
,07.10.2009,55.03
,08.10.2009,51.25
,09.10.2009,66.69
,10.10.2009,31.15
,11.10.2009,34.38
,12.10.2009,69.93
,13.10.2009,50.65
,14.10.2009,36.11
,15.10.2009,40.78
,16.10.2009,44.46
,17.10.2009,43.47
,18.10.2009,29.48
,19.10.2009,50.29
,20.10.2009,25.61
,21.10.2009,57.03
,22.10.2009,90.59
,23.10.2009,99
,24.10.2009,99
,25.10.2009,76.23
,26.10.2009,71.07
,27.10.2009,95.77
,28.10.2009,76.68
,29.10.2009,96.24
,30.10.2009,93.33
,31.10.2009,99
,01.11.2009,99
,02.11.2009,98.93
,03.11.2009,76.48
,04.11.2009,76.35
,05.11.2009,65.93
,06.11.2009,65.62
,07.11.2009,50.19
,08.11.2009,50.79
,09.11.2009,58.28
,10.11.2009,41.61
,11.11.2009,58.73
,12.11.2009,54.44
,13.11.2009,55.55
,14.11.2009,74.97
,15.11.2009,65.98
,16.11.2009,56.88
,17.11.2009,31.36
,18.11.2009,45.79
,19.11.2009,33.03
,20.11.2009,48.96
,21.11.2009,55.29
,22.11.2009,45.18
,23.11.2009,69.95
,24.11.2009,96.23
,25.11.2009,90.15
,26.11.2009,88.08
,27.11.2009,73.4
,28.11.2009,66.85
,29.11.2009,61.48
,30.11.2009,67.43
,01.12.2009,61.22
,02.12.2009,60.53
,03.12.2009,97.83
,04.12.2009,98.3
,05.12.2009,83.04
,06.12.2009,58.88
,07.12.2009,61.28
,08.12.2009,69.94
,09.12.2009,57.95
,10.12.2009,32.76
,11.12.2009,42.52
,12.12.2009,52.82
,13.12.2009,42.83
,14.12.2009,46.27
,15.12.2009,47.93
,16.12.2009,51.17
,17.12.2009,54.37
,18.12.2009,73.01
,19.12.2009,46.16
,20.12.2009,48.61
,21.12.2009,56.89
,22.12.2009,67.16
,23.12.2009,74.42
,24.12.2009,84.73
,25.12.2009,71.2
,26.12.2009,52.66
,27.12.2009,39.78
,28.12.2009,46.98
,29.12.2009,36.7
,30.12.2009,37.73
,31.12.2009,44.85
,01.01.2010,61.07
,02.01.2010,52.71
,03.01.2010,42.6
,04.01.2010,60.78
,05.01.2010,62.9
,06.01.2010,77.23
,07.01.2010,38.64
,08.01.2010,28.9
,09.01.2010,47.69
,10.01.2010,65.6
,11.01.2010,63.23
,12.01.2010,62.33
,13.01.2010,49.56
,14.01.2010,72.43
,15.01.2010,70.43
,16.01.2010,51.36
,17.01.2010,72.34
,18.01.2010,58.35
,19.01.2010,30.72
,20.01.2010,26.13
,21.01.2010,83.77
,22.01.2010,99
,23.01.2010,87.03
,24.01.2010,79.56
,25.01.2010,51.86
,26.01.2010,58.13
,27.01.2010,38.96
,28.01.2010,74.35
,29.01.2010,76.06
,30.01.2010,55.69
,31.01.2010,61.48
,01.02.2010,24.95
,02.02.2010,71.03
,03.02.2010,74.66
,04.02.2010,74.43
,05.02.2010,90.73
,06.02.2010,81.77
,07.02.2010,69.02
,08.02.2010,61.85
,09.02.2010,78.52
,10.02.2010,52.39
,11.02.2010,73.34
,12.02.2010,60.39
,13.02.2010,62.33
,14.02.2010,67.92
,15.02.2010,90.16
,16.02.2010,82.31
,17.02.2010,31.97
,18.02.2010,52.49
,19.02.2010,69.86
,20.02.2010,42.99
,21.02.2010,49.93
,22.02.2010,75.77
,23.02.2010,89.35
,24.02.2010,83.99
,25.02.2010,85.44
,26.02.2010,89.55
,27.02.2010,96.34
,28.02.2010,95.13
,01.03.2010,80.46
,02.03.2010,70.62
,03.03.2010,49.64
,04.03.2010,90.79
,05.03.2010,71.79
,06.03.2010,43.54
,07.03.2010,56.2
,08.03.2010,49.65
,09.03.2010,54.16
,10.03.2010,40.17
,11.03.2010,36.46
,12.03.2010,34.81
,13.03.2010,31.79
,14.03.2010,25.55
,15.03.2010,22.7
,16.03.2010,37.03
,17.03.2010,85.59
,18.03.2010,99
,19.03.2010,93.34
,20.03.2010,83.15
,21.03.2010,82.7
,22.03.2010,59.06
,23.03.2010,52.86
,24.03.2010,93.86
,25.03.2010,63
,26.03.2010,58.52
,27.03.2010,66.17
,28.03.2010,56.04
,29.03.2010,59.94
,30.03.2010,53.68
,31.03.2010,38.07
,01.04.2010,24.75
,02.04.2010,24.32
,03.04.2010,49.33
,04.04.2010,36.96
,05.04.2010,84.58
,06.04.2010,97.48
,07.04.2010,86.69
,08.04.2010,66.03
,09.04.2010,36.21
,10.04.2010,25.21
,11.04.2010,43.48
,12.04.2010,29.63
,13.04.2010,22.04
,14.04.2010,22.75
,15.04.2010,49.95
,16.04.2010,46.77
,17.04.2010,68.77
,18.04.2010,66.97
,19.04.2010,68.7
,20.04.2010,56.9
,21.04.2010,62.49
,22.04.2010,74.55
,23.04.2010,98.7
,24.04.2010,97.68
,25.04.2010,94.41
,26.04.2010,69.32
,27.04.2010,55.73
,28.04.2010,84.26
,29.04.2010,85.16
,30.04.2010,82.97
,01.05.2010,79.2
,02.05.2010,70.64
,03.05.2010,53.97
,04.05.2010,42.88
,05.05.2010,39.73
,06.05.2010,58.9
,07.05.2010,66.65
,08.05.2010,86.14
,09.05.2010,93.43
,10.05.2010,95.11
,11.05.2010,83.15
,12.05.2010,64.98
,13.05.2010,46.22
,14.05.2010,46.86
,15.05.2010,70.26
,16.05.2010,68.77
,17.05.2010,56.24
,18.05.2010,59.78
,19.05.2010,66.69
,20.05.2010,60.53
,21.05.2010,52.75
,22.05.2010,51.53
,23.05.2010,75.45
,24.05.2010,81.7
,25.05.2010,85.67
,26.05.2010,83.78
,27.05.2010,68.63
,28.05.2010,72.05
,29.05.2010,43.1
,30.05.2010,59.94
,31.05.2010,90.53
,01.06.2010,72.6
,02.06.2010,73.46
,03.06.2010,83.12
,04.06.2010,95.84
,05.06.2010,81.21
,06.06.2010,85.18
,07.06.2010,69.78
,08.06.2010,61.53
,09.06.2010,65.54
,10.06.2010,74.28
,11.06.2010,57.56
,12.06.2010,58.48
,13.06.2010,76.16
,14.06.2010,68.39
,15.06.2010,63.06
,16.06.2010,64.4
,17.06.2010,81.92
,18.06.2010,87.93
,19.06.2010,83.4
,20.06.2010,79.33
,21.06.2010,53.03
,22.06.2010,57.67
,23.06.2010,66.53
,24.06.2010,86.26
,25.06.2010,73.66
,26.06.2010,49.81
,27.06.2010,41.78
,28.06.2010,52.01
,29.06.2010,82.16
,30.06.2010,63.07
,01.07.2010,46.17
,02.07.2010,26.62
,03.07.2010,22.22
,04.07.2010,20.21
,05.07.2010,22.2
,06.07.2010,27.06
,07.07.2010,49.9
,08.07.2010,36.13
,09.07.2010,37.31
,10.07.2010,30.21
,11.07.2010,42.42
,12.07.2010,52.48
,13.07.2010,33.03
,14.07.2010,22.87
,15.07.2010,46.76
,16.07.2010,34.94
,17.07.2010,29.67
,18.07.2010,42.91
,19.07.2010,58.53
,20.07.2010,47.63
,21.07.2010,35.29
,22.07.2010,59.31
,23.07.2010,50.13
,24.07.2010,30
,25.07.2010,32.07
,26.07.2010,46.57
,27.07.2010,62.78
,28.07.2010,75.23
,29.07.2010,70.93
,30.07.2010,61.05
,31.07.2010,46.41
,01.08.2010,34.21
,02.08.2010,39.23
,03.08.2010,56.59
,04.08.2010,52.91
,05.08.2010,68.44
,06.08.2010,62.53
,07.08.2010,58.41
,08.08.2010,53.1
,09.08.2010,51.22
,10.08.2010,39.69
,11.08.2010,18.93
,12.08.2010,59.93
,13.08.2010,57.17
,14.08.2010,29.14
,15.08.2010,52.6
,16.08.2010,36.55
,17.08.2010,33.09
,18.08.2010,31.36
,19.08.2010,48.02
,20.08.2010,56.17
,21.08.2010,46.35
,22.08.2010,56.78
,23.08.2010,46.68
,24.08.2010,68.61
,25.08.2010,54.2
,26.08.2010,45.76
,27.08.2010,76.09
,28.08.2010,79.71
,29.08.2010,79.58
,30.08.2010,59.75
,31.08.2010,47.35
,01.09.2010,26.63
,02.09.2010,34.42
,03.09.2010,47.03
,04.09.2010,35.22
,05.09.2010,23.91
,06.09.2010,31.46
,07.09.2010,42.06
,08.09.2010,57.16
,09.09.2010,80.15
,10.09.2010,88.5
,11.09.2010,84.4
,12.09.2010,82.73
,13.09.2010,80.28
,14.09.2010,49.91
,15.09.2010,46.87
,16.09.2010,40.05
,17.09.2010,43.99
,18.09.2010,52.13
,19.09.2010,53.78
,20.09.2010,42.38
,21.09.2010,65.71
,22.09.2010,55.95
,23.09.2010,46.71
,24.09.2010,45.64
,25.09.2010,70.33
,26.09.2010,84.63
,27.09.2010,64.77
,28.09.2010,67.95
,29.09.2010,59.05
,30.09.2010,30.61
,01.10.2010,63.65
,02.10.2010,97.12
,03.10.2010,89.49
,04.10.2010,63.95
,05.10.2010,55.22
,06.10.2010,69.51
,07.10.2010,55.03
,08.10.2010,51.25
,09.10.2010,66.69
,10.10.2010,31.15
,11.10.2010,34.38
,12.10.2010,69.93
,13.10.2010,50.65
,14.10.2010,36.11
,15.10.2010,40.78
,16.10.2010,44.46
,17.10.2010,43.47
,18.10.2010,29.48
,19.10.2010,50.29
,20.10.2010,25.61
,21.10.2010,57.03
,22.10.2010,90.59
,23.10.2010,99
,24.10.2010,99
,25.10.2010,76.23
,26.10.2010,71.07
,27.10.2010,95.77
,28.10.2010,76.68
,29.10.2010,96.24
,30.10.2010,93.33
,31.10.2010,99
,01.11.2010,99
,02.11.2010,98.93
,03.11.2010,76.48
,04.11.2010,76.35
,05.11.2010,65.93
,06.11.2010,65.62
,07.11.2010,50.19
,08.11.2010,50.79
,09.11.2010,58.28
,10.11.2010,41.61
,11.11.2010,58.73
,12.11.2010,54.44
,13.11.2010,55.55
,14.11.2010,74.97
,15.11.2010,65.98
,16.11.2010,56.88
,17.11.2010,31.36
,18.11.2010,45.79
,19.11.2010,33.03
,20.11.2010,48.96
,21.11.2010,55.29
,22.11.2010,45.18
,23.11.2010,69.95
,24.11.2010,96.23
,25.11.2010,90.15
,26.11.2010,88.08
,27.11.2010,73.4
,28.11.2010,66.85
,29.11.2010,61.48
,30.11.2010,67.43
,01.12.2010,61.22
,02.12.2010,60.53
,03.12.2010,97.83
,04.12.2010,98.3
,05.12.2010,83.04
,06.12.2010,58.88
,07.12.2010,61.28
,08.12.2010,69.94
,09.12.2010,57.95
,10.12.2010,32.76
,11.12.2010,42.52
,12.12.2010,52.82
,13.12.2010,42.83
,14.12.2010,46.27
,15.12.2010,47.93
,16.12.2010,51.17
,17.12.2010,54.37
,18.12.2010,73.01
,19.12.2010,46.16
,20.12.2010,48.61
,21.12.2010,56.89
,22.12.2010,67.16
,23.12.2010,74.42
,24.12.2010,84.73
,25.12.2010,71.2
,26.12.2010,52.66
,27.12.2010,39.78
,28.12.2010,46.98
,29.12.2010,36.7
,30.12.2010,37.73
,31.12.2010,44.85
,01.01.2011,61.07
,02.01.2011,52.71
,03.01.2011,42.6
,04.01.2011,60.78
,05.01.2011,62.9
,06.01.2011,77.23
,07.01.2011,38.64
,08.01.2011,28.9
,09.01.2011,47.69
,10.01.2011,65.6
,11.01.2011,63.23
,12.01.2011,62.33
,13.01.2011,49.56
,14.01.2011,72.43
,15.01.2011,70.43
,16.01.2011,51.36
,17.01.2011,72.34
,18.01.2011,58.35
,19.01.2011,30.72
,20.01.2011,26.13
,21.01.2011,83.77
,22.01.2011,99
,23.01.2011,87.03
,24.01.2011,79.56
,25.01.2011,51.86
,26.01.2011,58.13
,27.01.2011,38.96
,28.01.2011,74.35
,29.01.2011,76.06
,30.01.2011,55.69
,31.01.2011,61.48
,01.02.2011,24.95
,02.02.2011,71.03
,03.02.2011,74.66
,04.02.2011,74.43
,05.02.2011,90.73
,06.02.2011,81.77
,07.02.2011,69.02
,08.02.2011,61.85
,09.02.2011,78.52
,10.02.2011,52.39
,11.02.2011,73.34
,12.02.2011,60.39
,13.02.2011,62.33
,14.02.2011,67.92
,15.02.2011,90.16
,16.02.2011,82.31
,17.02.2011,31.97
,18.02.2011,52.49
,19.02.2011,69.86
,20.02.2011,42.99
,21.02.2011,49.93
,22.02.2011,75.77
,23.02.2011,89.35
,24.02.2011,83.99
,25.02.2011,85.44
,26.02.2011,89.55
,27.02.2011,96.34
,28.02.2011,95.13
,01.03.2011,80.46
,02.03.2011,70.62
,03.03.2011,49.64
,04.03.2011,90.79
,05.03.2011,71.79
,06.03.2011,43.54
,07.03.2011,56.2
,08.03.2011,49.65
,09.03.2011,54.16
,10.03.2011,40.17
,11.03.2011,36.46
,12.03.2011,34.81
,13.03.2011,31.79
,14.03.2011,25.55
,15.03.2011,22.7
,16.03.2011,37.03
,17.03.2011,85.59
,18.03.2011,99
,19.03.2011,93.34
,20.03.2011,83.15
,21.03.2011,82.7
,22.03.2011,59.06
,23.03.2011,52.86
,24.03.2011,93.86
,25.03.2011,63
,26.03.2011,58.52
,27.03.2011,66.17
,28.03.2011,56.04
,29.03.2011,59.94
,30.03.2011,53.68
,31.03.2011,38.07
,01.04.2011,24.75
,02.04.2011,24.32
,03.04.2011,49.33
,04.04.2011,36.96
,05.04.2011,84.58
,06.04.2011,97.48
,07.04.2011,86.69
,08.04.2011,66.03
,09.04.2011,36.21
,10.04.2011,25.21
,11.04.2011,43.48
,12.04.2011,29.63
,13.04.2011,22.04
,14.04.2011,22.75
,15.04.2011,49.95
,16.04.2011,46.77
,17.04.2011,68.77
,18.04.2011,66.97
,19.04.2011,68.7
,20.04.2011,56.9
,21.04.2011,62.49
,22.04.2011,74.55
,23.04.2011,98.7
,24.04.2011,97.68
,25.04.2011,94.41
,26.04.2011,69.32
,27.04.2011,55.73
,28.04.2011,84.26
,29.04.2011,85.16
,30.04.2011,82.97
,01.05.2011,79.2
,02.05.2011,70.64
,03.05.2011,53.97
,04.05.2011,42.88
,05.05.2011,39.73
,06.05.2011,58.9
,07.05.2011,66.65
,08.05.2011,86.14
,09.05.2011,93.43
,10.05.2011,95.11
,11.05.2011,83.15
,12.05.2011,64.98
,13.05.2011,46.22
,14.05.2011,46.86
,15.05.2011,70.26
,16.05.2011,68.77
,17.05.2011,56.24
,18.05.2011,59.78
,19.05.2011,66.69
,20.05.2011,60.53
,21.05.2011,52.75
,22.05.2011,51.53
,23.05.2011,75.45
,24.05.2011,81.7
,25.05.2011,85.67
,26.05.2011,83.78
,27.05.2011,68.63
,28.05.2011,72.05
,29.05.2011,43.1
,30.05.2011,59.94
,31.05.2011,90.53
,01.06.2011,72.6
,02.06.2011,73.46
,03.06.2011,83.12
,04.06.2011,95.84
,05.06.2011,81.21
,06.06.2011,85.18
,07.06.2011,69.78
,08.06.2011,61.53
,09.06.2011,65.54
,10.06.2011,74.28
,11.06.2011,57.56
,12.06.2011,58.48
,13.06.2011,76.16
,14.06.2011,68.39
,15.06.2011,63.06
,16.06.2011,64.4
,17.06.2011,81.92
,18.06.2011,87.93
,19.06.2011,83.4
,20.06.2011,79.33
,21.06.2011,53.03
,22.06.2011,57.67
,23.06.2011,66.53
,24.06.2011,86.26
,25.06.2011,73.66
,26.06.2011,49.81
,27.06.2011,41.78
,28.06.2011,52.01
,29.06.2011,82.16
,30.06.2011,63.07
,01.07.2011,46.17
,02.07.2011,26.62
,03.07.2011,22.22
,04.07.2011,20.21
,05.07.2011,22.2
,06.07.2011,27.06
,07.07.2011,49.9
,08.07.2011,36.13
,09.07.2011,37.31
,10.07.2011,30.21
,11.07.2011,42.42
,12.07.2011,52.48
,13.07.2011,33.03
,14.07.2011,22.87
,15.07.2011,46.76
,16.07.2011,34.94
,17.07.2011,29.67
,18.07.2011,42.91
,19.07.2011,58.53
,20.07.2011,47.63
,21.07.2011,35.29
,22.07.2011,59.31
,23.07.2011,50.13
,24.07.2011,30
,25.07.2011,32.07
,26.07.2011,46.57
,27.07.2011,62.78
,28.07.2011,75.23
,29.07.2011,70.93
,30.07.2011,61.05
,31.07.2011,46.41
,01.08.2011,34.21
,02.08.2011,39.23
,03.08.2011,56.59
,04.08.2011,52.91
,05.08.2011,68.44
,06.08.2011,62.53
,07.08.2011,58.41
,08.08.2011,53.1
,09.08.2011,51.22
,10.08.2011,39.69
,11.08.2011,18.93
,12.08.2011,59.93
,13.08.2011,57.17
,14.08.2011,29.14
,15.08.2011,52.6
,16.08.2011,36.55
,17.08.2011,33.09
,18.08.2011,31.36
,19.08.2011,48.02
,20.08.2011,56.17
,21.08.2011,46.35
,22.08.2011,56.78
,23.08.2011,46.68
,24.08.2011,68.61
,25.08.2011,54.2
,26.08.2011,45.76
,27.08.2011,76.09
,28.08.2011,79.71
,29.08.2011,79.58
,30.08.2011,59.75
,31.08.2011,47.35
,01.09.2011,26.63
,02.09.2011,34.42
,03.09.2011,47.03
,04.09.2011,35.22
,05.09.2011,23.91
,06.09.2011,31.46
,07.09.2011,42.06
,08.09.2011,57.16
,09.09.2011,80.15
,10.09.2011,88.5
,11.09.2011,84.4
,12.09.2011,82.73
,13.09.2011,80.28
,14.09.2011,49.91
,15.09.2011,46.87
,16.09.2011,40.05
,17.09.2011,43.99
,18.09.2011,52.13
,19.09.2011,53.78
,20.09.2011,42.38
,21.09.2011,65.71
,22.09.2011,55.95
,23.09.2011,46.71
,24.09.2011,45.64
,25.09.2011,70.33
,26.09.2011,84.63
,27.09.2011,64.77
,28.09.2011,67.95
,29.09.2011,59.05
,30.09.2011,30.61
,01.10.2011,63.65
,02.10.2011,97.12
,03.10.2011,89.49
,04.10.2011,63.95
,05.10.2011,55.22
,06.10.2011,69.51
,07.10.2011,55.03
,08.10.2011,51.25
,09.10.2011,66.69
,10.10.2011,31.15
,11.10.2011,34.38
,12.10.2011,69.93
,13.10.2011,50.65
,14.10.2011,36.11
,15.10.2011,40.78
,16.10.2011,44.46
,17.10.2011,43.47
,18.10.2011,29.48
,19.10.2011,50.29
,20.10.2011,25.61
,21.10.2011,57.03
,22.10.2011,90.59
,23.10.2011,99
,24.10.2011,99
,25.10.2011,76.23
,26.10.2011,71.07
,27.10.2011,95.77
,28.10.2011,76.68
,29.10.2011,96.24
,30.10.2011,93.33
,31.10.2011,99
,01.11.2011,99
,02.11.2011,98.93
,03.11.2011,76.48
,04.11.2011,76.35
,05.11.2011,65.93
,06.11.2011,65.62
,07.11.2011,50.19
,08.11.2011,50.79
,09.11.2011,58.28
,10.11.2011,41.61
,11.11.2011,58.73
,12.11.2011,54.44
,13.11.2011,55.55
,14.11.2011,74.97
,15.11.2011,65.98
,16.11.2011,56.88
,17.11.2011,31.36
,18.11.2011,45.79
,19.11.2011,33.03
,20.11.2011,48.96
,21.11.2011,55.29
,22.11.2011,45.18
,23.11.2011,69.95
,24.11.2011,96.23
,25.11.2011,90.15
,26.11.2011,88.08
,27.11.2011,73.4
,28.11.2011,66.85
,29.11.2011,61.48
,30.11.2011,67.43
,01.12.2011,61.22
,02.12.2011,60.53
,03.12.2011,97.83
,04.12.2011,98.3
,05.12.2011,83.04
,06.12.2011,58.88
,07.12.2011,61.28
,08.12.2011,69.94
,09.12.2011,57.95
,10.12.2011,32.76
,11.12.2011,42.52
,12.12.2011,52.82
,13.12.2011,42.83
,14.12.2011,46.27
,15.12.2011,47.93
,16.12.2011,51.17
,17.12.2011,54.37
,18.12.2011,73.01
,19.12.2011,46.16
,20.12.2011,48.61
,21.12.2011,56.89
,22.12.2011,67.16
,23.12.2011,74.42
,24.12.2011,84.73
,25.12.2011,71.2
,26.12.2011,52.66
,27.12.2011,39.78
,28.12.2011,46.98
,29.12.2011,36.7
,30.12.2011,37.73
,31.12.2011,44.85
,01.01.2012,61.07
,02.01.2012,52.71
,03.01.2012,42.6
,04.01.2012,60.78
,05.01.2012,62.9
,06.01.2012,77.23
,07.01.2012,38.64
,08.01.2012,28.9
,09.01.2012,47.69
,10.01.2012,65.6
,11.01.2012,63.23
,12.01.2012,62.33
,13.01.2012,49.56
,14.01.2012,72.43
,15.01.2012,70.43
,16.01.2012,51.36
,17.01.2012,72.34
,18.01.2012,58.35
,19.01.2012,30.72
,20.01.2012,26.13
,21.01.2012,83.77
,22.01.2012,99
,23.01.2012,87.03
,24.01.2012,79.56
,25.01.2012,51.86
,26.01.2012,58.13
,27.01.2012,38.96
,28.01.2012,74.35
,29.01.2012,76.06
,30.01.2012,55.69
,31.01.2012,61.48
,01.02.2012,24.95
,02.02.2012,71.03
,03.02.2012,74.66
,04.02.2012,74.43
,05.02.2012,90.73
,06.02.2012,81.77
,07.02.2012,69.02
,08.02.2012,61.85
,09.02.2012,78.52
,10.02.2012,52.39
,11.02.2012,73.34
,12.02.2012,60.39
,13.02.2012,62.33
,14.02.2012,67.92
,15.02.2012,90.16
,16.02.2012,82.31
,17.02.2012,31.97
,18.02.2012,52.49
,19.02.2012,69.86
,20.02.2012,42.99
,21.02.2012,49.93
,22.02.2012,75.77
,23.02.2012,89.35
,24.02.2012,83.99
,25.02.2012,85.44
,26.02.2012,89.55
,27.02.2012,96.34
,28.02.2012,95.13
,29.02.2012,87.8
,01.03.2012,80.46
,02.03.2012,70.62
,03.03.2012,49.64
,04.03.2012,90.79
,05.03.2012,71.79
,06.03.2012,43.54
,07.03.2012,56.2
,08.03.2012,49.65
,09.03.2012,54.16
,10.03.2012,40.17
,11.03.2012,36.46
,12.03.2012,34.81
,13.03.2012,31.79
,14.03.2012,25.55
,15.03.2012,22.7
,16.03.2012,37.03
,17.03.2012,85.59
,18.03.2012,99
,19.03.2012,93.34
,20.03.2012,83.15
,21.03.2012,82.7
,22.03.2012,59.06
,23.03.2012,52.86
,24.03.2012,93.86
,25.03.2012,63
,26.03.2012,58.52
,27.03.2012,66.17
,28.03.2012,56.04
,29.03.2012,59.94
,30.03.2012,53.68
,31.03.2012,38.07
,01.04.2012,24.75
,02.04.2012,24.32
,03.04.2012,49.33
,04.04.2012,36.96
,05.04.2012,84.58
,06.04.2012,97.48
,07.04.2012,86.69
,08.04.2012,66.03
,09.04.2012,36.21
,10.04.2012,25.21
,11.04.2012,43.48
,12.04.2012,29.63
,13.04.2012,22.04
,14.04.2012,22.75
,15.04.2012,49.95
,16.04.2012,46.77
,17.04.2012,68.77
,18.04.2012,66.97
,19.04.2012,68.7
,20.04.2012,56.9
,21.04.2012,62.49
,22.04.2012,74.55
,23.04.2012,98.7
,24.04.2012,97.68
,25.04.2012,94.41
,26.04.2012,69.32
,27.04.2012,55.73
,28.04.2012,84.26
,29.04.2012,85.16
,30.04.2012,82.97
,01.05.2012,79.2
,02.05.2012,70.64
,03.05.2012,53.97
,04.05.2012,42.88
,05.05.2012,39.73
,06.05.2012,58.9
,07.05.2012,66.65
,08.05.2012,86.14
,09.05.2012,93.43
,10.05.2012,95.11
,11.05.2012,83.15
,12.05.2012,64.98
,13.05.2012,46.22
,14.05.2012,46.86
,15.05.2012,70.26
,16.05.2012,68.77
,17.05.2012,56.24
,18.05.2012,59.78
,19.05.2012,66.69
,20.05.2012,60.53
,21.05.2012,52.75
,22.05.2012,51.53
,23.05.2012,75.45
,24.05.2012,81.7
,25.05.2012,85.67
,26.05.2012,83.78
,27.05.2012,68.63
,28.05.2012,72.05
,29.05.2012,43.1
,30.05.2012,59.94
,31.05.2012,90.53
,01.06.2012,72.6
,02.06.2012,73.46
,03.06.2012,83.12
,04.06.2012,95.84
,05.06.2012,81.21
,06.06.2012,85.18
,07.06.2012,69.78
,08.06.2012,61.53
,09.06.2012,65.54
,10.06.2012,74.28
,11.06.2012,57.56
,12.06.2012,58.48
,13.06.2012,76.16
,14.06.2012,68.39
,15.06.2012,63.06
,16.06.2012,64.4
,17.06.2012,81.92
,18.06.2012,87.93
,19.06.2012,83.4
,20.06.2012,79.33
,21.06.2012,53.03
,22.06.2012,57.67
,23.06.2012,66.53
,24.06.2012,86.26
,25.06.2012,73.66
,26.06.2012,49.81
,27.06.2012,41.78
,28.06.2012,52.01
,29.06.2012,82.16
,30.06.2012,63.07
,01.07.2012,46.17
,02.07.2012,26.62
,03.07.2012,22.22
,04.07.2012,20.21
,05.07.2012,22.2
,06.07.2012,27.06
,07.07.2012,49.9
,08.07.2012,36.13
,09.07.2012,37.31
,10.07.2012,30.21
,11.07.2012,42.42
,12.07.2012,52.48
,13.07.2012,33.03
,14.07.2012,22.87
,15.07.2012,46.76
,16.07.2012,34.94
,17.07.2012,29.67
,18.07.2012,42.91
,19.07.2012,58.53
,20.07.2012,47.63
,21.07.2012,35.29
,22.07.2012,59.31
,23.07.2012,50.13
,24.07.2012,30
,25.07.2012,32.07
,26.07.2012,46.57
,27.07.2012,62.78
,28.07.2012,75.23
,29.07.2012,70.93
,30.07.2012,61.05
,31.07.2012,46.41
,01.08.2012,34.21
,02.08.2012,39.23
,03.08.2012,56.59
,04.08.2012,52.91
,05.08.2012,68.44
,06.08.2012,62.53
,07.08.2012,58.41
,08.08.2012,53.1
,09.08.2012,51.22
,10.08.2012,39.69
,11.08.2012,18.93
,12.08.2012,59.93
,13.08.2012,57.17
,14.08.2012,29.14
,15.08.2012,52.6
,16.08.2012,36.55
,17.08.2012,33.09
,18.08.2012,31.36
,19.08.2012,48.02
,20.08.2012,56.17
,21.08.2012,46.35
,22.08.2012,56.78
,23.08.2012,46.68
,24.08.2012,68.61
,25.08.2012,54.2
,26.08.2012,45.76
,27.08.2012,76.09
,28.08.2012,79.71
,29.08.2012,79.58
,30.08.2012,59.75
,31.08.2012,47.35
,01.09.2012,26.63
,02.09.2012,34.42
,03.09.2012,47.03
,04.09.2012,35.22
,05.09.2012,23.91
,06.09.2012,31.46
,07.09.2012,42.06
,08.09.2012,57.16
,09.09.2012,80.15
,10.09.2012,88.5
,11.09.2012,84.4
,12.09.2012,82.73
,13.09.2012,80.28
,14.09.2012,49.91
,15.09.2012,46.87
,16.09.2012,40.05
,17.09.2012,43.99
,18.09.2012,52.13
,19.09.2012,53.78
,20.09.2012,42.38
,21.09.2012,65.71
,22.09.2012,55.95
,23.09.2012,46.71
,24.09.2012,45.64
,25.09.2012,70.33
,26.09.2012,84.63
,27.09.2012,64.77
,28.09.2012,67.95
,29.09.2012,59.05
,30.09.2012,30.61
,01.10.2012,63.65
,02.10.2012,97.12
,03.10.2012,89.49
,04.10.2012,63.95
,05.10.2012,55.22
,06.10.2012,69.51
,07.10.2012,55.03
,08.10.2012,51.25
,09.10.2012,66.69
,10.10.2012,31.15
,11.10.2012,34.38
,12.10.2012,69.93
,13.10.2012,50.65
,14.10.2012,36.11
,15.10.2012,40.78
,16.10.2012,44.46
,17.10.2012,43.47
,18.10.2012,29.48
,19.10.2012,50.29
,20.10.2012,25.61
,21.10.2012,57.03
,22.10.2012,90.59
,23.10.2012,99
,24.10.2012,99
,25.10.2012,76.23
,26.10.2012,71.07
,27.10.2012,95.77
,28.10.2012,76.68
,29.10.2012,96.24
,30.10.2012,93.33
,31.10.2012,99
,01.11.2012,99
,02.11.2012,98.93
,03.11.2012,76.48
,04.11.2012,76.35
,05.11.2012,65.93
,06.11.2012,65.62
,07.11.2012,50.19
,08.11.2012,50.79
,09.11.2012,58.28
,10.11.2012,41.61
,11.11.2012,58.73
,12.11.2012,54.44
,13.11.2012,55.55
,14.11.2012,74.97
,15.11.2012,65.98
,16.11.2012,56.88
,17.11.2012,31.36
,18.11.2012,45.79
,19.11.2012,33.03
,20.11.2012,48.96
,21.11.2012,55.29
,22.11.2012,45.18
,23.11.2012,69.95
,24.11.2012,96.23
,25.11.2012,90.15
,26.11.2012,88.08
,27.11.2012,73.4
,28.11.2012,66.85
,29.11.2012,61.48
,30.11.2012,67.43
,01.12.2012,61.22
,02.12.2012,60.53
,03.12.2012,97.83
,04.12.2012,98.3
,05.12.2012,83.04
,06.12.2012,58.88
,07.12.2012,61.28
,08.12.2012,69.94
,09.12.2012,57.95
,10.12.2012,32.76
,11.12.2012,42.52
,12.12.2012,52.82
,13.12.2012,42.83
,14.12.2012,46.27
,15.12.2012,47.93
,16.12.2012,51.17
,17.12.2012,54.37
,18.12.2012,73.01
,19.12.2012,46.16
,20.12.2012,48.61
,21.12.2012,56.89
,22.12.2012,67.16
,23.12.2012,74.42
,24.12.2012,84.73
,25.12.2012,71.2
,26.12.2012,52.66
,27.12.2012,39.78
,28.12.2012,46.98
,29.12.2012,36.7
,30.12.2012,37.73
,31.12.2012,44.85
,01.01.2013,61.07
,02.01.2013,52.71
,03.01.2013,42.6
,04.01.2013,60.78
,05.01.2013,62.9
,06.01.2013,77.23
,07.01.2013,38.64
,08.01.2013,28.9
,09.01.2013,47.69
,10.01.2013,65.6
,11.01.2013,63.23
,12.01.2013,62.33
,13.01.2013,49.56
,14.01.2013,72.43
,15.01.2013,70.43
,16.01.2013,51.36
,17.01.2013,72.34
,18.01.2013,58.35
,19.01.2013,30.72
,20.01.2013,26.13
,21.01.2013,83.77
,22.01.2013,99
,23.01.2013,87.03
,24.01.2013,79.56
,25.01.2013,51.86
,26.01.2013,58.13
,27.01.2013,38.96
,28.01.2013,74.35
,29.01.2013,76.06
,30.01.2013,55.69
,31.01.2013,61.48
,01.02.2013,24.95
,02.02.2013,71.03
,03.02.2013,74.66
,04.02.2013,74.43
,05.02.2013,90.73
,06.02.2013,81.77
,07.02.2013,69.02
,08.02.2013,61.85
,09.02.2013,78.52
,10.02.2013,52.39
,11.02.2013,73.34
,12.02.2013,60.39
,13.02.2013,62.33
,14.02.2013,67.92
,15.02.2013,90.16
,16.02.2013,82.31
,17.02.2013,31.97
,18.02.2013,52.49
,19.02.2013,69.86
,20.02.2013,42.99
,21.02.2013,49.93
,22.02.2013,75.77
,23.02.2013,89.35
,24.02.2013,83.99
,25.02.2013,85.44
,26.02.2013,89.55
,27.02.2013,96.34
,28.02.2013,95.13
,01.03.2013,80.46
,02.03.2013,70.62
,03.03.2013,49.64
,04.03.2013,90.79
,05.03.2013,71.79
,06.03.2013,43.54
,07.03.2013,56.2
,08.03.2013,49.65
,09.03.2013,54.16
,10.03.2013,40.17
,11.03.2013,36.46
,12.03.2013,34.81
,13.03.2013,31.79
,14.03.2013,25.55
,15.03.2013,22.7
,16.03.2013,37.03
,17.03.2013,85.59
,18.03.2013,99
,19.03.2013,93.34
,20.03.2013,83.15
,21.03.2013,82.7
,22.03.2013,59.06
,23.03.2013,52.86
,24.03.2013,93.86
,25.03.2013,63
,26.03.2013,58.52
,27.03.2013,66.17
,28.03.2013,56.04
,29.03.2013,59.94
,30.03.2013,53.68
,31.03.2013,38.07
,01.04.2013,24.75
,02.04.2013,24.32
,03.04.2013,49.33
,04.04.2013,36.96
,05.04.2013,84.58
,06.04.2013,97.48
,07.04.2013,86.69
,08.04.2013,66.03
,09.04.2013,36.21
,10.04.2013,25.21
,11.04.2013,43.48
,12.04.2013,29.63
,13.04.2013,22.04
,14.04.2013,22.75
,15.04.2013,49.95
,16.04.2013,46.77
,17.04.2013,68.77
,18.04.2013,66.97
,19.04.2013,68.7
,20.04.2013,56.9
,21.04.2013,62.49
,22.04.2013,74.55
,23.04.2013,98.7
,24.04.2013,97.68
,25.04.2013,94.41
,26.04.2013,69.32
,27.04.2013,55.73
,28.04.2013,84.26
,29.04.2013,85.16
,30.04.2013,82.97
,01.05.2013,79.2
,02.05.2013,70.64
,03.05.2013,53.97
,04.05.2013,42.88
,05.05.2013,39.73
,06.05.2013,58.9
,07.05.2013,66.65
,08.05.2013,86.14
,09.05.2013,93.43
,10.05.2013,95.11
,11.05.2013,83.15
,12.05.2013,64.98
,13.05.2013,46.22
,14.05.2013,46.86
,15.05.2013,70.26
,16.05.2013,68.77
,17.05.2013,56.24
,18.05.2013,59.78
,19.05.2013,66.69
,20.05.2013,60.53
,21.05.2013,52.75
,22.05.2013,51.53
,23.05.2013,75.45
,24.05.2013,81.7
,25.05.2013,85.67
,26.05.2013,83.78
,27.05.2013,68.63
,28.05.2013,72.05
,29.05.2013,43.1
,30.05.2013,59.94
,31.05.2013,90.53
,01.06.2013,72.6
,02.06.2013,73.46
,03.06.2013,83.12
,04.06.2013,95.84
,05.06.2013,81.21
,06.06.2013,85.18
,07.06.2013,69.78
,08.06.2013,61.53
,09.06.2013,65.54
,10.06.2013,74.28
,11.06.2013,57.56
,12.06.2013,58.48
,13.06.2013,76.16
,14.06.2013,68.39
,15.06.2013,63.06
,16.06.2013,64.4
,17.06.2013,81.92
,18.06.2013,87.93
,19.06.2013,83.4
,20.06.2013,79.33
,21.06.2013,53.03
,22.06.2013,57.67
,23.06.2013,66.53
,24.06.2013,86.26
,25.06.2013,73.66
,26.06.2013,49.81
,27.06.2013,41.78
,28.06.2013,52.01
,29.06.2013,82.16
,30.06.2013,63.07
,01.07.2013,46.17
,02.07.2013,26.62
,03.07.2013,22.22
,04.07.2013,20.21
,05.07.2013,22.2
,06.07.2013,27.06
,07.07.2013,49.9
,08.07.2013,36.13
,09.07.2013,37.31
,10.07.2013,30.21
,11.07.2013,42.42
,12.07.2013,52.48
,13.07.2013,33.03
,14.07.2013,22.87
,15.07.2013,46.76
,16.07.2013,34.94
,17.07.2013,29.67
,18.07.2013,42.91
,19.07.2013,58.53
,20.07.2013,47.63
,21.07.2013,35.29
,22.07.2013,59.31
,23.07.2013,50.13
,24.07.2013,30
,25.07.2013,32.07
,26.07.2013,46.57
,27.07.2013,62.78
,28.07.2013,75.23
,29.07.2013,70.93
,30.07.2013,61.05
,31.07.2013,46.41
,01.08.2013,34.21
,02.08.2013,39.23
,03.08.2013,56.59
,04.08.2013,52.91
,05.08.2013,68.44
,06.08.2013,62.53
,07.08.2013,58.41
,08.08.2013,53.1
,09.08.2013,51.22
,10.08.2013,39.69
,11.08.2013,18.93
,12.08.2013,59.93
,13.08.2013,57.17
,14.08.2013,29.14
,15.08.2013,52.6
,16.08.2013,36.55
,17.08.2013,33.09
,18.08.2013,31.36
,19.08.2013,48.02
,20.08.2013,56.17
,21.08.2013,46.35
,22.08.2013,56.78
,23.08.2013,46.68
,24.08.2013,68.61
,25.08.2013,54.2
,26.08.2013,45.76
,27.08.2013,76.09
,28.08.2013,79.71
,29.08.2013,79.58
,30.08.2013,59.75
,31.08.2013,47.35
,01.09.2013,26.63
,02.09.2013,34.42
,03.09.2013,47.03
,04.09.2013,35.22
,05.09.2013,23.91
,06.09.2013,31.46
,07.09.2013,42.06
,08.09.2013,57.16
,09.09.2013,80.15
,10.09.2013,88.5
,11.09.2013,84.4
,12.09.2013,82.73
,13.09.2013,80.28
,14.09.2013,49.91
,15.09.2013,46.87
,16.09.2013,40.05
,17.09.2013,43.99
,18.09.2013,52.13
,19.09.2013,53.78
,20.09.2013,42.38
,21.09.2013,65.71
,22.09.2013,55.95
,23.09.2013,46.71
,24.09.2013,45.64
,25.09.2013,70.33
,26.09.2013,84.63
,27.09.2013,64.77
,28.09.2013,67.95
,29.09.2013,59.05
,30.09.2013,30.61
,01.10.2013,63.65
,02.10.2013,97.12
,03.10.2013,89.49
,04.10.2013,63.95
,05.10.2013,55.22
,06.10.2013,69.51
,07.10.2013,55.03
,08.10.2013,51.25
,09.10.2013,66.69
,10.10.2013,31.15
,11.10.2013,34.38
,12.10.2013,69.93
,13.10.2013,50.65
,14.10.2013,36.11
,15.10.2013,40.78
,16.10.2013,44.46
,17.10.2013,43.47
,18.10.2013,29.48
,19.10.2013,50.29
,20.10.2013,25.61
,21.10.2013,57.03
,22.10.2013,90.59
,23.10.2013,99
,24.10.2013,99
,25.10.2013,76.23
,26.10.2013,71.07
,27.10.2013,95.77
,28.10.2013,76.68
,29.10.2013,96.24
,30.10.2013,93.33
,31.10.2013,99
,01.11.2013,99
,02.11.2013,98.93
,03.11.2013,76.48
,04.11.2013,76.35
,05.11.2013,65.93
,06.11.2013,65.62
,07.11.2013,50.19
,08.11.2013,50.79
,09.11.2013,58.28
,10.11.2013,41.61
,11.11.2013,58.73
,12.11.2013,54.44
,13.11.2013,55.55
,14.11.2013,74.97
,15.11.2013,65.98
,16.11.2013,56.88
,17.11.2013,31.36
,18.11.2013,45.79
,19.11.2013,33.03
,20.11.2013,48.96
,21.11.2013,55.29
,22.11.2013,45.18
,23.11.2013,69.95
,24.11.2013,96.23
,25.11.2013,90.15
,26.11.2013,88.08
,27.11.2013,73.4
,28.11.2013,66.85
,29.11.2013,61.48
,30.11.2013,67.43
,01.12.2013,61.22
,02.12.2013,60.53
,03.12.2013,97.83
,04.12.2013,98.3
,05.12.2013,83.04
,06.12.2013,58.88
,07.12.2013,61.28
,08.12.2013,69.94
,09.12.2013,57.95
,10.12.2013,32.76
,11.12.2013,42.52
,12.12.2013,52.82
,13.12.2013,42.83
,14.12.2013,46.27
,15.12.2013,47.93
,16.12.2013,51.17
,17.12.2013,54.37
,18.12.2013,73.01
,19.12.2013,46.16
,20.12.2013,48.61
,21.12.2013,56.89
,22.12.2013,67.16
,23.12.2013,74.42
,24.12.2013,84.73
,25.12.2013,71.2
,26.12.2013,52.66
,27.12.2013,39.78
,28.12.2013,46.98
,29.12.2013,36.7
,30.12.2013,37.73
,31.12.2013,44.85
