@T,Climate,   
name,tmax,     
descr,max temperature,     
,,
missing_val,-9999, 
date_start,01.01.2000,     
date_end,31.12.2013,     
date_format,dd.MM.yyyy,     
,,
tres,d,     
unit,C,     
,,
@H,date,tmax[1]
name,,Drake
ID,,1
elevation,,1572
x,,512701
y,,4495474
,01.01.2000,2.5
,02.01.2000,5.8
,03.01.2000,7
,04.01.2000,4.3
,05.01.2000,2.7
,06.01.2000,4.8
,07.01.2000,5.6
,08.01.2000,8.5
,09.01.2000,6.2
,10.01.2000,4.4
,11.01.2000,4.4
,12.01.2000,4
,13.01.2000,6.4
,14.01.2000,5.1
,15.01.2000,5
,16.01.2000,4.2
,17.01.2000,5.8
,18.01.2000,7.5
,19.01.2000,7.5
,20.01.2000,7.8
,21.01.2000,6.5
,22.01.2000,4.4
,23.01.2000,6.9
,24.01.2000,6.1
,25.01.2000,8.5
,26.01.2000,6.6
,27.01.2000,6.5
,28.01.2000,6.3
,29.01.2000,6
,30.01.2000,6.1
,31.01.2000,5.6
,01.02.2000,4.4
,02.02.2000,3.8
,03.02.2000,5.6
,04.02.2000,5.9
,05.02.2000,5.2
,06.02.2000,5.4
,07.02.2000,3.7
,08.02.2000,2.8
,09.02.2000,4.3
,10.02.2000,4.7
,11.02.2000,6
,12.02.2000,6
,13.02.2000,8.9
,14.02.2000,5.7
,15.02.2000,3.5
,16.02.2000,7.8
,17.02.2000,6.7
,18.02.2000,6.3
,19.02.2000,7.5
,20.02.2000,7.3
,21.02.2000,8
,22.02.2000,8.5
,23.02.2000,8.7
,24.02.2000,7.5
,25.02.2000,5.8
,26.02.2000,8
,27.02.2000,8.4
,28.02.2000,8
,29.02.2000,9.7
,01.03.2000,9.4
,02.03.2000,7.1
,03.03.2000,10.6
,04.03.2000,12.1
,05.03.2000,10.5
,06.03.2000,13.2
,07.03.2000,10.6
,08.03.2000,11
,09.03.2000,11.7
,10.03.2000,11.4
,11.03.2000,13.8
,12.03.2000,14.8
,13.03.2000,13.3
,14.03.2000,11.6
,15.03.2000,12.4
,16.03.2000,15
,17.03.2000,15.3
,18.03.2000,13.2
,19.03.2000,12.6
,20.03.2000,12.7
,21.03.2000,12.3
,22.03.2000,14.5
,23.03.2000,14.1
,24.03.2000,11.2
,25.03.2000,11.8
,26.03.2000,14.9
,27.03.2000,11.4
,28.03.2000,14.4
,29.03.2000,13.6
,30.03.2000,13.9
,31.03.2000,15.9
,01.04.2000,18.4
,02.04.2000,14.6
,03.04.2000,12.8
,04.04.2000,13.8
,05.04.2000,16.1
,06.04.2000,13
,07.04.2000,12.7
,08.04.2000,15.8
,09.04.2000,17.5
,10.04.2000,14.2
,11.04.2000,15.5
,12.04.2000,16.8
,13.04.2000,19
,14.04.2000,20.6
,15.04.2000,19.9
,16.04.2000,16
,17.04.2000,18.8
,18.04.2000,17.6
,19.04.2000,16.6
,20.04.2000,16
,21.04.2000,17.4
,22.04.2000,17.4
,23.04.2000,17.4
,24.04.2000,13.7
,25.04.2000,13.9
,26.04.2000,17.8
,27.04.2000,17.3
,28.04.2000,18.6
,29.04.2000,16.3
,30.04.2000,16
,01.05.2000,13.5
,02.05.2000,15.9
,03.05.2000,19.9
,04.05.2000,19.6
,05.05.2000,20.9
,06.05.2000,21
,07.05.2000,19
,08.05.2000,19.8
,09.05.2000,20.9
,10.05.2000,19
,11.05.2000,16.8
,12.05.2000,17
,13.05.2000,18.3
,14.05.2000,20
,15.05.2000,18.6
,16.05.2000,22.3
,17.05.2000,22.9
,18.05.2000,24.7
,19.05.2000,22.3
,20.05.2000,23.3
,21.05.2000,26
,22.05.2000,24.3
,23.05.2000,21.7
,24.05.2000,20.1
,25.05.2000,21
,26.05.2000,22.3
,27.05.2000,24.7
,28.05.2000,25.9
,29.05.2000,24
,30.05.2000,22
,31.05.2000,24.7
,01.06.2000,25.1
,02.06.2000,25.8
,03.06.2000,24.7
,04.06.2000,23.3
,05.06.2000,25.2
,06.06.2000,28.7
,07.06.2000,26.4
,08.06.2000,25.5
,09.06.2000,25.4
,10.06.2000,25
,11.06.2000,24.4
,12.06.2000,23.6
,13.06.2000,25.4
,14.06.2000,26.5
,15.06.2000,28
,16.06.2000,26.4
,17.06.2000,28.4
,18.06.2000,27.1
,19.06.2000,27.7
,20.06.2000,26.5
,21.06.2000,28.3
,22.06.2000,29.1
,23.06.2000,30
,24.06.2000,29.7
,25.06.2000,30.4
,26.06.2000,29.3
,27.06.2000,28.6
,28.06.2000,30.6
,29.06.2000,31.1
,30.06.2000,31.7
,01.07.2000,32.7
,02.07.2000,31.9
,03.07.2000,31.2
,04.07.2000,30.7
,05.07.2000,30
,06.07.2000,29.4
,07.07.2000,29.5
,08.07.2000,29.9
,09.07.2000,29
,10.07.2000,30.3
,11.07.2000,31.8
,12.07.2000,31.2
,13.07.2000,33.1
,14.07.2000,33.3
,15.07.2000,33.3
,16.07.2000,33.7
,17.07.2000,32.2
,18.07.2000,33.1
,19.07.2000,33.6
,20.07.2000,33.3
,21.07.2000,32.8
,22.07.2000,31.8
,23.07.2000,32.4
,24.07.2000,32.5
,25.07.2000,31.2
,26.07.2000,30.1
,27.07.2000,30.7
,28.07.2000,29.5
,29.07.2000,31
,30.07.2000,31.7
,31.07.2000,33
,01.08.2000,31.6
,02.08.2000,31.7
,03.08.2000,31.8
,04.08.2000,29.5
,05.08.2000,30.5
,06.08.2000,32.1
,07.08.2000,31.3
,08.08.2000,31.1
,09.08.2000,30.5
,10.08.2000,30.3
,11.08.2000,31.4
,12.08.2000,28.9
,13.08.2000,28.6
,14.08.2000,28.9
,15.08.2000,27.8
,16.08.2000,27.7
,17.08.2000,27.9
,18.08.2000,28.7
,19.08.2000,27.1
,20.08.2000,29.5
,21.08.2000,30.5
,22.08.2000,30.9
,23.08.2000,29.9
,24.08.2000,29.5
,25.08.2000,28.9
,26.08.2000,30.4
,27.08.2000,28.3
,28.08.2000,29
,29.08.2000,28.3
,30.08.2000,28.9
,31.08.2000,28.7
,01.09.2000,29.9
,02.09.2000,27.2
,03.09.2000,27.3
,04.09.2000,27.7
,05.09.2000,27.9
,06.09.2000,26.1
,07.09.2000,25.8
,08.09.2000,25.8
,09.09.2000,25.2
,10.09.2000,24.7
,11.09.2000,24.6
,12.09.2000,23.9
,13.09.2000,23.3
,14.09.2000,22.5
,15.09.2000,25.3
,16.09.2000,26.7
,17.09.2000,23.9
,18.09.2000,22.4
,19.09.2000,25.4
,20.09.2000,26.4
,21.09.2000,20.6
,22.09.2000,20.8
,23.09.2000,22.8
,24.09.2000,22.1
,25.09.2000,22.5
,26.09.2000,24.5
,27.09.2000,23.2
,28.09.2000,22.7
,29.09.2000,22.7
,30.09.2000,22.3
,01.10.2000,21.4
,02.10.2000,21.8
,03.10.2000,22.5
,04.10.2000,17.9
,05.10.2000,19.5
,06.10.2000,18.2
,07.10.2000,20.7
,08.10.2000,18.2
,09.10.2000,15.2
,10.10.2000,14.6
,11.10.2000,15.7
,12.10.2000,15.1
,13.10.2000,15.4
,14.10.2000,17.2
,15.10.2000,18.5
,16.10.2000,18.8
,17.10.2000,18.8
,18.10.2000,18.9
,19.10.2000,18.3
,20.10.2000,19.4
,21.10.2000,15.2
,22.10.2000,13.7
,23.10.2000,16
,24.10.2000,16.9
,25.10.2000,16.3
,26.10.2000,12
,27.10.2000,11.8
,28.10.2000,14.6
,29.10.2000,14.7
,30.10.2000,12
,31.10.2000,9.4
,01.11.2000,10.1
,02.11.2000,10.1
,03.11.2000,12.9
,04.11.2000,12.3
,05.11.2000,13.1
,06.11.2000,14.2
,07.11.2000,16.4
,08.11.2000,16.6
,09.11.2000,12.6
,10.11.2000,11.8
,11.11.2000,12
,12.11.2000,10.9
,13.11.2000,10.4
,14.11.2000,7.9
,15.11.2000,7.9
,16.11.2000,9.9
,17.11.2000,11.3
,18.11.2000,14.3
,19.11.2000,13.6
,20.11.2000,8.9
,21.11.2000,9.1
,22.11.2000,9.7
,23.11.2000,7.7
,24.11.2000,7.1
,25.11.2000,7.5
,26.11.2000,7.5
,27.11.2000,5.8
,28.11.2000,5.7
,29.11.2000,5.4
,30.11.2000,5.2
,01.12.2000,4.8
,02.12.2000,6.8
,03.12.2000,4.4
,04.12.2000,3
,05.12.2000,3.1
,06.12.2000,5
,07.12.2000,2.9
,08.12.2000,2.7
,09.12.2000,3.8
,10.12.2000,6.3
,11.12.2000,6.4
,12.12.2000,4.3
,13.12.2000,7.8
,14.12.2000,5.6
,15.12.2000,4.6
,16.12.2000,3.7
,17.12.2000,5
,18.12.2000,3.3
,19.12.2000,5.8
,20.12.2000,5.9
,21.12.2000,4.9
,22.12.2000,1.9
,23.12.2000,2.6
,24.12.2000,3.2
,25.12.2000,5.3
,26.12.2000,6.1
,27.12.2000,5.3
,28.12.2000,6.6
,29.12.2000,4.5
,30.12.2000,4.4
,31.12.2000,3.4
,01.01.2001,2.5
,02.01.2001,5.8
,03.01.2001,7
,04.01.2001,4.3
,05.01.2001,2.7
,06.01.2001,4.8
,07.01.2001,5.6
,08.01.2001,8.5
,09.01.2001,6.2
,10.01.2001,4.4
,11.01.2001,4.4
,12.01.2001,4
,13.01.2001,6.4
,14.01.2001,5.1
,15.01.2001,5
,16.01.2001,4.2
,17.01.2001,5.8
,18.01.2001,7.5
,19.01.2001,7.5
,20.01.2001,7.8
,21.01.2001,6.5
,22.01.2001,4.4
,23.01.2001,6.9
,24.01.2001,6.1
,25.01.2001,8.5
,26.01.2001,6.6
,27.01.2001,6.5
,28.01.2001,6.3
,29.01.2001,6
,30.01.2001,6.1
,31.01.2001,5.6
,01.02.2001,4.4
,02.02.2001,3.8
,03.02.2001,5.6
,04.02.2001,5.9
,05.02.2001,5.2
,06.02.2001,5.4
,07.02.2001,3.7
,08.02.2001,2.8
,09.02.2001,4.3
,10.02.2001,4.7
,11.02.2001,6
,12.02.2001,6
,13.02.2001,8.9
,14.02.2001,5.7
,15.02.2001,3.5
,16.02.2001,7.8
,17.02.2001,6.7
,18.02.2001,6.3
,19.02.2001,7.5
,20.02.2001,7.3
,21.02.2001,8
,22.02.2001,8.5
,23.02.2001,8.7
,24.02.2001,7.5
,25.02.2001,5.8
,26.02.2001,8
,27.02.2001,8.4
,28.02.2001,8
,01.03.2001,9.4
,02.03.2001,7.1
,03.03.2001,10.6
,04.03.2001,12.1
,05.03.2001,10.5
,06.03.2001,13.2
,07.03.2001,10.6
,08.03.2001,11
,09.03.2001,11.7
,10.03.2001,11.4
,11.03.2001,13.8
,12.03.2001,14.8
,13.03.2001,13.3
,14.03.2001,11.6
,15.03.2001,12.4
,16.03.2001,15
,17.03.2001,15.3
,18.03.2001,13.2
,19.03.2001,12.6
,20.03.2001,12.7
,21.03.2001,12.3
,22.03.2001,14.5
,23.03.2001,14.1
,24.03.2001,11.2
,25.03.2001,11.8
,26.03.2001,14.9
,27.03.2001,11.4
,28.03.2001,14.4
,29.03.2001,13.6
,30.03.2001,13.9
,31.03.2001,15.9
,01.04.2001,18.4
,02.04.2001,14.6
,03.04.2001,12.8
,04.04.2001,13.8
,05.04.2001,16.1
,06.04.2001,13
,07.04.2001,12.7
,08.04.2001,15.8
,09.04.2001,17.5
,10.04.2001,14.2
,11.04.2001,15.5
,12.04.2001,16.8
,13.04.2001,19
,14.04.2001,20.6
,15.04.2001,19.9
,16.04.2001,16
,17.04.2001,18.8
,18.04.2001,17.6
,19.04.2001,16.6
,20.04.2001,16
,21.04.2001,17.4
,22.04.2001,17.4
,23.04.2001,17.4
,24.04.2001,13.7
,25.04.2001,13.9
,26.04.2001,17.8
,27.04.2001,17.3
,28.04.2001,18.6
,29.04.2001,16.3
,30.04.2001,16
,01.05.2001,13.5
,02.05.2001,15.9
,03.05.2001,19.9
,04.05.2001,19.6
,05.05.2001,20.9
,06.05.2001,21
,07.05.2001,19
,08.05.2001,19.8
,09.05.2001,20.9
,10.05.2001,19
,11.05.2001,16.8
,12.05.2001,17
,13.05.2001,18.3
,14.05.2001,20
,15.05.2001,18.6
,16.05.2001,22.3
,17.05.2001,22.9
,18.05.2001,24.7
,19.05.2001,22.3
,20.05.2001,23.3
,21.05.2001,26
,22.05.2001,24.3
,23.05.2001,21.7
,24.05.2001,20.1
,25.05.2001,21
,26.05.2001,22.3
,27.05.2001,24.7
,28.05.2001,25.9
,29.05.2001,24
,30.05.2001,22
,31.05.2001,24.7
,01.06.2001,25.1
,02.06.2001,25.8
,03.06.2001,24.7
,04.06.2001,23.3
,05.06.2001,25.2
,06.06.2001,28.7
,07.06.2001,26.4
,08.06.2001,25.5
,09.06.2001,25.4
,10.06.2001,25
,11.06.2001,24.4
,12.06.2001,23.6
,13.06.2001,25.4
,14.06.2001,26.5
,15.06.2001,28
,16.06.2001,26.4
,17.06.2001,28.4
,18.06.2001,27.1
,19.06.2001,27.7
,20.06.2001,26.5
,21.06.2001,28.3
,22.06.2001,29.1
,23.06.2001,30
,24.06.2001,29.7
,25.06.2001,30.4
,26.06.2001,29.3
,27.06.2001,28.6
,28.06.2001,30.6
,29.06.2001,31.1
,30.06.2001,31.7
,01.07.2001,32.7
,02.07.2001,31.9
,03.07.2001,31.2
,04.07.2001,30.7
,05.07.2001,30
,06.07.2001,29.4
,07.07.2001,29.5
,08.07.2001,29.9
,09.07.2001,29
,10.07.2001,30.3
,11.07.2001,31.8
,12.07.2001,31.2
,13.07.2001,33.1
,14.07.2001,33.3
,15.07.2001,33.3
,16.07.2001,33.7
,17.07.2001,32.2
,18.07.2001,33.1
,19.07.2001,33.6
,20.07.2001,33.3
,21.07.2001,32.8
,22.07.2001,31.8
,23.07.2001,32.4
,24.07.2001,32.5
,25.07.2001,31.2
,26.07.2001,30.1
,27.07.2001,30.7
,28.07.2001,29.5
,29.07.2001,31
,30.07.2001,31.7
,31.07.2001,33
,01.08.2001,31.6
,02.08.2001,31.7
,03.08.2001,31.8
,04.08.2001,29.5
,05.08.2001,30.5
,06.08.2001,32.1
,07.08.2001,31.3
,08.08.2001,31.1
,09.08.2001,30.5
,10.08.2001,30.3
,11.08.2001,31.4
,12.08.2001,28.9
,13.08.2001,28.6
,14.08.2001,28.9
,15.08.2001,27.8
,16.08.2001,27.7
,17.08.2001,27.9
,18.08.2001,28.7
,19.08.2001,27.1
,20.08.2001,29.5
,21.08.2001,30.5
,22.08.2001,30.9
,23.08.2001,29.9
,24.08.2001,29.5
,25.08.2001,28.9
,26.08.2001,30.4
,27.08.2001,28.3
,28.08.2001,29
,29.08.2001,28.3
,30.08.2001,28.9
,31.08.2001,28.7
,01.09.2001,29.9
,02.09.2001,27.2
,03.09.2001,27.3
,04.09.2001,27.7
,05.09.2001,27.9
,06.09.2001,26.1
,07.09.2001,25.8
,08.09.2001,25.8
,09.09.2001,25.2
,10.09.2001,24.7
,11.09.2001,24.6
,12.09.2001,23.9
,13.09.2001,23.3
,14.09.2001,22.5
,15.09.2001,25.3
,16.09.2001,26.7
,17.09.2001,23.9
,18.09.2001,22.4
,19.09.2001,25.4
,20.09.2001,26.4
,21.09.2001,20.6
,22.09.2001,20.8
,23.09.2001,22.8
,24.09.2001,22.1
,25.09.2001,22.5
,26.09.2001,24.5
,27.09.2001,23.2
,28.09.2001,22.7
,29.09.2001,22.7
,30.09.2001,22.3
,01.10.2001,21.4
,02.10.2001,21.8
,03.10.2001,22.5
,04.10.2001,17.9
,05.10.2001,19.5
,06.10.2001,18.2
,07.10.2001,20.7
,08.10.2001,18.2
,09.10.2001,15.2
,10.10.2001,14.6
,11.10.2001,15.7
,12.10.2001,15.1
,13.10.2001,15.4
,14.10.2001,17.2
,15.10.2001,18.5
,16.10.2001,18.8
,17.10.2001,18.8
,18.10.2001,18.9
,19.10.2001,18.3
,20.10.2001,19.4
,21.10.2001,15.2
,22.10.2001,13.7
,23.10.2001,16
,24.10.2001,16.9
,25.10.2001,16.3
,26.10.2001,12
,27.10.2001,11.8
,28.10.2001,14.6
,29.10.2001,14.7
,30.10.2001,12
,31.10.2001,9.4
,01.11.2001,10.1
,02.11.2001,10.1
,03.11.2001,12.9
,04.11.2001,12.3
,05.11.2001,13.1
,06.11.2001,14.2
,07.11.2001,16.4
,08.11.2001,16.6
,09.11.2001,12.6
,10.11.2001,11.8
,11.11.2001,12
,12.11.2001,10.9
,13.11.2001,10.4
,14.11.2001,7.9
,15.11.2001,7.9
,16.11.2001,9.9
,17.11.2001,11.3
,18.11.2001,14.3
,19.11.2001,13.6
,20.11.2001,8.9
,21.11.2001,9.1
,22.11.2001,9.7
,23.11.2001,7.7
,24.11.2001,7.1
,25.11.2001,7.5
,26.11.2001,7.5
,27.11.2001,5.8
,28.11.2001,5.7
,29.11.2001,5.4
,30.11.2001,5.2
,01.12.2001,4.8
,02.12.2001,6.8
,03.12.2001,4.4
,04.12.2001,3
,05.12.2000,3.1
,06.12.2001,5
,07.12.2001,2.9
,08.12.2001,2.7
,09.12.2001,3.8
,10.12.2001,6.3
,11.12.2001,6.4
,12.12.2001,4.3
,13.12.2001,7.8
,14.12.2001,5.6
,15.12.2001,4.6
,16.12.2001,3.7
,17.12.2001,5
,18.12.2001,3.3
,19.12.2001,5.8
,20.12.2001,5.9
,21.12.2001,4.9
,22.12.2001,1.9
,23.12.2001,2.6
,24.12.2001,3.2
,25.12.2001,5.3
,26.12.2001,6.1
,27.12.2001,5.3
,28.12.2001,6.6
,29.12.2001,4.5
,30.12.2001,4.4
,31.12.2001,3.4
,01.01.2002,2.5
,02.01.2002,5.8
,03.01.2002,7
,04.01.2002,4.3
,05.01.2002,2.7
,06.01.2002,4.8
,07.01.2002,5.6
,08.01.2002,8.5
,09.01.2002,6.2
,10.01.2002,4.4
,11.01.2002,4.4
,12.01.2002,4
,13.01.2002,6.4
,14.01.2002,5.1
,15.01.2002,5
,16.01.2002,4.2
,17.01.2002,5.8
,18.01.2002,7.5
,19.01.2002,7.5
,20.01.2002,7.8
,21.01.2002,6.5
,22.01.2002,4.4
,23.01.2002,6.9
,24.01.2002,6.1
,25.01.2002,8.5
,26.01.2002,6.6
,27.01.2002,6.5
,28.01.2002,6.3
,29.01.2002,6
,30.01.2002,6.1
,31.01.2002,5.6
,01.02.2002,4.4
,02.02.2002,3.8
,03.02.2002,5.6
,04.02.2002,5.9
,05.02.2002,5.2
,06.02.2002,5.4
,07.02.2002,3.7
,08.02.2002,2.8
,09.02.2002,4.3
,10.02.2002,4.7
,11.02.2002,6
,12.02.2002,6
,13.02.2002,8.9
,14.02.2002,5.7
,15.02.2002,3.5
,16.02.2002,7.8
,17.02.2002,6.7
,18.02.2002,6.3
,19.02.2002,7.5
,20.02.2002,7.3
,21.02.2002,8
,22.02.2002,8.5
,23.02.2002,8.7
,24.02.2002,7.5
,25.02.2002,5.8
,26.02.2002,8
,27.02.2002,8.4
,28.02.2002,8
,01.03.2002,9.4
,02.03.2002,7.1
,03.03.2002,10.6
,04.03.2002,12.1
,05.03.2002,10.5
,06.03.2002,13.2
,07.03.2002,10.6
,08.03.2002,11
,09.03.2002,11.7
,10.03.2002,11.4
,11.03.2002,13.8
,12.03.2002,14.8
,13.03.2002,13.3
,14.03.2002,11.6
,15.03.2002,12.4
,16.03.2002,15
,17.03.2002,15.3
,18.03.2002,13.2
,19.03.2002,12.6
,20.03.2002,12.7
,21.03.2002,12.3
,22.03.2002,14.5
,23.03.2002,14.1
,24.03.2002,11.2
,25.03.2002,11.8
,26.03.2002,14.9
,27.03.2002,11.4
,28.03.2002,14.4
,29.03.2002,13.6
,30.03.2002,13.9
,31.03.2002,15.9
,01.04.2002,18.4
,02.04.2002,14.6
,03.04.2002,12.8
,04.04.2002,13.8
,05.04.2002,16.1
,06.04.2002,13
,07.04.2002,12.7
,08.04.2002,15.8
,09.04.2002,17.5
,10.04.2002,14.2
,11.04.2002,15.5
,12.04.2002,16.8
,13.04.2002,19
,14.04.2002,20.6
,15.04.2002,19.9
,16.04.2002,16
,17.04.2002,18.8
,18.04.2002,17.6
,19.04.2002,16.6
,20.04.2002,16
,21.04.2002,17.4
,22.04.2002,17.4
,23.04.2002,17.4
,24.04.2002,13.7
,25.04.2002,13.9
,26.04.2002,17.8
,27.04.2002,17.3
,28.04.2002,18.6
,29.04.2002,16.3
,30.04.2002,16
,01.05.2002,13.5
,02.05.2002,15.9
,03.05.2002,19.9
,04.05.2002,19.6
,05.05.2002,20.9
,06.05.2002,21
,07.05.2002,19
,08.05.2002,19.8
,09.05.2002,20.9
,10.05.2002,19
,11.05.2002,16.8
,12.05.2002,17
,13.05.2002,18.3
,14.05.2002,20
,15.05.2002,18.6
,16.05.2002,22.3
,17.05.2002,22.9
,18.05.2002,24.7
,19.05.2002,22.3
,20.05.2002,23.3
,21.05.2002,26
,22.05.2002,24.3
,23.05.2002,21.7
,24.05.2002,20.1
,25.05.2002,21
,26.05.2002,22.3
,27.05.2002,24.7
,28.05.2002,25.9
,29.05.2002,24
,30.05.2002,22
,31.05.2002,24.7
,01.06.2002,25.1
,02.06.2002,25.8
,03.06.2002,24.7
,04.06.2002,23.3
,05.06.2002,25.2
,06.06.2002,28.7
,07.06.2002,26.4
,08.06.2002,25.5
,09.06.2002,25.4
,10.06.2002,25
,11.06.2002,24.4
,12.06.2002,23.6
,13.06.2002,25.4
,14.06.2002,26.5
,15.06.2002,28
,16.06.2002,26.4
,17.06.2002,28.4
,18.06.2002,27.1
,19.06.2002,27.7
,20.06.2002,26.5
,21.06.2002,28.3
,22.06.2002,29.1
,23.06.2002,30
,24.06.2002,29.7
,25.06.2002,30.4
,26.06.2002,29.3
,27.06.2002,28.6
,28.06.2002,30.6
,29.06.2002,31.1
,30.06.2002,31.7
,01.07.2002,32.7
,02.07.2002,31.9
,03.07.2002,31.2
,04.07.2002,30.7
,05.07.2002,30
,06.07.2002,29.4
,07.07.2002,29.5
,08.07.2002,29.9
,09.07.2002,29
,10.07.2002,30.3
,11.07.2002,31.8
,12.07.2002,31.2
,13.07.2002,33.1
,14.07.2002,33.3
,15.07.2002,33.3
,16.07.2002,33.7
,17.07.2002,32.2
,18.07.2002,33.1
,19.07.2002,33.6
,20.07.2002,33.3
,21.07.2002,32.8
,22.07.2002,31.8
,23.07.2002,32.4
,24.07.2002,32.5
,25.07.2002,31.2
,26.07.2002,30.1
,27.07.2002,30.7
,28.07.2002,29.5
,29.07.2002,31
,30.07.2002,31.7
,31.07.2002,33
,01.08.2002,31.6
,02.08.2002,31.7
,03.08.2002,31.8
,04.08.2002,29.5
,05.08.2002,30.5
,06.08.2002,32.1
,07.08.2002,31.3
,08.08.2002,31.1
,09.08.2002,30.5
,10.08.2002,30.3
,11.08.2002,31.4
,12.08.2002,28.9
,13.08.2002,28.6
,14.08.2002,28.9
,15.08.2002,27.8
,16.08.2002,27.7
,17.08.2002,27.9
,18.08.2002,28.7
,19.08.2002,27.1
,20.08.2002,29.5
,21.08.2002,30.5
,22.08.2002,30.9
,23.08.2002,29.9
,24.08.2002,29.5
,25.08.2002,28.9
,26.08.2002,30.4
,27.08.2002,28.3
,28.08.2002,29
,29.08.2002,28.3
,30.08.2002,28.9
,31.08.2002,28.7
,01.09.2002,29.9
,02.09.2002,27.2
,03.09.2002,27.3
,04.09.2002,27.7
,05.09.2002,27.9
,06.09.2002,26.1
,07.09.2002,25.8
,08.09.2002,25.8
,09.09.2002,25.2
,10.09.2002,24.7
,11.09.2002,24.6
,12.09.2002,23.9
,13.09.2002,23.3
,14.09.2002,22.5
,15.09.2002,25.3
,16.09.2002,26.7
,17.09.2002,23.9
,18.09.2002,22.4
,19.09.2002,25.4
,20.09.2002,26.4
,21.09.2002,20.6
,22.09.2002,20.8
,23.09.2002,22.8
,24.09.2002,22.1
,25.09.2002,22.5
,26.09.2002,24.5
,27.09.2002,23.2
,28.09.2002,22.7
,29.09.2002,22.7
,30.09.2002,22.3
,01.10.2002,21.4
,02.10.2002,21.8
,03.10.2002,22.5
,04.10.2002,17.9
,05.10.2002,19.5
,06.10.2002,18.2
,07.10.2002,20.7
,08.10.2002,18.2
,09.10.2002,15.2
,10.10.2002,14.6
,11.10.2002,15.7
,12.10.2002,15.1
,13.10.2002,15.4
,14.10.2002,17.2
,15.10.2002,18.5
,16.10.2002,18.8
,17.10.2002,18.8
,18.10.2002,18.9
,19.10.2002,18.3
,20.10.2002,19.4
,21.10.2002,15.2
,22.10.2002,13.7
,23.10.2002,16
,24.10.2002,16.9
,25.10.2002,16.3
,26.10.2002,12
,27.10.2002,11.8
,28.10.2002,14.6
,29.10.2002,14.7
,30.10.2002,12
,31.10.2002,9.4
,01.11.2002,10.1
,02.11.2002,10.1
,03.11.2002,12.9
,04.11.2002,12.3
,05.11.2002,13.1
,06.11.2002,14.2
,07.11.2002,16.4
,08.11.2002,16.6
,09.11.2002,12.6
,10.11.2002,11.8
,11.11.2002,12
,12.11.2002,10.9
,13.11.2002,10.4
,14.11.2002,7.9
,15.11.2002,7.9
,16.11.2002,9.9
,17.11.2002,11.3
,18.11.2002,14.3
,19.11.2002,13.6
,20.11.2002,8.9
,21.11.2002,9.1
,22.11.2002,9.7
,23.11.2002,7.7
,24.11.2002,7.1
,25.11.2002,7.5
,26.11.2002,7.5
,27.11.2002,5.8
,28.11.2002,5.7
,29.11.2002,5.4
,30.11.2002,5.2
,01.12.2002,4.8
,02.12.2002,6.8
,03.12.2002,4.4
,04.12.2002,3
,05.12.2002,3.1
,06.12.2002,5
,07.12.2002,2.9
,08.12.2002,2.7
,09.12.2002,3.8
,10.12.2002,6.3
,11.12.2002,6.4
,12.12.2002,4.3
,13.12.2002,7.8
,14.12.2002,5.6
,15.12.2002,4.6
,16.12.2002,3.7
,17.12.2002,5
,18.12.2002,3.3
,19.12.2002,5.8
,20.12.2002,5.9
,21.12.2002,4.9
,22.12.2002,1.9
,23.12.2002,2.6
,24.12.2002,3.2
,25.12.2002,5.3
,26.12.2002,6.1
,27.12.2002,5.3
,28.12.2002,6.6
,29.12.2002,4.5
,30.12.2002,4.4
,31.12.2002,3.4
,01.01.2003,2.5
,02.01.2003,5.8
,03.01.2003,7
,04.01.2003,4.3
,05.01.2003,2.7
,06.01.2003,4.8
,07.01.2003,5.6
,08.01.2003,8.5
,09.01.2003,6.2
,10.01.2003,4.4
,11.01.2003,4.4
,12.01.2003,4
,13.01.2003,6.4
,14.01.2003,5.1
,15.01.2003,5
,16.01.2003,4.2
,17.01.2003,5.8
,18.01.2003,7.5
,19.01.2003,7.5
,20.01.2003,7.8
,21.01.2003,6.5
,22.01.2003,4.4
,23.01.2003,6.9
,24.01.2003,6.1
,25.01.2003,8.5
,26.01.2003,6.6
,27.01.2003,6.5
,28.01.2003,6.3
,29.01.2003,6
,30.01.2003,6.1
,31.01.2003,5.6
,01.02.2003,4.4
,02.02.2003,3.8
,03.02.2003,5.6
,04.02.2003,5.9
,05.02.2003,5.2
,06.02.2003,5.4
,07.02.2003,3.7
,08.02.2003,2.8
,09.02.2003,4.3
,10.02.2003,4.7
,11.02.2003,6
,12.02.2003,6
,13.02.2003,8.9
,14.02.2003,5.7
,15.02.2003,3.5
,16.02.2003,7.8
,17.02.2003,6.7
,18.02.2003,6.3
,19.02.2003,7.5
,20.02.2003,7.3
,21.02.2003,8
,22.02.2003,8.5
,23.02.2003,8.7
,24.02.2003,7.5
,25.02.2003,5.8
,26.02.2003,8
,27.02.2003,8.4
,28.02.2003,8
,01.03.2003,9.4
,02.03.2003,7.1
,03.03.2003,10.6
,04.03.2003,12.1
,05.03.2003,10.5
,06.03.2003,13.2
,07.03.2003,10.6
,08.03.2003,11
,09.03.2003,11.7
,10.03.2003,11.4
,11.03.2003,13.8
,12.03.2003,14.8
,13.03.2003,13.3
,14.03.2003,11.6
,15.03.2003,12.4
,16.03.2003,15
,17.03.2003,15.3
,18.03.2003,13.2
,19.03.2003,12.6
,20.03.2003,12.7
,21.03.2003,12.3
,22.03.2003,14.5
,23.03.2003,14.1
,24.03.2003,11.2
,25.03.2003,11.8
,26.03.2003,14.9
,27.03.2003,11.4
,28.03.2003,14.4
,29.03.2003,13.6
,30.03.2003,13.9
,31.03.2003,15.9
,01.04.2003,18.4
,02.04.2003,14.6
,03.04.2003,12.8
,04.04.2003,13.8
,05.04.2003,16.1
,06.04.2003,13
,07.04.2003,12.7
,08.04.2003,15.8
,09.04.2003,17.5
,10.04.2003,14.2
,11.04.2003,15.5
,12.04.2003,16.8
,13.04.2003,19
,14.04.2003,20.6
,15.04.2003,19.9
,16.04.2003,16
,17.04.2003,18.8
,18.04.2003,17.6
,19.04.2003,16.6
,20.04.2003,16
,21.04.2003,17.4
,22.04.2003,17.4
,23.04.2003,17.4
,24.04.2003,13.7
,25.04.2003,13.9
,26.04.2003,17.8
,27.04.2003,17.3
,28.04.2003,18.6
,29.04.2003,16.3
,30.04.2003,16
,01.05.2003,13.5
,02.05.2003,15.9
,03.05.2003,19.9
,04.05.2003,19.6
,05.05.2003,20.9
,06.05.2003,21
,07.05.2003,19
,08.05.2003,19.8
,09.05.2003,20.9
,10.05.2003,19
,11.05.2003,16.8
,12.05.2003,17
,13.05.2003,18.3
,14.05.2003,20
,15.05.2003,18.6
,16.05.2003,22.3
,17.05.2003,22.9
,18.05.2003,24.7
,19.05.2003,22.3
,20.05.2003,23.3
,21.05.2003,26
,22.05.2003,24.3
,23.05.2003,21.7
,24.05.2003,20.1
,25.05.2003,21
,26.05.2003,22.3
,27.05.2003,24.7
,28.05.2003,25.9
,29.05.2003,24
,30.05.2003,22
,31.05.2003,24.7
,01.06.2003,25.1
,02.06.2003,25.8
,03.06.2003,24.7
,04.06.2003,23.3
,05.06.2003,25.2
,06.06.2003,28.7
,07.06.2003,26.4
,08.06.2003,25.5
,09.06.2003,25.4
,10.06.2003,25
,11.06.2003,24.4
,12.06.2003,23.6
,13.06.2003,25.4
,14.06.2003,26.5
,15.06.2003,28
,16.06.2003,26.4
,17.06.2003,28.4
,18.06.2003,27.1
,19.06.2003,27.7
,20.06.2003,26.5
,21.06.2003,28.3
,22.06.2003,29.1
,23.06.2003,30
,24.06.2003,29.7
,25.06.2003,30.4
,26.06.2003,29.3
,27.06.2003,28.6
,28.06.2003,30.6
,29.06.2003,31.1
,30.06.2003,31.7
,01.07.2003,32.7
,02.07.2003,31.9
,03.07.2003,31.2
,04.07.2003,30.7
,05.07.2003,30
,06.07.2003,29.4
,07.07.2003,29.5
,08.07.2003,29.9
,09.07.2003,29
,10.07.2003,30.3
,11.07.2003,31.8
,12.07.2003,31.2
,13.07.2003,33.1
,14.07.2003,33.3
,15.07.2003,33.3
,16.07.2003,33.7
,17.07.2003,32.2
,18.07.2003,33.1
,19.07.2003,33.6
,20.07.2003,33.3
,21.07.2003,32.8
,22.07.2003,31.8
,23.07.2003,32.4
,24.07.2003,32.5
,25.07.2003,31.2
,26.07.2003,30.1
,27.07.2003,30.7
,28.07.2003,29.5
,29.07.2003,31
,30.07.2003,31.7
,31.07.2003,33
,01.08.2003,31.6
,02.08.2003,31.7
,03.08.2003,31.8
,04.08.2003,29.5
,05.08.2003,30.5
,06.08.2003,32.1
,07.08.2003,31.3
,08.08.2003,31.1
,09.08.2003,30.5
,10.08.2003,30.3
,11.08.2003,31.4
,12.08.2003,28.9
,13.08.2003,28.6
,14.08.2003,28.9
,15.08.2003,27.8
,16.08.2003,27.7
,17.08.2003,27.9
,18.08.2003,28.7
,19.08.2003,27.1
,20.08.2003,29.5
,21.08.2003,30.5
,22.08.2003,30.9
,23.08.2003,29.9
,24.08.2003,29.5
,25.08.2003,28.9
,26.08.2003,30.4
,27.08.2003,28.3
,28.08.2003,29
,29.08.2003,28.3
,30.08.2003,28.9
,31.08.2003,28.7
,01.09.2003,29.9
,02.09.2003,27.2
,03.09.2003,27.3
,04.09.2003,27.7
,05.09.2003,27.9
,06.09.2003,26.1
,07.09.2003,25.8
,08.09.2003,25.8
,09.09.2003,25.2
,10.09.2003,24.7
,11.09.2003,24.6
,12.09.2003,23.9
,13.09.2003,23.3
,14.09.2003,22.5
,15.09.2003,25.3
,16.09.2003,26.7
,17.09.2003,23.9
,18.09.2003,22.4
,19.09.2003,25.4
,20.09.2003,26.4
,21.09.2003,20.6
,22.09.2003,20.8
,23.09.2003,22.8
,24.09.2003,22.1
,25.09.2003,22.5
,26.09.2003,24.5
,27.09.2003,23.2
,28.09.2003,22.7
,29.09.2003,22.7
,30.09.2003,22.3
,01.10.2003,21.4
,02.10.2003,21.8
,03.10.2003,22.5
,04.10.2003,17.9
,05.10.2003,19.5
,06.10.2003,18.2
,07.10.2003,20.7
,08.10.2003,18.2
,09.10.2003,15.2
,10.10.2003,14.6
,11.10.2003,15.7
,12.10.2003,15.1
,13.10.2003,15.4
,14.10.2003,17.2
,15.10.2003,18.5
,16.10.2003,18.8
,17.10.2003,18.8
,18.10.2003,18.9
,19.10.2003,18.3
,20.10.2003,19.4
,21.10.2003,15.2
,22.10.2003,13.7
,23.10.2003,16
,24.10.2003,16.9
,25.10.2003,16.3
,26.10.2003,12
,27.10.2003,11.8
,28.10.2003,14.6
,29.10.2003,14.7
,30.10.2003,12
,31.10.2003,9.4
,01.11.2003,10.1
,02.11.2003,10.1
,03.11.2003,12.9
,04.11.2003,12.3
,05.11.2003,13.1
,06.11.2003,14.2
,07.11.2003,16.4
,08.11.2003,16.6
,09.11.2003,12.6
,10.11.2003,11.8
,11.11.2003,12
,12.11.2003,10.9
,13.11.2003,10.4
,14.11.2003,7.9
,15.11.2003,7.9
,16.11.2003,9.9
,17.11.2003,11.3
,18.11.2003,14.3
,19.11.2003,13.6
,20.11.2003,8.9
,21.11.2003,9.1
,22.11.2003,9.7
,23.11.2003,7.7
,24.11.2003,7.1
,25.11.2003,7.5
,26.11.2003,7.5
,27.11.2003,5.8
,28.11.2003,5.7
,29.11.2003,5.4
,30.11.2003,5.2
,01.12.2003,4.8
,02.12.2003,6.8
,03.12.2003,4.4
,04.12.2003,3
,05.12.2003,3.1
,06.12.2003,5
,07.12.2003,2.9
,08.12.2003,2.7
,09.12.2003,3.8
,10.12.2003,6.3
,11.12.2003,6.4
,12.12.2003,4.3
,13.12.2003,7.8
,14.12.2003,5.6
,15.12.2003,4.6
,16.12.2003,3.7
,17.12.2003,5
,18.12.2003,3.3
,19.12.2003,5.8
,20.12.2003,5.9
,21.12.2003,4.9
,22.12.2003,1.9
,23.12.2003,2.6
,24.12.2003,3.2
,25.12.2003,5.3
,26.12.2003,6.1
,27.12.2003,5.3
,28.12.2003,6.6
,29.12.2003,4.5
,30.12.2003,4.4
,31.12.2003,3.4
,01.01.2004,2.5
,02.01.2004,5.8
,03.01.2004,7
,04.01.2004,4.3
,05.01.2004,2.7
,06.01.2004,4.8
,07.01.2004,5.6
,08.01.2004,8.5
,09.01.2004,6.2
,10.01.2004,4.4
,11.01.2004,4.4
,12.01.2004,4
,13.01.2004,6.4
,14.01.2004,5.1
,15.01.2004,5
,16.01.2004,4.2
,17.01.2004,5.8
,18.01.2004,7.5
,19.01.2004,7.5
,20.01.2004,7.8
,21.01.2004,6.5
,22.01.2004,4.4
,23.01.2004,6.9
,24.01.2004,6.1
,25.01.2004,8.5
,26.01.2004,6.6
,27.01.2004,6.5
,28.01.2004,6.3
,29.01.2004,6
,30.01.2004,6.1
,31.01.2004,5.6
,01.02.2004,4.4
,02.02.2004,3.8
,03.02.2004,5.6
,04.02.2004,5.9
,05.02.2004,5.2
,06.02.2004,5.4
,07.02.2004,3.7
,08.02.2004,2.8
,09.02.2004,4.3
,10.02.2004,4.7
,11.02.2004,6
,12.02.2004,6
,13.02.2004,8.9
,14.02.2004,5.7
,15.02.2004,3.5
,16.02.2004,7.8
,17.02.2004,6.7
,18.02.2004,6.3
,19.02.2004,7.5
,20.02.2004,7.3
,21.02.2004,8
,22.02.2004,8.5
,23.02.2004,8.7
,24.02.2004,7.5
,25.02.2004,5.8
,26.02.2004,8
,27.02.2004,8.4
,28.02.2004,8
,29.02.2004,9.7
,01.03.2004,9.4
,02.03.2004,7.1
,03.03.2004,10.6
,04.03.2004,12.1
,05.03.2004,10.5
,06.03.2004,13.2
,07.03.2004,10.6
,08.03.2004,11
,09.03.2004,11.7
,10.03.2004,11.4
,11.03.2004,13.8
,12.03.2004,14.8
,13.03.2004,13.3
,14.03.2004,11.6
,15.03.2004,12.4
,16.03.2004,15
,17.03.2004,15.3
,18.03.2004,13.2
,19.03.2004,12.6
,20.03.2004,12.7
,21.03.2004,12.3
,22.03.2004,14.5
,23.03.2004,14.1
,24.03.2004,11.2
,25.03.2004,11.8
,26.03.2004,14.9
,27.03.2004,11.4
,28.03.2004,14.4
,29.03.2004,13.6
,30.03.2004,13.9
,31.03.2004,15.9
,01.04.2004,18.4
,02.04.2004,14.6
,03.04.2004,12.8
,04.04.2004,13.8
,05.04.2004,16.1
,06.04.2004,13
,07.04.2004,12.7
,08.04.2004,15.8
,09.04.2004,17.5
,10.04.2004,14.2
,11.04.2004,15.5
,12.04.2004,16.8
,13.04.2004,19
,14.04.2004,20.6
,15.04.2004,19.9
,16.04.2004,16
,17.04.2004,18.8
,18.04.2004,17.6
,19.04.2004,16.6
,20.04.2004,16
,21.04.2004,17.4
,22.04.2004,17.4
,23.04.2004,17.4
,24.04.2004,13.7
,25.04.2004,13.9
,26.04.2004,17.8
,27.04.2004,17.3
,28.04.2004,18.6
,29.04.2004,16.3
,30.04.2004,16
,01.05.2004,13.5
,02.05.2004,15.9
,03.05.2004,19.9
,04.05.2004,19.6
,05.05.2004,20.9
,06.05.2004,21
,07.05.2004,19
,08.05.2004,19.8
,09.05.2004,20.9
,10.05.2004,19
,11.05.2004,16.8
,12.05.2004,17
,13.05.2004,18.3
,14.05.2004,20
,15.05.2004,18.6
,16.05.2004,22.3
,17.05.2004,22.9
,18.05.2004,24.7
,19.05.2004,22.3
,20.05.2004,23.3
,21.05.2004,26
,22.05.2004,24.3
,23.05.2004,21.7
,24.05.2004,20.1
,25.05.2004,21
,26.05.2004,22.3
,27.05.2004,24.7
,28.05.2004,25.9
,29.05.2004,24
,30.05.2004,22
,31.05.2004,24.7
,01.06.2004,25.1
,02.06.2004,25.8
,03.06.2004,24.7
,04.06.2004,23.3
,05.06.2004,25.2
,06.06.2004,28.7
,07.06.2004,26.4
,08.06.2004,25.5
,09.06.2004,25.4
,10.06.2004,25
,11.06.2004,24.4
,12.06.2004,23.6
,13.06.2004,25.4
,14.06.2004,26.5
,15.06.2004,28
,16.06.2004,26.4
,17.06.2004,28.4
,18.06.2004,27.1
,19.06.2004,27.7
,20.06.2004,26.5
,21.06.2004,28.3
,22.06.2004,29.1
,23.06.2004,30
,24.06.2004,29.7
,25.06.2004,30.4
,26.06.2004,29.3
,27.06.2004,28.6
,28.06.2004,30.6
,29.06.2004,31.1
,30.06.2004,31.7
,01.07.2004,32.7
,02.07.2004,31.9
,03.07.2004,31.2
,04.07.2004,30.7
,05.07.2004,30
,06.07.2004,29.4
,07.07.2004,29.5
,08.07.2004,29.9
,09.07.2004,29
,10.07.2004,30.3
,11.07.2004,31.8
,12.07.2004,31.2
,13.07.2004,33.1
,14.07.2004,33.3
,15.07.2004,33.3
,16.07.2004,33.7
,17.07.2004,32.2
,18.07.2004,33.1
,19.07.2004,33.6
,20.07.2004,33.3
,21.07.2004,32.8
,22.07.2004,31.8
,23.07.2004,32.4
,24.07.2004,32.5
,25.07.2004,31.2
,26.07.2004,30.1
,27.07.2004,30.7
,28.07.2004,29.5
,29.07.2004,31
,30.07.2004,31.7
,31.07.2004,33
,01.08.2004,31.6
,02.08.2004,31.7
,03.08.2004,31.8
,04.08.2004,29.5
,05.08.2004,30.5
,06.08.2004,32.1
,07.08.2004,31.3
,08.08.2004,31.1
,09.08.2004,30.5
,10.08.2004,30.3
,11.08.2004,31.4
,12.08.2004,28.9
,13.08.2004,28.6
,14.08.2004,28.9
,15.08.2004,27.8
,16.08.2004,27.7
,17.08.2004,27.9
,18.08.2004,28.7
,19.08.2004,27.1
,20.08.2004,29.5
,21.08.2004,30.5
,22.08.2004,30.9
,23.08.2004,29.9
,24.08.2004,29.5
,25.08.2004,28.9
,26.08.2004,30.4
,27.08.2004,28.3
,28.08.2004,29
,29.08.2004,28.3
,30.08.2004,28.9
,31.08.2004,28.7
,01.09.2004,29.9
,02.09.2004,27.2
,03.09.2004,27.3
,04.09.2004,27.7
,05.09.2004,27.9
,06.09.2004,26.1
,07.09.2004,25.8
,08.09.2004,25.8
,09.09.2004,25.2
,10.09.2004,24.7
,11.09.2004,24.6
,12.09.2004,23.9
,13.09.2004,23.3
,14.09.2004,22.5
,15.09.2004,25.3
,16.09.2004,26.7
,17.09.2004,23.9
,18.09.2004,22.4
,19.09.2004,25.4
,20.09.2004,26.4
,21.09.2004,20.6
,22.09.2004,20.8
,23.09.2004,22.8
,24.09.2004,22.1
,25.09.2004,22.5
,26.09.2004,24.5
,27.09.2004,23.2
,28.09.2004,22.7
,29.09.2004,22.7
,30.09.2004,22.3
,01.10.2004,21.4
,02.10.2004,21.8
,03.10.2004,22.5
,04.10.2004,17.9
,05.10.2004,19.5
,06.10.2004,18.2
,07.10.2004,20.7
,08.10.2004,18.2
,09.10.2004,15.2
,10.10.2004,14.6
,11.10.2004,15.7
,12.10.2004,15.1
,13.10.2004,15.4
,14.10.2004,17.2
,15.10.2004,18.5
,16.10.2004,18.8
,17.10.2004,18.8
,18.10.2004,18.9
,19.10.2004,18.3
,20.10.2004,19.4
,21.10.2004,15.2
,22.10.2004,13.7
,23.10.2004,16
,24.10.2004,16.9
,25.10.2004,16.3
,26.10.2004,12
,27.10.2004,11.8
,28.10.2004,14.6
,29.10.2004,14.7
,30.10.2004,12
,31.10.2004,9.4
,01.11.2004,10.1
,02.11.2004,10.1
,03.11.2004,12.9
,04.11.2004,12.3
,05.11.2004,13.1
,06.11.2004,14.2
,07.11.2004,16.4
,08.11.2004,16.6
,09.11.2004,12.6
,10.11.2004,11.8
,11.11.2004,12
,12.11.2004,10.9
,13.11.2004,10.4
,14.11.2004,7.9
,15.11.2004,7.9
,16.11.2004,9.9
,17.11.2004,11.3
,18.11.2004,14.3
,19.11.2004,13.6
,20.11.2004,8.9
,21.11.2004,9.1
,22.11.2004,9.7
,23.11.2004,7.7
,24.11.2004,7.1
,25.11.2004,7.5
,26.11.2004,7.5
,27.11.2004,5.8
,28.11.2004,5.7
,29.11.2004,5.4
,30.11.2004,5.2
,01.12.2004,4.8
,02.12.2004,6.8
,03.12.2004,4.4
,04.12.2004,3
,05.12.2004,3.1
,06.12.2004,5
,07.12.2004,2.9
,08.12.2004,2.7
,09.12.2004,3.8
,10.12.2004,6.3
,11.12.2004,6.4
,12.12.2004,4.3
,13.12.2004,7.8
,14.12.2004,5.6
,15.12.2004,4.6
,16.12.2004,3.7
,17.12.2004,5
,18.12.2004,3.3
,19.12.2004,5.8
,20.12.2004,5.9
,21.12.2004,4.9
,22.12.2004,1.9
,23.12.2004,2.6
,24.12.2004,3.2
,25.12.2004,5.3
,26.12.2004,6.1
,27.12.2004,5.3
,28.12.2004,6.6
,29.12.2004,4.5
,30.12.2004,4.4
,31.12.2004,3.4
,01.01.2005,2.5
,02.01.2005,5.8
,03.01.2005,7
,04.01.2005,4.3
,05.01.2005,2.7
,06.01.2005,4.8
,07.01.2005,5.6
,08.01.2005,8.5
,09.01.2005,6.2
,10.01.2005,4.4
,11.01.2005,4.4
,12.01.2005,4
,13.01.2005,6.4
,14.01.2005,5.1
,15.01.2005,5
,16.01.2005,4.2
,17.01.2005,5.8
,18.01.2005,7.5
,19.01.2005,7.5
,20.01.2005,7.8
,21.01.2005,6.5
,22.01.2005,4.4
,23.01.2005,6.9
,24.01.2005,6.1
,25.01.2005,8.5
,26.01.2005,6.6
,27.01.2005,6.5
,28.01.2005,6.3
,29.01.2005,6
,30.01.2005,6.1
,31.01.2005,5.6
,01.02.2005,4.4
,02.02.2005,3.8
,03.02.2005,5.6
,04.02.2005,5.9
,05.02.2005,5.2
,06.02.2005,5.4
,07.02.2005,3.7
,08.02.2005,2.8
,09.02.2005,4.3
,10.02.2005,4.7
,11.02.2005,6
,12.02.2005,6
,13.02.2005,8.9
,14.02.2005,5.7
,15.02.2005,3.5
,16.02.2005,7.8
,17.02.2005,6.7
,18.02.2005,6.3
,19.02.2005,7.5
,20.02.2005,7.3
,21.02.2005,8
,22.02.2005,8.5
,23.02.2005,8.7
,24.02.2005,7.5
,25.02.2005,5.8
,26.02.2005,8
,27.02.2005,8.4
,28.02.2005,8
,01.03.2005,9.4
,02.03.2005,7.1
,03.03.2005,10.6
,04.03.2005,12.1
,05.03.2005,10.5
,06.03.2005,13.2
,07.03.2005,10.6
,08.03.2005,11
,09.03.2005,11.7
,10.03.2005,11.4
,11.03.2005,13.8
,12.03.2005,14.8
,13.03.2005,13.3
,14.03.2005,11.6
,15.03.2005,12.4
,16.03.2005,15
,17.03.2005,15.3
,18.03.2005,13.2
,19.03.2005,12.6
,20.03.2005,12.7
,21.03.2005,12.3
,22.03.2005,14.5
,23.03.2005,14.1
,24.03.2005,11.2
,25.03.2005,11.8
,26.03.2005,14.9
,27.03.2005,11.4
,28.03.2005,14.4
,29.03.2005,13.6
,30.03.2005,13.9
,31.03.2005,15.9
,01.04.2005,18.4
,02.04.2005,14.6
,03.04.2005,12.8
,04.04.2005,13.8
,05.04.2005,16.1
,06.04.2005,13
,07.04.2005,12.7
,08.04.2005,15.8
,09.04.2005,17.5
,10.04.2005,14.2
,11.04.2005,15.5
,12.04.2005,16.8
,13.04.2005,19
,14.04.2005,20.6
,15.04.2005,19.9
,16.04.2005,16
,17.04.2005,18.8
,18.04.2005,17.6
,19.04.2005,16.6
,20.04.2005,16
,21.04.2005,17.4
,22.04.2005,17.4
,23.04.2005,17.4
,24.04.2005,13.7
,25.04.2005,13.9
,26.04.2005,17.8
,27.04.2005,17.3
,28.04.2005,18.6
,29.04.2005,16.3
,30.04.2005,16
,01.05.2005,13.5
,02.05.2005,15.9
,03.05.2005,19.9
,04.05.2005,19.6
,05.05.2005,20.9
,06.05.2005,21
,07.05.2005,19
,08.05.2005,19.8
,09.05.2005,20.9
,10.05.2005,19
,11.05.2005,16.8
,12.05.2005,17
,13.05.2005,18.3
,14.05.2005,20
,15.05.2005,18.6
,16.05.2005,22.3
,17.05.2005,22.9
,18.05.2005,24.7
,19.05.2005,22.3
,20.05.2005,23.3
,21.05.2005,26
,22.05.2005,24.3
,23.05.2005,21.7
,24.05.2005,20.1
,25.05.2005,21
,26.05.2005,22.3
,27.05.2005,24.7
,28.05.2005,25.9
,29.05.2005,24
,30.05.2005,22
,31.05.2005,24.7
,01.06.2005,25.1
,02.06.2005,25.8
,03.06.2005,24.7
,04.06.2005,23.3
,05.06.2005,25.2
,06.06.2005,28.7
,07.06.2005,26.4
,08.06.2005,25.5
,09.06.2005,25.4
,10.06.2005,25
,11.06.2005,24.4
,12.06.2005,23.6
,13.06.2005,25.4
,14.06.2005,26.5
,15.06.2005,28
,16.06.2005,26.4
,17.06.2005,28.4
,18.06.2005,27.1
,19.06.2005,27.7
,20.06.2005,26.5
,21.06.2005,28.3
,22.06.2005,29.1
,23.06.2005,30
,24.06.2005,29.7
,25.06.2005,30.4
,26.06.2005,29.3
,27.06.2005,28.6
,28.06.2005,30.6
,29.06.2005,31.1
,30.06.2005,31.7
,01.07.2005,32.7
,02.07.2005,31.9
,03.07.2005,31.2
,04.07.2005,30.7
,05.07.2005,30
,06.07.2005,29.4
,07.07.2005,29.5
,08.07.2005,29.9
,09.07.2005,29
,10.07.2005,30.3
,11.07.2005,31.8
,12.07.2005,31.2
,13.07.2005,33.1
,14.07.2005,33.3
,15.07.2005,33.3
,16.07.2005,33.7
,17.07.2005,32.2
,18.07.2005,33.1
,19.07.2005,33.6
,20.07.2005,33.3
,21.07.2005,32.8
,22.07.2005,31.8
,23.07.2005,32.4
,24.07.2005,32.5
,25.07.2005,31.2
,26.07.2005,30.1
,27.07.2005,30.7
,28.07.2005,29.5
,29.07.2005,31
,30.07.2005,31.7
,31.07.2005,33
,01.08.2005,31.6
,02.08.2005,31.7
,03.08.2005,31.8
,04.08.2005,29.5
,05.08.2005,30.5
,06.08.2005,32.1
,07.08.2005,31.3
,08.08.2005,31.1
,09.08.2005,30.5
,10.08.2005,30.3
,11.08.2005,31.4
,12.08.2005,28.9
,13.08.2005,28.6
,14.08.2005,28.9
,15.08.2005,27.8
,16.08.2005,27.7
,17.08.2005,27.9
,18.08.2005,28.7
,19.08.2005,27.1
,20.08.2005,29.5
,21.08.2005,30.5
,22.08.2005,30.9
,23.08.2005,29.9
,24.08.2005,29.5
,25.08.2005,28.9
,26.08.2005,30.4
,27.08.2005,28.3
,28.08.2005,29
,29.08.2005,28.3
,30.08.2005,28.9
,31.08.2005,28.7
,01.09.2005,29.9
,02.09.2005,27.2
,03.09.2005,27.3
,04.09.2005,27.7
,05.09.2005,27.9
,06.09.2005,26.1
,07.09.2005,25.8
,08.09.2005,25.8
,09.09.2005,25.2
,10.09.2005,24.7
,11.09.2005,24.6
,12.09.2005,23.9
,13.09.2005,23.3
,14.09.2005,22.5
,15.09.2005,25.3
,16.09.2005,26.7
,17.09.2005,23.9
,18.09.2005,22.4
,19.09.2005,25.4
,20.09.2005,26.4
,21.09.2005,20.6
,22.09.2005,20.8
,23.09.2005,22.8
,24.09.2005,22.1
,25.09.2005,22.5
,26.09.2005,24.5
,27.09.2005,23.2
,28.09.2005,22.7
,29.09.2005,22.7
,30.09.2005,22.3
,01.10.2005,21.4
,02.10.2005,21.8
,03.10.2005,22.5
,04.10.2005,17.9
,05.10.2005,19.5
,06.10.2005,18.2
,07.10.2005,20.7
,08.10.2005,18.2
,09.10.2005,15.2
,10.10.2005,14.6
,11.10.2005,15.7
,12.10.2005,15.1
,13.10.2005,15.4
,14.10.2005,17.2
,15.10.2005,18.5
,16.10.2005,18.8
,17.10.2005,18.8
,18.10.2005,18.9
,19.10.2005,18.3
,20.10.2005,19.4
,21.10.2005,15.2
,22.10.2005,13.7
,23.10.2005,16
,24.10.2005,16.9
,25.10.2005,16.3
,26.10.2005,12
,27.10.2005,11.8
,28.10.2005,14.6
,29.10.2005,14.7
,30.10.2005,12
,31.10.2005,9.4
,01.11.2005,10.1
,02.11.2005,10.1
,03.11.2005,12.9
,04.11.2005,12.3
,05.11.2005,13.1
,06.11.2005,14.2
,07.11.2005,16.4
,08.11.2005,16.6
,09.11.2005,12.6
,10.11.2005,11.8
,11.11.2005,12
,12.11.2005,10.9
,13.11.2005,10.4
,14.11.2005,7.9
,15.11.2005,7.9
,16.11.2005,9.9
,17.11.2005,11.3
,18.11.2005,14.3
,19.11.2005,13.6
,20.11.2005,8.9
,21.11.2005,9.1
,22.11.2005,9.7
,23.11.2005,7.7
,24.11.2005,7.1
,25.11.2005,7.5
,26.11.2005,7.5
,27.11.2005,5.8
,28.11.2005,5.7
,29.11.2005,5.4
,30.11.2005,5.2
,01.12.2005,4.8
,02.12.2005,6.8
,03.12.2005,4.4
,04.12.2005,3
,05.12.2005,3.1
,06.12.2005,5
,07.12.2005,2.9
,08.12.2005,2.7
,09.12.2005,3.8
,10.12.2005,6.3
,11.12.2005,6.4
,12.12.2005,4.3
,13.12.2005,7.8
,14.12.2005,5.6
,15.12.2005,4.6
,16.12.2005,3.7
,17.12.2005,5
,18.12.2005,3.3
,19.12.2005,5.8
,20.12.2005,5.9
,21.12.2005,4.9
,22.12.2005,1.9
,23.12.2005,2.6
,24.12.2005,3.2
,25.12.2005,5.3
,26.12.2005,6.1
,27.12.2005,5.3
,28.12.2005,6.6
,29.12.2005,4.5
,30.12.2005,4.4
,31.12.2005,3.4
,01.01.2006,2.5
,02.01.2006,5.8
,03.01.2006,7
,04.01.2006,4.3
,05.01.2006,2.7
,06.01.2006,4.8
,07.01.2006,5.6
,08.01.2006,8.5
,09.01.2006,6.2
,10.01.2006,4.4
,11.01.2006,4.4
,12.01.2006,4
,13.01.2006,6.4
,14.01.2006,5.1
,15.01.2006,5
,16.01.2006,4.2
,17.01.2006,5.8
,18.01.2006,7.5
,19.01.2006,7.5
,20.01.2006,7.8
,21.01.2006,6.5
,22.01.2006,4.4
,23.01.2006,6.9
,24.01.2006,6.1
,25.01.2006,8.5
,26.01.2006,6.6
,27.01.2006,6.5
,28.01.2006,6.3
,29.01.2006,6
,30.01.2006,6.1
,31.01.2006,5.6
,01.02.2006,4.4
,02.02.2006,3.8
,03.02.2006,5.6
,04.02.2006,5.9
,05.02.2006,5.2
,06.02.2006,5.4
,07.02.2006,3.7
,08.02.2006,2.8
,09.02.2006,4.3
,10.02.2006,4.7
,11.02.2006,6
,12.02.2006,6
,13.02.2006,8.9
,14.02.2006,5.7
,15.02.2006,3.5
,16.02.2006,7.8
,17.02.2006,6.7
,18.02.2006,6.3
,19.02.2006,7.5
,20.02.2006,7.3
,21.02.2006,8
,22.02.2006,8.5
,23.02.2006,8.7
,24.02.2006,7.5
,25.02.2006,5.8
,26.02.2006,8
,27.02.2006,8.4
,28.02.2006,8
,01.03.2006,9.4
,02.03.2006,7.1
,03.03.2006,10.6
,04.03.2006,12.1
,05.03.2006,10.5
,06.03.2006,13.2
,07.03.2006,10.6
,08.03.2006,11
,09.03.2006,11.7
,10.03.2006,11.4
,11.03.2006,13.8
,12.03.2006,14.8
,13.03.2006,13.3
,14.03.2006,11.6
,15.03.2006,12.4
,16.03.2006,15
,17.03.2006,15.3
,18.03.2006,13.2
,19.03.2006,12.6
,20.03.2006,12.7
,21.03.2006,12.3
,22.03.2006,14.5
,23.03.2006,14.1
,24.03.2006,11.2
,25.03.2006,11.8
,26.03.2006,14.9
,27.03.2006,11.4
,28.03.2006,14.4
,29.03.2006,13.6
,30.03.2006,13.9
,31.03.2006,15.9
,01.04.2006,18.4
,02.04.2006,14.6
,03.04.2006,12.8
,04.04.2006,13.8
,05.04.2006,16.1
,06.04.2006,13
,07.04.2006,12.7
,08.04.2006,15.8
,09.04.2006,17.5
,10.04.2006,14.2
,11.04.2006,15.5
,12.04.2006,16.8
,13.04.2006,19
,14.04.2006,20.6
,15.04.2006,19.9
,16.04.2006,16
,17.04.2006,18.8
,18.04.2006,17.6
,19.04.2006,16.6
,20.04.2006,16
,21.04.2006,17.4
,22.04.2006,17.4
,23.04.2006,17.4
,24.04.2006,13.7
,25.04.2006,13.9
,26.04.2006,17.8
,27.04.2006,17.3
,28.04.2006,18.6
,29.04.2006,16.3
,30.04.2006,16
,01.05.2006,13.5
,02.05.2006,15.9
,03.05.2006,19.9
,04.05.2006,19.6
,05.05.2006,20.9
,06.05.2006,21
,07.05.2006,19
,08.05.2006,19.8
,09.05.2006,20.9
,10.05.2006,19
,11.05.2006,16.8
,12.05.2006,17
,13.05.2006,18.3
,14.05.2006,20
,15.05.2006,18.6
,16.05.2006,22.3
,17.05.2006,22.9
,18.05.2006,24.7
,19.05.2006,22.3
,20.05.2006,23.3
,21.05.2006,26
,22.05.2006,24.3
,23.05.2006,21.7
,24.05.2006,20.1
,25.05.2006,21
,26.05.2006,22.3
,27.05.2006,24.7
,28.05.2006,25.9
,29.05.2006,24
,30.05.2006,22
,31.05.2006,24.7
,01.06.2006,25.1
,02.06.2006,25.8
,03.06.2006,24.7
,04.06.2006,23.3
,05.06.2006,25.2
,06.06.2006,28.7
,07.06.2006,26.4
,08.06.2006,25.5
,09.06.2006,25.4
,10.06.2006,25
,11.06.2006,24.4
,12.06.2006,23.6
,13.06.2006,25.4
,14.06.2006,26.5
,15.06.2006,28
,16.06.2006,26.4
,17.06.2006,28.4
,18.06.2006,27.1
,19.06.2006,27.7
,20.06.2006,26.5
,21.06.2006,28.3
,22.06.2006,29.1
,23.06.2006,30
,24.06.2006,29.7
,25.06.2006,30.4
,26.06.2006,29.3
,27.06.2006,28.6
,28.06.2006,30.6
,29.06.2006,31.1
,30.06.2006,31.7
,01.07.2006,32.7
,02.07.2006,31.9
,03.07.2006,31.2
,04.07.2006,30.7
,05.07.2006,30
,06.07.2006,29.4
,07.07.2006,29.5
,08.07.2006,29.9
,09.07.2006,29
,10.07.2006,30.3
,11.07.2006,31.8
,12.07.2006,31.2
,13.07.2006,33.1
,14.07.2006,33.3
,15.07.2006,33.3
,16.07.2006,33.7
,17.07.2006,32.2
,18.07.2006,33.1
,19.07.2006,33.6
,20.07.2006,33.3
,21.07.2006,32.8
,22.07.2006,31.8
,23.07.2006,32.4
,24.07.2006,32.5
,25.07.2006,31.2
,26.07.2006,30.1
,27.07.2006,30.7
,28.07.2006,29.5
,29.07.2006,31
,30.07.2006,31.7
,31.07.2006,33
,01.08.2006,31.6
,02.08.2006,31.7
,03.08.2006,31.8
,04.08.2006,29.5
,05.08.2006,30.5
,06.08.2006,32.1
,07.08.2006,31.3
,08.08.2006,31.1
,09.08.2006,30.5
,10.08.2006,30.3
,11.08.2006,31.4
,12.08.2006,28.9
,13.08.2006,28.6
,14.08.2006,28.9
,15.08.2006,27.8
,16.08.2006,27.7
,17.08.2006,27.9
,18.08.2006,28.7
,19.08.2006,27.1
,20.08.2006,29.5
,21.08.2006,30.5
,22.08.2006,30.9
,23.08.2006,29.9
,24.08.2006,29.5
,25.08.2006,28.9
,26.08.2006,30.4
,27.08.2006,28.3
,28.08.2006,29
,29.08.2006,28.3
,30.08.2006,28.9
,31.08.2006,28.7
,01.09.2006,29.9
,02.09.2006,27.2
,03.09.2006,27.3
,04.09.2006,27.7
,05.09.2006,27.9
,06.09.2006,26.1
,07.09.2006,25.8
,08.09.2006,25.8
,09.09.2006,25.2
,10.09.2006,24.7
,11.09.2006,24.6
,12.09.2006,23.9
,13.09.2006,23.3
,14.09.2006,22.5
,15.09.2006,25.3
,16.09.2006,26.7
,17.09.2006,23.9
,18.09.2006,22.4
,19.09.2006,25.4
,20.09.2006,26.4
,21.09.2006,20.6
,22.09.2006,20.8
,23.09.2006,22.8
,24.09.2006,22.1
,25.09.2006,22.5
,26.09.2006,24.5
,27.09.2006,23.2
,28.09.2006,22.7
,29.09.2006,22.7
,30.09.2006,22.3
,01.10.2006,21.4
,02.10.2006,21.8
,03.10.2006,22.5
,04.10.2006,17.9
,05.10.2006,19.5
,06.10.2006,18.2
,07.10.2006,20.7
,08.10.2006,18.2
,09.10.2006,15.2
,10.10.2006,14.6
,11.10.2006,15.7
,12.10.2006,15.1
,13.10.2006,15.4
,14.10.2006,17.2
,15.10.2006,18.5
,16.10.2006,18.8
,17.10.2006,18.8
,18.10.2006,18.9
,19.10.2006,18.3
,20.10.2006,19.4
,21.10.2006,15.2
,22.10.2006,13.7
,23.10.2006,16
,24.10.2006,16.9
,25.10.2006,16.3
,26.10.2006,12
,27.10.2006,11.8
,28.10.2006,14.6
,29.10.2006,14.7
,30.10.2006,12
,31.10.2006,9.4
,01.11.2006,10.1
,02.11.2006,10.1
,03.11.2006,12.9
,04.11.2006,12.3
,05.11.2006,13.1
,06.11.2006,14.2
,07.11.2006,16.4
,08.11.2006,16.6
,09.11.2006,12.6
,10.11.2006,11.8
,11.11.2006,12
,12.11.2006,10.9
,13.11.2006,10.4
,14.11.2006,7.9
,15.11.2006,7.9
,16.11.2006,9.9
,17.11.2006,11.3
,18.11.2006,14.3
,19.11.2006,13.6
,20.11.2006,8.9
,21.11.2006,9.1
,22.11.2006,9.7
,23.11.2006,7.7
,24.11.2006,7.1
,25.11.2006,7.5
,26.11.2006,7.5
,27.11.2006,5.8
,28.11.2006,5.7
,29.11.2006,5.4
,30.11.2006,5.2
,01.12.2006,4.8
,02.12.2006,6.8
,03.12.2006,4.4
,04.12.2006,3
,05.12.2006,3.1
,06.12.2006,5
,07.12.2006,2.9
,08.12.2006,2.7
,09.12.2006,3.8
,10.12.2006,6.3
,11.12.2006,6.4
,12.12.2006,4.3
,13.12.2006,7.8
,14.12.2006,5.6
,15.12.2006,4.6
,16.12.2006,3.7
,17.12.2006,5
,18.12.2006,3.3
,19.12.2006,5.8
,20.12.2006,5.9
,21.12.2006,4.9
,22.12.2006,1.9
,23.12.2006,2.6
,24.12.2006,3.2
,25.12.2006,5.3
,26.12.2006,6.1
,27.12.2006,5.3
,28.12.2006,6.6
,29.12.2006,4.5
,30.12.2006,4.4
,31.12.2006,3.4
,01.01.2007,2.5
,02.01.2007,5.8
,03.01.2007,7
,04.01.2007,4.3
,05.01.2007,2.7
,06.01.2007,4.8
,07.01.2007,5.6
,08.01.2007,8.5
,09.01.2007,6.2
,10.01.2007,4.4
,11.01.2007,4.4
,12.01.2007,4
,13.01.2007,6.4
,14.01.2007,5.1
,15.01.2007,5
,16.01.2007,4.2
,17.01.2007,5.8
,18.01.2007,7.5
,19.01.2007,7.5
,20.01.2007,7.8
,21.01.2007,6.5
,22.01.2007,4.4
,23.01.2007,6.9
,24.01.2007,6.1
,25.01.2007,8.5
,26.01.2007,6.6
,27.01.2007,6.5
,28.01.2007,6.3
,29.01.2007,6
,30.01.2007,6.1
,31.01.2007,5.6
,01.02.2007,4.4
,02.02.2007,3.8
,03.02.2007,5.6
,04.02.2007,5.9
,05.02.2007,5.2
,06.02.2007,5.4
,07.02.2007,3.7
,08.02.2007,2.8
,09.02.2007,4.3
,10.02.2007,4.7
,11.02.2007,6
,12.02.2007,6
,13.02.2007,8.9
,14.02.2007,5.7
,15.02.2007,3.5
,16.02.2007,7.8
,17.02.2007,6.7
,18.02.2007,6.3
,19.02.2007,7.5
,20.02.2007,7.3
,21.02.2007,8
,22.02.2007,8.5
,23.02.2007,8.7
,24.02.2007,7.5
,25.02.2007,5.8
,26.02.2007,8
,27.02.2007,8.4
,28.02.2007,8
,01.03.2007,9.4
,02.03.2007,7.1
,03.03.2007,10.6
,04.03.2007,12.1
,05.03.2007,10.5
,06.03.2007,13.2
,07.03.2007,10.6
,08.03.2007,11
,09.03.2007,11.7
,10.03.2007,11.4
,11.03.2007,13.8
,12.03.2007,14.8
,13.03.2007,13.3
,14.03.2007,11.6
,15.03.2007,12.4
,16.03.2007,15
,17.03.2007,15.3
,18.03.2007,13.2
,19.03.2007,12.6
,20.03.2007,12.7
,21.03.2007,12.3
,22.03.2007,14.5
,23.03.2007,14.1
,24.03.2007,11.2
,25.03.2007,11.8
,26.03.2007,14.9
,27.03.2007,11.4
,28.03.2007,14.4
,29.03.2007,13.6
,30.03.2007,13.9
,31.03.2007,15.9
,01.04.2007,18.4
,02.04.2007,14.6
,03.04.2007,12.8
,04.04.2007,13.8
,05.04.2007,16.1
,06.04.2007,13
,07.04.2007,12.7
,08.04.2007,15.8
,09.04.2007,17.5
,10.04.2007,14.2
,11.04.2007,15.5
,12.04.2007,16.8
,13.04.2007,19
,14.04.2007,20.6
,15.04.2007,19.9
,16.04.2007,16
,17.04.2007,18.8
,18.04.2007,17.6
,19.04.2007,16.6
,20.04.2007,16
,21.04.2007,17.4
,22.04.2007,17.4
,23.04.2007,17.4
,24.04.2007,13.7
,25.04.2007,13.9
,26.04.2007,17.8
,27.04.2007,17.3
,28.04.2007,18.6
,29.04.2007,16.3
,30.04.2007,16
,01.05.2007,13.5
,02.05.2007,15.9
,03.05.2007,19.9
,04.05.2007,19.6
,05.05.2007,20.9
,06.05.2007,21
,07.05.2007,19
,08.05.2007,19.8
,09.05.2007,20.9
,10.05.2007,19
,11.05.2007,16.8
,12.05.2007,17
,13.05.2007,18.3
,14.05.2007,20
,15.05.2007,18.6
,16.05.2007,22.3
,17.05.2007,22.9
,18.05.2007,24.7
,19.05.2007,22.3
,20.05.2007,23.3
,21.05.2007,26
,22.05.2007,24.3
,23.05.2007,21.7
,24.05.2007,20.1
,25.05.2007,21
,26.05.2007,22.3
,27.05.2007,24.7
,28.05.2007,25.9
,29.05.2007,24
,30.05.2007,22
,31.05.2007,24.7
,01.06.2007,25.1
,02.06.2007,25.8
,03.06.2007,24.7
,04.06.2007,23.3
,05.06.2007,25.2
,06.06.2007,28.7
,07.06.2007,26.4
,08.06.2007,25.5
,09.06.2007,25.4
,10.06.2007,25
,11.06.2007,24.4
,12.06.2007,23.6
,13.06.2007,25.4
,14.06.2007,26.5
,15.06.2007,28
,16.06.2007,26.4
,17.06.2007,28.4
,18.06.2007,27.1
,19.06.2007,27.7
,20.06.2007,26.5
,21.06.2007,28.3
,22.06.2007,29.1
,23.06.2007,30
,24.06.2007,29.7
,25.06.2007,30.4
,26.06.2007,29.3
,27.06.2007,28.6
,28.06.2007,30.6
,29.06.2007,31.1
,30.06.2007,31.7
,01.07.2007,32.7
,02.07.2007,31.9
,03.07.2007,31.2
,04.07.2007,30.7
,05.07.2007,30
,06.07.2007,29.4
,07.07.2007,29.5
,08.07.2007,29.9
,09.07.2007,29
,10.07.2007,30.3
,11.07.2007,31.8
,12.07.2007,31.2
,13.07.2007,33.1
,14.07.2007,33.3
,15.07.2007,33.3
,16.07.2007,33.7
,17.07.2007,32.2
,18.07.2007,33.1
,19.07.2007,33.6
,20.07.2007,33.3
,21.07.2007,32.8
,22.07.2007,31.8
,23.07.2007,32.4
,24.07.2007,32.5
,25.07.2007,31.2
,26.07.2007,30.1
,27.07.2007,30.7
,28.07.2007,29.5
,29.07.2007,31
,30.07.2007,31.7
,31.07.2007,33
,01.08.2007,31.6
,02.08.2007,31.7
,03.08.2007,31.8
,04.08.2007,29.5
,05.08.2007,30.5
,06.08.2007,32.1
,07.08.2007,31.3
,08.08.2007,31.1
,09.08.2007,30.5
,10.08.2007,30.3
,11.08.2007,31.4
,12.08.2007,28.9
,13.08.2007,28.6
,14.08.2007,28.9
,15.08.2007,27.8
,16.08.2007,27.7
,17.08.2007,27.9
,18.08.2007,28.7
,19.08.2007,27.1
,20.08.2007,29.5
,21.08.2007,30.5
,22.08.2007,30.9
,23.08.2007,29.9
,24.08.2007,29.5
,25.08.2007,28.9
,26.08.2007,30.4
,27.08.2007,28.3
,28.08.2007,29
,29.08.2007,28.3
,30.08.2007,28.9
,31.08.2007,28.7
,01.09.2007,29.9
,02.09.2007,27.2
,03.09.2007,27.3
,04.09.2007,27.7
,05.09.2007,27.9
,06.09.2007,26.1
,07.09.2007,25.8
,08.09.2007,25.8
,09.09.2007,25.2
,10.09.2007,24.7
,11.09.2007,24.6
,12.09.2007,23.9
,13.09.2007,23.3
,14.09.2007,22.5
,15.09.2007,25.3
,16.09.2007,26.7
,17.09.2007,23.9
,18.09.2007,22.4
,19.09.2007,25.4
,20.09.2007,26.4
,21.09.2007,20.6
,22.09.2007,20.8
,23.09.2007,22.8
,24.09.2007,22.1
,25.09.2007,22.5
,26.09.2007,24.5
,27.09.2007,23.2
,28.09.2007,22.7
,29.09.2007,22.7
,30.09.2007,22.3
,01.10.2007,21.4
,02.10.2007,21.8
,03.10.2007,22.5
,04.10.2007,17.9
,05.10.2007,19.5
,06.10.2007,18.2
,07.10.2007,20.7
,08.10.2007,18.2
,09.10.2007,15.2
,10.10.2007,14.6
,11.10.2007,15.7
,12.10.2007,15.1
,13.10.2007,15.4
,14.10.2007,17.2
,15.10.2007,18.5
,16.10.2007,18.8
,17.10.2007,18.8
,18.10.2007,18.9
,19.10.2007,18.3
,20.10.2007,19.4
,21.10.2007,15.2
,22.10.2007,13.7
,23.10.2007,16
,24.10.2007,16.9
,25.10.2007,16.3
,26.10.2007,12
,27.10.2007,11.8
,28.10.2007,14.6
,29.10.2007,14.7
,30.10.2007,12
,31.10.2007,9.4
,01.11.2007,10.1
,02.11.2007,10.1
,03.11.2007,12.9
,04.11.2007,12.3
,05.11.2007,13.1
,06.11.2007,14.2
,07.11.2007,16.4
,08.11.2007,16.6
,09.11.2007,12.6
,10.11.2007,11.8
,11.11.2007,12
,12.11.2007,10.9
,13.11.2007,10.4
,14.11.2007,7.9
,15.11.2007,7.9
,16.11.2007,9.9
,17.11.2007,11.3
,18.11.2007,14.3
,19.11.2007,13.6
,20.11.2007,8.9
,21.11.2007,9.1
,22.11.2007,9.7
,23.11.2007,7.7
,24.11.2007,7.1
,25.11.2007,7.5
,26.11.2007,7.5
,27.11.2007,5.8
,28.11.2007,5.7
,29.11.2007,5.4
,30.11.2007,5.2
,01.12.2007,4.8
,02.12.2007,6.8
,03.12.2007,4.4
,04.12.2007,3
,05.12.2007,3.1
,06.12.2007,5
,07.12.2007,2.9
,08.12.2007,2.7
,09.12.2007,3.8
,10.12.2007,6.3
,11.12.2007,6.4
,12.12.2007,4.3
,13.12.2007,7.8
,14.12.2007,5.6
,15.12.2007,4.6
,16.12.2007,3.7
,17.12.2007,5
,18.12.2007,3.3
,19.12.2007,5.8
,20.12.2007,5.9
,21.12.2007,4.9
,22.12.2007,1.9
,23.12.2007,2.6
,24.12.2007,3.2
,25.12.2007,5.3
,26.12.2007,6.1
,27.12.2007,5.3
,28.12.2007,6.6
,29.12.2007,4.5
,30.12.2007,4.4
,31.12.2007,3.4
,01.01.2008,2.5
,02.01.2008,5.8
,03.01.2008,7
,04.01.2008,4.3
,05.01.2008,2.7
,06.01.2008,4.8
,07.01.2008,5.6
,08.01.2008,8.5
,09.01.2008,6.2
,10.01.2008,4.4
,11.01.2008,4.4
,12.01.2008,4
,13.01.2008,6.4
,14.01.2008,5.1
,15.01.2008,5
,16.01.2008,4.2
,17.01.2008,5.8
,18.01.2008,7.5
,19.01.2008,7.5
,20.01.2008,7.8
,21.01.2008,6.5
,22.01.2008,4.4
,23.01.2008,6.9
,24.01.2008,6.1
,25.01.2008,8.5
,26.01.2008,6.6
,27.01.2008,6.5
,28.01.2008,6.3
,29.01.2008,6
,30.01.2008,6.1
,31.01.2008,5.6
,01.02.2008,4.4
,02.02.2008,3.8
,03.02.2008,5.6
,04.02.2008,5.9
,05.02.2008,5.2
,06.02.2008,5.4
,07.02.2008,3.7
,08.02.2008,2.8
,09.02.2008,4.3
,10.02.2008,4.7
,11.02.2008,6
,12.02.2008,6
,13.02.2008,8.9
,14.02.2008,5.7
,15.02.2008,3.5
,16.02.2008,7.8
,17.02.2008,6.7
,18.02.2008,6.3
,19.02.2008,7.5
,20.02.2008,7.3
,21.02.2008,8
,22.02.2008,8.5
,23.02.2008,8.7
,24.02.2008,7.5
,25.02.2008,5.8
,26.02.2008,8
,27.02.2008,8.4
,28.02.2008,8
,29.02.2008,9.7
,01.03.2008,9.4
,02.03.2008,7.1
,03.03.2008,10.6
,04.03.2008,12.1
,05.03.2008,10.5
,06.03.2008,13.2
,07.03.2008,10.6
,08.03.2008,11
,09.03.2008,11.7
,10.03.2008,11.4
,11.03.2008,13.8
,12.03.2008,14.8
,13.03.2008,13.3
,14.03.2008,11.6
,15.03.2008,12.4
,16.03.2008,15
,17.03.2008,15.3
,18.03.2008,13.2
,19.03.2008,12.6
,20.03.2008,12.7
,21.03.2008,12.3
,22.03.2008,14.5
,23.03.2008,14.1
,24.03.2008,11.2
,25.03.2008,11.8
,26.03.2008,14.9
,27.03.2008,11.4
,28.03.2008,14.4
,29.03.2008,13.6
,30.03.2008,13.9
,31.03.2008,15.9
,01.04.2008,18.4
,02.04.2008,14.6
,03.04.2008,12.8
,04.04.2008,13.8
,05.04.2008,16.1
,06.04.2008,13
,07.04.2008,12.7
,08.04.2008,15.8
,09.04.2008,17.5
,10.04.2008,14.2
,11.04.2008,15.5
,12.04.2008,16.8
,13.04.2008,19
,14.04.2008,20.6
,15.04.2008,19.9
,16.04.2008,16
,17.04.2008,18.8
,18.04.2008,17.6
,19.04.2008,16.6
,20.04.2008,16
,21.04.2008,17.4
,22.04.2008,17.4
,23.04.2008,17.4
,24.04.2008,13.7
,25.04.2008,13.9
,26.04.2008,17.8
,27.04.2008,17.3
,28.04.2008,18.6
,29.04.2008,16.3
,30.04.2008,16
,01.05.2008,13.5
,02.05.2008,15.9
,03.05.2008,19.9
,04.05.2008,19.6
,05.05.2008,20.9
,06.05.2008,21
,07.05.2008,19
,08.05.2008,19.8
,09.05.2008,20.9
,10.05.2008,19
,11.05.2008,16.8
,12.05.2008,17
,13.05.2008,18.3
,14.05.2008,20
,15.05.2008,18.6
,16.05.2008,22.3
,17.05.2008,22.9
,18.05.2008,24.7
,19.05.2008,22.3
,20.05.2008,23.3
,21.05.2008,26
,22.05.2008,24.3
,23.05.2008,21.7
,24.05.2008,20.1
,25.05.2008,21
,26.05.2008,22.3
,27.05.2008,24.7
,28.05.2008,25.9
,29.05.2008,24
,30.05.2008,22
,31.05.2008,24.7
,01.06.2008,25.1
,02.06.2008,25.8
,03.06.2008,24.7
,04.06.2008,23.3
,05.06.2008,25.2
,06.06.2008,28.7
,07.06.2008,26.4
,08.06.2008,25.5
,09.06.2008,25.4
,10.06.2008,25
,11.06.2008,24.4
,12.06.2008,23.6
,13.06.2008,25.4
,14.06.2008,26.5
,15.06.2008,28
,16.06.2008,26.4
,17.06.2008,28.4
,18.06.2008,27.1
,19.06.2008,27.7
,20.06.2008,26.5
,21.06.2008,28.3
,22.06.2008,29.1
,23.06.2008,30
,24.06.2008,29.7
,25.06.2008,30.4
,26.06.2008,29.3
,27.06.2008,28.6
,28.06.2008,30.6
,29.06.2008,31.1
,30.06.2008,31.7
,01.07.2008,32.7
,02.07.2008,31.9
,03.07.2008,31.2
,04.07.2008,30.7
,05.07.2008,30
,06.07.2008,29.4
,07.07.2008,29.5
,08.07.2008,29.9
,09.07.2008,29
,10.07.2008,30.3
,11.07.2008,31.8
,12.07.2008,31.2
,13.07.2008,33.1
,14.07.2008,33.3
,15.07.2008,33.3
,16.07.2008,33.7
,17.07.2008,32.2
,18.07.2008,33.1
,19.07.2008,33.6
,20.07.2008,33.3
,21.07.2008,32.8
,22.07.2008,31.8
,23.07.2008,32.4
,24.07.2008,32.5
,25.07.2008,31.2
,26.07.2008,30.1
,27.07.2008,30.7
,28.07.2008,29.5
,29.07.2008,31
,30.07.2008,31.7
,31.07.2008,33
,01.08.2008,31.6
,02.08.2008,31.7
,03.08.2008,31.8
,04.08.2008,29.5
,05.08.2008,30.5
,06.08.2008,32.1
,07.08.2008,31.3
,08.08.2008,31.1
,09.08.2008,30.5
,10.08.2008,30.3
,11.08.2008,31.4
,12.08.2008,28.9
,13.08.2008,28.6
,14.08.2008,28.9
,15.08.2008,27.8
,16.08.2008,27.7
,17.08.2008,27.9
,18.08.2008,28.7
,19.08.2008,27.1
,20.08.2008,29.5
,21.08.2008,30.5
,22.08.2008,30.9
,23.08.2008,29.9
,24.08.2008,29.5
,25.08.2008,28.9
,26.08.2008,30.4
,27.08.2008,28.3
,28.08.2008,29
,29.08.2008,28.3
,30.08.2008,28.9
,31.08.2008,28.7
,01.09.2008,29.9
,02.09.2008,27.2
,03.09.2008,27.3
,04.09.2008,27.7
,05.09.2008,27.9
,06.09.2008,26.1
,07.09.2008,25.8
,08.09.2008,25.8
,09.09.2008,25.2
,10.09.2008,24.7
,11.09.2008,24.6
,12.09.2008,23.9
,13.09.2008,23.3
,14.09.2008,22.5
,15.09.2008,25.3
,16.09.2008,26.7
,17.09.2008,23.9
,18.09.2008,22.4
,19.09.2008,25.4
,20.09.2008,26.4
,21.09.2008,20.6
,22.09.2008,20.8
,23.09.2008,22.8
,24.09.2008,22.1
,25.09.2008,22.5
,26.09.2008,24.5
,27.09.2008,23.2
,28.09.2008,22.7
,29.09.2008,22.7
,30.09.2008,22.3
,01.10.2008,21.4
,02.10.2008,21.8
,03.10.2008,22.5
,04.10.2008,17.9
,05.10.2008,19.5
,06.10.2008,18.2
,07.10.2008,20.7
,08.10.2008,18.2
,09.10.2008,15.2
,10.10.2008,14.6
,11.10.2008,15.7
,12.10.2008,15.1
,13.10.2008,15.4
,14.10.2008,17.2
,15.10.2008,18.5
,16.10.2008,18.8
,17.10.2008,18.8
,18.10.2008,18.9
,19.10.2008,18.3
,20.10.2008,19.4
,21.10.2008,15.2
,22.10.2008,13.7
,23.10.2008,16
,24.10.2008,16.9
,25.10.2008,16.3
,26.10.2008,12
,27.10.2008,11.8
,28.10.2008,14.6
,29.10.2008,14.7
,30.10.2008,12
,31.10.2008,9.4
,01.11.2008,10.1
,02.11.2008,10.1
,03.11.2008,12.9
,04.11.2008,12.3
,05.11.2008,13.1
,06.11.2008,14.2
,07.11.2008,16.4
,08.11.2008,16.6
,09.11.2008,12.6
,10.11.2008,11.8
,11.11.2008,12
,12.11.2008,10.9
,13.11.2008,10.4
,14.11.2008,7.9
,15.11.2008,7.9
,16.11.2008,9.9
,17.11.2008,11.3
,18.11.2008,14.3
,19.11.2008,13.6
,20.11.2008,8.9
,21.11.2008,9.1
,22.11.2008,9.7
,23.11.2008,7.7
,24.11.2008,7.1
,25.11.2008,7.5
,26.11.2008,7.5
,27.11.2008,5.8
,28.11.2008,5.7
,29.11.2008,5.4
,30.11.2008,5.2
,01.12.2008,4.8
,02.12.2008,6.8
,03.12.2008,4.4
,04.12.2008,3
,05.12.2008,3.1
,06.12.2008,5
,07.12.2008,2.9
,08.12.2008,2.7
,09.12.2008,3.8
,10.12.2008,6.3
,11.12.2008,6.4
,12.12.2008,4.3
,13.12.2008,7.8
,14.12.2008,5.6
,15.12.2008,4.6
,16.12.2008,3.7
,17.12.2008,5
,18.12.2008,3.3
,19.12.2008,5.8
,20.12.2008,5.9
,21.12.2008,4.9
,22.12.2008,1.9
,23.12.2008,2.6
,24.12.2008,3.2
,25.12.2008,5.3
,26.12.2008,6.1
,27.12.2008,5.3
,28.12.2008,6.6
,29.12.2008,4.5
,30.12.2008,4.4
,31.12.2008,3.4
,01.01.2009,2.5
,02.01.2009,5.8
,03.01.2009,7
,04.01.2009,4.3
,05.01.2009,2.7
,06.01.2009,4.8
,07.01.2009,5.6
,08.01.2009,8.5
,09.01.2009,6.2
,10.01.2009,4.4
,11.01.2009,4.4
,12.01.2009,4
,13.01.2009,6.4
,14.01.2009,5.1
,15.01.2009,5
,16.01.2009,4.2
,17.01.2009,5.8
,18.01.2009,7.5
,19.01.2009,7.5
,20.01.2009,7.8
,21.01.2009,6.5
,22.01.2009,4.4
,23.01.2009,6.9
,24.01.2009,6.1
,25.01.2009,8.5
,26.01.2009,6.6
,27.01.2009,6.5
,28.01.2009,6.3
,29.01.2009,6
,30.01.2009,6.1
,31.01.2009,5.6
,01.02.2009,4.4
,02.02.2009,3.8
,03.02.2009,5.6
,04.02.2009,5.9
,05.02.2009,5.2
,06.02.2009,5.4
,07.02.2009,3.7
,08.02.2009,2.8
,09.02.2009,4.3
,10.02.2009,4.7
,11.02.2009,6
,12.02.2009,6
,13.02.2009,8.9
,14.02.2009,5.7
,15.02.2009,3.5
,16.02.2009,7.8
,17.02.2009,6.7
,18.02.2009,6.3
,19.02.2009,7.5
,20.02.2009,7.3
,21.02.2009,8
,22.02.2009,8.5
,23.02.2009,8.7
,24.02.2009,7.5
,25.02.2009,5.8
,26.02.2009,8
,27.02.2009,8.4
,28.02.2009,8
,01.03.2009,9.4
,02.03.2009,7.1
,03.03.2009,10.6
,04.03.2009,12.1
,05.03.2009,10.5
,06.03.2009,13.2
,07.03.2009,10.6
,08.03.2009,11
,09.03.2009,11.7
,10.03.2009,11.4
,11.03.2009,13.8
,12.03.2009,14.8
,13.03.2009,13.3
,14.03.2009,11.6
,15.03.2009,12.4
,16.03.2009,15
,17.03.2009,15.3
,18.03.2009,13.2
,19.03.2009,12.6
,20.03.2009,12.7
,21.03.2009,12.3
,22.03.2009,14.5
,23.03.2009,14.1
,24.03.2009,11.2
,25.03.2009,11.8
,26.03.2009,14.9
,27.03.2009,11.4
,28.03.2009,14.4
,29.03.2009,13.6
,30.03.2009,13.9
,31.03.2009,15.9
,01.04.2009,18.4
,02.04.2009,14.6
,03.04.2009,12.8
,04.04.2009,13.8
,05.04.2009,16.1
,06.04.2009,13
,07.04.2009,12.7
,08.04.2009,15.8
,09.04.2009,17.5
,10.04.2009,14.2
,11.04.2009,15.5
,12.04.2009,16.8
,13.04.2009,19
,14.04.2009,20.6
,15.04.2009,19.9
,16.04.2009,16
,17.04.2009,18.8
,18.04.2009,17.6
,19.04.2009,16.6
,20.04.2009,16
,21.04.2009,17.4
,22.04.2009,17.4
,23.04.2009,17.4
,24.04.2009,13.7
,25.04.2009,13.9
,26.04.2009,17.8
,27.04.2009,17.3
,28.04.2009,18.6
,29.04.2009,16.3
,30.04.2009,16
,01.05.2009,13.5
,02.05.2009,15.9
,03.05.2009,19.9
,04.05.2009,19.6
,05.05.2009,20.9
,06.05.2009,21
,07.05.2009,19
,08.05.2009,19.8
,09.05.2009,20.9
,10.05.2009,19
,11.05.2009,16.8
,12.05.2009,17
,13.05.2009,18.3
,14.05.2009,20
,15.05.2009,18.6
,16.05.2009,22.3
,17.05.2009,22.9
,18.05.2009,24.7
,19.05.2009,22.3
,20.05.2009,23.3
,21.05.2009,26
,22.05.2009,24.3
,23.05.2009,21.7
,24.05.2009,20.1
,25.05.2009,21
,26.05.2009,22.3
,27.05.2009,24.7
,28.05.2009,25.9
,29.05.2009,24
,30.05.2009,22
,31.05.2009,24.7
,01.06.2009,25.1
,02.06.2009,25.8
,03.06.2009,24.7
,04.06.2009,23.3
,05.06.2009,25.2
,06.06.2009,28.7
,07.06.2009,26.4
,08.06.2009,25.5
,09.06.2009,25.4
,10.06.2009,25
,11.06.2009,24.4
,12.06.2009,23.6
,13.06.2009,25.4
,14.06.2009,26.5
,15.06.2009,28
,16.06.2009,26.4
,17.06.2009,28.4
,18.06.2009,27.1
,19.06.2009,27.7
,20.06.2009,26.5
,21.06.2009,28.3
,22.06.2009,29.1
,23.06.2009,30
,24.06.2009,29.7
,25.06.2009,30.4
,26.06.2009,29.3
,27.06.2009,28.6
,28.06.2009,30.6
,29.06.2009,31.1
,30.06.2009,31.7
,01.07.2009,32.7
,02.07.2009,31.9
,03.07.2009,31.2
,04.07.2009,30.7
,05.07.2009,30
,06.07.2009,29.4
,07.07.2009,29.5
,08.07.2009,29.9
,09.07.2009,29
,10.07.2009,30.3
,11.07.2009,31.8
,12.07.2009,31.2
,13.07.2009,33.1
,14.07.2009,33.3
,15.07.2009,33.3
,16.07.2009,33.7
,17.07.2009,32.2
,18.07.2009,33.1
,19.07.2009,33.6
,20.07.2009,33.3
,21.07.2009,32.8
,22.07.2009,31.8
,23.07.2009,32.4
,24.07.2009,32.5
,25.07.2009,31.2
,26.07.2009,30.1
,27.07.2009,30.7
,28.07.2009,29.5
,29.07.2009,31
,30.07.2009,31.7
,31.07.2009,33
,01.08.2009,31.6
,02.08.2009,31.7
,03.08.2009,31.8
,04.08.2009,29.5
,05.08.2009,30.5
,06.08.2009,32.1
,07.08.2009,31.3
,08.08.2009,31.1
,09.08.2009,30.5
,10.08.2009,30.3
,11.08.2009,31.4
,12.08.2009,28.9
,13.08.2009,28.6
,14.08.2009,28.9
,15.08.2009,27.8
,16.08.2009,27.7
,17.08.2009,27.9
,18.08.2009,28.7
,19.08.2009,27.1
,20.08.2009,29.5
,21.08.2009,30.5
,22.08.2009,30.9
,23.08.2009,29.9
,24.08.2009,29.5
,25.08.2009,28.9
,26.08.2009,30.4
,27.08.2009,28.3
,28.08.2009,29
,29.08.2009,28.3
,30.08.2009,28.9
,31.08.2009,28.7
,01.09.2009,29.9
,02.09.2009,27.2
,03.09.2009,27.3
,04.09.2009,27.7
,05.09.2009,27.9
,06.09.2009,26.1
,07.09.2009,25.8
,08.09.2009,25.8
,09.09.2009,25.2
,10.09.2009,24.7
,11.09.2009,24.6
,12.09.2009,23.9
,13.09.2009,23.3
,14.09.2009,22.5
,15.09.2009,25.3
,16.09.2009,26.7
,17.09.2009,23.9
,18.09.2009,22.4
,19.09.2009,25.4
,20.09.2009,26.4
,21.09.2009,20.6
,22.09.2009,20.8
,23.09.2009,22.8
,24.09.2009,22.1
,25.09.2009,22.5
,26.09.2009,24.5
,27.09.2009,23.2
,28.09.2009,22.7
,29.09.2009,22.7
,30.09.2009,22.3
,01.10.2009,21.4
,02.10.2009,21.8
,03.10.2009,22.5
,04.10.2009,17.9
,05.10.2009,19.5
,06.10.2009,18.2
,07.10.2009,20.7
,08.10.2009,18.2
,09.10.2009,15.2
,10.10.2009,14.6
,11.10.2009,15.7
,12.10.2009,15.1
,13.10.2009,15.4
,14.10.2009,17.2
,15.10.2009,18.5
,16.10.2009,18.8
,17.10.2009,18.8
,18.10.2009,18.9
,19.10.2009,18.3
,20.10.2009,19.4
,21.10.2009,15.2
,22.10.2009,13.7
,23.10.2009,16
,24.10.2009,16.9
,25.10.2009,16.3
,26.10.2009,12
,27.10.2009,11.8
,28.10.2009,14.6
,29.10.2009,14.7
,30.10.2009,12
,31.10.2009,9.4
,01.11.2009,10.1
,02.11.2009,10.1
,03.11.2009,12.9
,04.11.2009,12.3
,05.11.2009,13.1
,06.11.2009,14.2
,07.11.2009,16.4
,08.11.2009,16.6
,09.11.2009,12.6
,10.11.2009,11.8
,11.11.2009,12
,12.11.2009,10.9
,13.11.2009,10.4
,14.11.2009,7.9
,15.11.2009,7.9
,16.11.2009,9.9
,17.11.2009,11.3
,18.11.2009,14.3
,19.11.2009,13.6
,20.11.2009,8.9
,21.11.2009,9.1
,22.11.2009,9.7
,23.11.2009,7.7
,24.11.2009,7.1
,25.11.2009,7.5
,26.11.2009,7.5
,27.11.2009,5.8
,28.11.2009,5.7
,29.11.2009,5.4
,30.11.2009,5.2
,01.12.2009,4.8
,02.12.2009,6.8
,03.12.2009,4.4
,04.12.2009,3
,05.12.2009,3.1
,06.12.2009,5
,07.12.2009,2.9
,08.12.2009,2.7
,09.12.2009,3.8
,10.12.2009,6.3
,11.12.2009,6.4
,12.12.2009,4.3
,13.12.2009,7.8
,14.12.2009,5.6
,15.12.2009,4.6
,16.12.2009,3.7
,17.12.2009,5
,18.12.2009,3.3
,19.12.2009,5.8
,20.12.2009,5.9
,21.12.2009,4.9
,22.12.2009,1.9
,23.12.2009,2.6
,24.12.2009,3.2
,25.12.2009,5.3
,26.12.2009,6.1
,27.12.2009,5.3
,28.12.2009,6.6
,29.12.2009,4.5
,30.12.2009,4.4
,31.12.2009,3.4
,01.01.2010,2.5
,02.01.2010,5.8
,03.01.2010,7
,04.01.2010,4.3
,05.01.2010,2.7
,06.01.2010,4.8
,07.01.2010,5.6
,08.01.2010,8.5
,09.01.2010,6.2
,10.01.2010,4.4
,11.01.2010,4.4
,12.01.2010,4
,13.01.2010,6.4
,14.01.2010,5.1
,15.01.2010,5
,16.01.2010,4.2
,17.01.2010,5.8
,18.01.2010,7.5
,19.01.2010,7.5
,20.01.2010,7.8
,21.01.2010,6.5
,22.01.2010,4.4
,23.01.2010,6.9
,24.01.2010,6.1
,25.01.2010,8.5
,26.01.2010,6.6
,27.01.2010,6.5
,28.01.2010,6.3
,29.01.2010,6
,30.01.2010,6.1
,31.01.2010,5.6
,01.02.2010,4.4
,02.02.2010,3.8
,03.02.2010,5.6
,04.02.2010,5.9
,05.02.2010,5.2
,06.02.2010,5.4
,07.02.2010,3.7
,08.02.2010,2.8
,09.02.2010,4.3
,10.02.2010,4.7
,11.02.2010,6
,12.02.2010,6
,13.02.2010,8.9
,14.02.2010,5.7
,15.02.2010,3.5
,16.02.2010,7.8
,17.02.2010,6.7
,18.02.2010,6.3
,19.02.2010,7.5
,20.02.2010,7.3
,21.02.2010,8
,22.02.2010,8.5
,23.02.2010,8.7
,24.02.2010,7.5
,25.02.2010,5.8
,26.02.2010,8
,27.02.2010,8.4
,28.02.2010,8
,01.03.2010,9.4
,02.03.2010,7.1
,03.03.2010,10.6
,04.03.2010,12.1
,05.03.2010,10.5
,06.03.2010,13.2
,07.03.2010,10.6
,08.03.2010,11
,09.03.2010,11.7
,10.03.2010,11.4
,11.03.2010,13.8
,12.03.2010,14.8
,13.03.2010,13.3
,14.03.2010,11.6
,15.03.2010,12.4
,16.03.2010,15
,17.03.2010,15.3
,18.03.2010,13.2
,19.03.2010,12.6
,20.03.2010,12.7
,21.03.2010,12.3
,22.03.2010,14.5
,23.03.2010,14.1
,24.03.2010,11.2
,25.03.2010,11.8
,26.03.2010,14.9
,27.03.2010,11.4
,28.03.2010,14.4
,29.03.2010,13.6
,30.03.2010,13.9
,31.03.2010,15.9
,01.04.2010,18.4
,02.04.2010,14.6
,03.04.2010,12.8
,04.04.2010,13.8
,05.04.2010,16.1
,06.04.2010,13
,07.04.2010,12.7
,08.04.2010,15.8
,09.04.2010,17.5
,10.04.2010,14.2
,11.04.2010,15.5
,12.04.2010,16.8
,13.04.2010,19
,14.04.2010,20.6
,15.04.2010,19.9
,16.04.2010,16
,17.04.2010,18.8
,18.04.2010,17.6
,19.04.2010,16.6
,20.04.2010,16
,21.04.2010,17.4
,22.04.2010,17.4
,23.04.2010,17.4
,24.04.2010,13.7
,25.04.2010,13.9
,26.04.2010,17.8
,27.04.2010,17.3
,28.04.2010,18.6
,29.04.2010,16.3
,30.04.2010,16
,01.05.2010,13.5
,02.05.2010,15.9
,03.05.2010,19.9
,04.05.2010,19.6
,05.05.2010,20.9
,06.05.2010,21
,07.05.2010,19
,08.05.2010,19.8
,09.05.2010,20.9
,10.05.2010,19
,11.05.2010,16.8
,12.05.2010,17
,13.05.2010,18.3
,14.05.2010,20
,15.05.2010,18.6
,16.05.2010,22.3
,17.05.2010,22.9
,18.05.2010,24.7
,19.05.2010,22.3
,20.05.2010,23.3
,21.05.2010,26
,22.05.2010,24.3
,23.05.2010,21.7
,24.05.2010,20.1
,25.05.2010,21
,26.05.2010,22.3
,27.05.2010,24.7
,28.05.2010,25.9
,29.05.2010,24
,30.05.2010,22
,31.05.2010,24.7
,01.06.2010,25.1
,02.06.2010,25.8
,03.06.2010,24.7
,04.06.2010,23.3
,05.06.2010,25.2
,06.06.2010,28.7
,07.06.2010,26.4
,08.06.2010,25.5
,09.06.2010,25.4
,10.06.2010,25
,11.06.2010,24.4
,12.06.2010,23.6
,13.06.2010,25.4
,14.06.2010,26.5
,15.06.2010,28
,16.06.2010,26.4
,17.06.2010,28.4
,18.06.2010,27.1
,19.06.2010,27.7
,20.06.2010,26.5
,21.06.2010,28.3
,22.06.2010,29.1
,23.06.2010,30
,24.06.2010,29.7
,25.06.2010,30.4
,26.06.2010,29.3
,27.06.2010,28.6
,28.06.2010,30.6
,29.06.2010,31.1
,30.06.2010,31.7
,01.07.2010,32.7
,02.07.2010,31.9
,03.07.2010,31.2
,04.07.2010,30.7
,05.07.2010,30
,06.07.2010,29.4
,07.07.2010,29.5
,08.07.2010,29.9
,09.07.2010,29
,10.07.2010,30.3
,11.07.2010,31.8
,12.07.2010,31.2
,13.07.2010,33.1
,14.07.2010,33.3
,15.07.2010,33.3
,16.07.2010,33.7
,17.07.2010,32.2
,18.07.2010,33.1
,19.07.2010,33.6
,20.07.2010,33.3
,21.07.2010,32.8
,22.07.2010,31.8
,23.07.2010,32.4
,24.07.2010,32.5
,25.07.2010,31.2
,26.07.2010,30.1
,27.07.2010,30.7
,28.07.2010,29.5
,29.07.2010,31
,30.07.2010,31.7
,31.07.2010,33
,01.08.2010,31.6
,02.08.2010,31.7
,03.08.2010,31.8
,04.08.2010,29.5
,05.08.2010,30.5
,06.08.2010,32.1
,07.08.2010,31.3
,08.08.2010,31.1
,09.08.2010,30.5
,10.08.2010,30.3
,11.08.2010,31.4
,12.08.2010,28.9
,13.08.2010,28.6
,14.08.2010,28.9
,15.08.2010,27.8
,16.08.2010,27.7
,17.08.2010,27.9
,18.08.2010,28.7
,19.08.2010,27.1
,20.08.2010,29.5
,21.08.2010,30.5
,22.08.2010,30.9
,23.08.2010,29.9
,24.08.2010,29.5
,25.08.2010,28.9
,26.08.2010,30.4
,27.08.2010,28.3
,28.08.2010,29
,29.08.2010,28.3
,30.08.2010,28.9
,31.08.2010,28.7
,01.09.2010,29.9
,02.09.2010,27.2
,03.09.2010,27.3
,04.09.2010,27.7
,05.09.2010,27.9
,06.09.2010,26.1
,07.09.2010,25.8
,08.09.2010,25.8
,09.09.2010,25.2
,10.09.2010,24.7
,11.09.2010,24.6
,12.09.2010,23.9
,13.09.2010,23.3
,14.09.2010,22.5
,15.09.2010,25.3
,16.09.2010,26.7
,17.09.2010,23.9
,18.09.2010,22.4
,19.09.2010,25.4
,20.09.2010,26.4
,21.09.2010,20.6
,22.09.2010,20.8
,23.09.2010,22.8
,24.09.2010,22.1
,25.09.2010,22.5
,26.09.2010,24.5
,27.09.2010,23.2
,28.09.2010,22.7
,29.09.2010,22.7
,30.09.2010,22.3
,01.10.2010,21.4
,02.10.2010,21.8
,03.10.2010,22.5
,04.10.2010,17.9
,05.10.2010,19.5
,06.10.2010,18.2
,07.10.2010,20.7
,08.10.2010,18.2
,09.10.2010,15.2
,10.10.2010,14.6
,11.10.2010,15.7
,12.10.2010,15.1
,13.10.2010,15.4
,14.10.2010,17.2
,15.10.2010,18.5
,16.10.2010,18.8
,17.10.2010,18.8
,18.10.2010,18.9
,19.10.2010,18.3
,20.10.2010,19.4
,21.10.2010,15.2
,22.10.2010,13.7
,23.10.2010,16
,24.10.2010,16.9
,25.10.2010,16.3
,26.10.2010,12
,27.10.2010,11.8
,28.10.2010,14.6
,29.10.2010,14.7
,30.10.2010,12
,31.10.2010,9.4
,01.11.2010,10.1
,02.11.2010,10.1
,03.11.2010,12.9
,04.11.2010,12.3
,05.11.2010,13.1
,06.11.2010,14.2
,07.11.2010,16.4
,08.11.2010,16.6
,09.11.2010,12.6
,10.11.2010,11.8
,11.11.2010,12
,12.11.2010,10.9
,13.11.2010,10.4
,14.11.2010,7.9
,15.11.2010,7.9
,16.11.2010,9.9
,17.11.2010,11.3
,18.11.2010,14.3
,19.11.2010,13.6
,20.11.2010,8.9
,21.11.2010,9.1
,22.11.2010,9.7
,23.11.2010,7.7
,24.11.2010,7.1
,25.11.2010,7.5
,26.11.2010,7.5
,27.11.2010,5.8
,28.11.2010,5.7
,29.11.2010,5.4
,30.11.2010,5.2
,01.12.2010,4.8
,02.12.2010,6.8
,03.12.2010,4.4
,04.12.2010,3
,05.12.2010,3.1
,06.12.2010,5
,07.12.2010,2.9
,08.12.2010,2.7
,09.12.2010,3.8
,10.12.2010,6.3
,11.12.2010,6.4
,12.12.2010,4.3
,13.12.2010,7.8
,14.12.2010,5.6
,15.12.2010,4.6
,16.12.2010,3.7
,17.12.2010,5
,18.12.2010,3.3
,19.12.2010,5.8
,20.12.2010,5.9
,21.12.2010,4.9
,22.12.2010,1.9
,23.12.2010,2.6
,24.12.2010,3.2
,25.12.2010,5.3
,26.12.2010,6.1
,27.12.2010,5.3
,28.12.2010,6.6
,29.12.2010,4.5
,30.12.2010,4.4
,31.12.2010,3.4
,01.01.2011,2.5
,02.01.2011,5.8
,03.01.2011,7
,04.01.2011,4.3
,05.01.2011,2.7
,06.01.2011,4.8
,07.01.2011,5.6
,08.01.2011,8.5
,09.01.2011,6.2
,10.01.2011,4.4
,11.01.2011,4.4
,12.01.2011,4
,13.01.2011,6.4
,14.01.2011,5.1
,15.01.2011,5
,16.01.2011,4.2
,17.01.2011,5.8
,18.01.2011,7.5
,19.01.2011,7.5
,20.01.2011,7.8
,21.01.2011,6.5
,22.01.2011,4.4
,23.01.2011,6.9
,24.01.2011,6.1
,25.01.2011,8.5
,26.01.2011,6.6
,27.01.2011,6.5
,28.01.2011,6.3
,29.01.2011,6
,30.01.2011,6.1
,31.01.2011,5.6
,01.02.2011,4.4
,02.02.2011,3.8
,03.02.2011,5.6
,04.02.2011,5.9
,05.02.2011,5.2
,06.02.2011,5.4
,07.02.2011,3.7
,08.02.2011,2.8
,09.02.2011,4.3
,10.02.2011,4.7
,11.02.2011,6
,12.02.2011,6
,13.02.2011,8.9
,14.02.2011,5.7
,15.02.2011,3.5
,16.02.2011,7.8
,17.02.2011,6.7
,18.02.2011,6.3
,19.02.2011,7.5
,20.02.2011,7.3
,21.02.2011,8
,22.02.2011,8.5
,23.02.2011,8.7
,24.02.2011,7.5
,25.02.2011,5.8
,26.02.2011,8
,27.02.2011,8.4
,28.02.2011,8
,01.03.2011,9.4
,02.03.2011,7.1
,03.03.2011,10.6
,04.03.2011,12.1
,05.03.2011,10.5
,06.03.2011,13.2
,07.03.2011,10.6
,08.03.2011,11
,09.03.2011,11.7
,10.03.2011,11.4
,11.03.2011,13.8
,12.03.2011,14.8
,13.03.2011,13.3
,14.03.2011,11.6
,15.03.2011,12.4
,16.03.2011,15
,17.03.2011,15.3
,18.03.2011,13.2
,19.03.2011,12.6
,20.03.2011,12.7
,21.03.2011,12.3
,22.03.2011,14.5
,23.03.2011,14.1
,24.03.2011,11.2
,25.03.2011,11.8
,26.03.2011,14.9
,27.03.2011,11.4
,28.03.2011,14.4
,29.03.2011,13.6
,30.03.2011,13.9
,31.03.2011,15.9
,01.04.2011,18.4
,02.04.2011,14.6
,03.04.2011,12.8
,04.04.2011,13.8
,05.04.2011,16.1
,06.04.2011,13
,07.04.2011,12.7
,08.04.2011,15.8
,09.04.2011,17.5
,10.04.2011,14.2
,11.04.2011,15.5
,12.04.2011,16.8
,13.04.2011,19
,14.04.2011,20.6
,15.04.2011,19.9
,16.04.2011,16
,17.04.2011,18.8
,18.04.2011,17.6
,19.04.2011,16.6
,20.04.2011,16
,21.04.2011,17.4
,22.04.2011,17.4
,23.04.2011,17.4
,24.04.2011,13.7
,25.04.2011,13.9
,26.04.2011,17.8
,27.04.2011,17.3
,28.04.2011,18.6
,29.04.2011,16.3
,30.04.2011,16
,01.05.2011,13.5
,02.05.2011,15.9
,03.05.2011,19.9
,04.05.2011,19.6
,05.05.2011,20.9
,06.05.2011,21
,07.05.2011,19
,08.05.2011,19.8
,09.05.2011,20.9
,10.05.2011,19
,11.05.2011,16.8
,12.05.2011,17
,13.05.2011,18.3
,14.05.2011,20
,15.05.2011,18.6
,16.05.2011,22.3
,17.05.2011,22.9
,18.05.2011,24.7
,19.05.2011,22.3
,20.05.2011,23.3
,21.05.2011,26
,22.05.2011,24.3
,23.05.2011,21.7
,24.05.2011,20.1
,25.05.2011,21
,26.05.2011,22.3
,27.05.2011,24.7
,28.05.2011,25.9
,29.05.2011,24
,30.05.2011,22
,31.05.2011,24.7
,01.06.2011,25.1
,02.06.2011,25.8
,03.06.2011,24.7
,04.06.2011,23.3
,05.06.2011,25.2
,06.06.2011,28.7
,07.06.2011,26.4
,08.06.2011,25.5
,09.06.2011,25.4
,10.06.2011,25
,11.06.2011,24.4
,12.06.2011,23.6
,13.06.2011,25.4
,14.06.2011,26.5
,15.06.2011,28
,16.06.2011,26.4
,17.06.2011,28.4
,18.06.2011,27.1
,19.06.2011,27.7
,20.06.2011,26.5
,21.06.2011,28.3
,22.06.2011,29.1
,23.06.2011,30
,24.06.2011,29.7
,25.06.2011,30.4
,26.06.2011,29.3
,27.06.2011,28.6
,28.06.2011,30.6
,29.06.2011,31.1
,30.06.2011,31.7
,01.07.2011,32.7
,02.07.2011,31.9
,03.07.2011,31.2
,04.07.2011,30.7
,05.07.2011,30
,06.07.2011,29.4
,07.07.2011,29.5
,08.07.2011,29.9
,09.07.2011,29
,10.07.2011,30.3
,11.07.2011,31.8
,12.07.2011,31.2
,13.07.2011,33.1
,14.07.2011,33.3
,15.07.2011,33.3
,16.07.2011,33.7
,17.07.2011,32.2
,18.07.2011,33.1
,19.07.2011,33.6
,20.07.2011,33.3
,21.07.2011,32.8
,22.07.2011,31.8
,23.07.2011,32.4
,24.07.2011,32.5
,25.07.2011,31.2
,26.07.2011,30.1
,27.07.2011,30.7
,28.07.2011,29.5
,29.07.2011,31
,30.07.2011,31.7
,31.07.2011,33
,01.08.2011,31.6
,02.08.2011,31.7
,03.08.2011,31.8
,04.08.2011,29.5
,05.08.2011,30.5
,06.08.2011,32.1
,07.08.2011,31.3
,08.08.2011,31.1
,09.08.2011,30.5
,10.08.2011,30.3
,11.08.2011,31.4
,12.08.2011,28.9
,13.08.2011,28.6
,14.08.2011,28.9
,15.08.2011,27.8
,16.08.2011,27.7
,17.08.2011,27.9
,18.08.2011,28.7
,19.08.2011,27.1
,20.08.2011,29.5
,21.08.2011,30.5
,22.08.2011,30.9
,23.08.2011,29.9
,24.08.2011,29.5
,25.08.2011,28.9
,26.08.2011,30.4
,27.08.2011,28.3
,28.08.2011,29
,29.08.2011,28.3
,30.08.2011,28.9
,31.08.2011,28.7
,01.09.2011,29.9
,02.09.2011,27.2
,03.09.2011,27.3
,04.09.2011,27.7
,05.09.2011,27.9
,06.09.2011,26.1
,07.09.2011,25.8
,08.09.2011,25.8
,09.09.2011,25.2
,10.09.2011,24.7
,11.09.2011,24.6
,12.09.2011,23.9
,13.09.2011,23.3
,14.09.2011,22.5
,15.09.2011,25.3
,16.09.2011,26.7
,17.09.2011,23.9
,18.09.2011,22.4
,19.09.2011,25.4
,20.09.2011,26.4
,21.09.2011,20.6
,22.09.2011,20.8
,23.09.2011,22.8
,24.09.2011,22.1
,25.09.2011,22.5
,26.09.2011,24.5
,27.09.2011,23.2
,28.09.2011,22.7
,29.09.2011,22.7
,30.09.2011,22.3
,01.10.2011,21.4
,02.10.2011,21.8
,03.10.2011,22.5
,04.10.2011,17.9
,05.10.2011,19.5
,06.10.2011,18.2
,07.10.2011,20.7
,08.10.2011,18.2
,09.10.2011,15.2
,10.10.2011,14.6
,11.10.2011,15.7
,12.10.2011,15.1
,13.10.2011,15.4
,14.10.2011,17.2
,15.10.2011,18.5
,16.10.2011,18.8
,17.10.2011,18.8
,18.10.2011,18.9
,19.10.2011,18.3
,20.10.2011,19.4
,21.10.2011,15.2
,22.10.2011,13.7
,23.10.2011,16
,24.10.2011,16.9
,25.10.2011,16.3
,26.10.2011,12
,27.10.2011,11.8
,28.10.2011,14.6
,29.10.2011,14.7
,30.10.2011,12
,31.10.2011,9.4
,01.11.2011,10.1
,02.11.2011,10.1
,03.11.2011,12.9
,04.11.2011,12.3
,05.11.2011,13.1
,06.11.2011,14.2
,07.11.2011,16.4
,08.11.2011,16.6
,09.11.2011,12.6
,10.11.2011,11.8
,11.11.2011,12
,12.11.2011,10.9
,13.11.2011,10.4
,14.11.2011,7.9
,15.11.2011,7.9
,16.11.2011,9.9
,17.11.2011,11.3
,18.11.2011,14.3
,19.11.2011,13.6
,20.11.2011,8.9
,21.11.2011,9.1
,22.11.2011,9.7
,23.11.2011,7.7
,24.11.2011,7.1
,25.11.2011,7.5
,26.11.2011,7.5
,27.11.2011,5.8
,28.11.2011,5.7
,29.11.2011,5.4
,30.11.2011,5.2
,01.12.2011,4.8
,02.12.2011,6.8
,03.12.2011,4.4
,04.12.2011,3
,05.12.2011,3.1
,06.12.2011,5
,07.12.2011,2.9
,08.12.2011,2.7
,09.12.2011,3.8
,10.12.2011,6.3
,11.12.2011,6.4
,12.12.2011,4.3
,13.12.2011,7.8
,14.12.2011,5.6
,15.12.2011,4.6
,16.12.2011,3.7
,17.12.2011,5
,18.12.2011,3.3
,19.12.2011,5.8
,20.12.2011,5.9
,21.12.2011,4.9
,22.12.2011,1.9
,23.12.2011,2.6
,24.12.2011,3.2
,25.12.2011,5.3
,26.12.2011,6.1
,27.12.2011,5.3
,28.12.2011,6.6
,29.12.2011,4.5
,30.12.2011,4.4
,31.12.2011,3.4
,01.01.2012,2.5
,02.01.2012,5.8
,03.01.2012,7
,04.01.2012,4.3
,05.01.2012,2.7
,06.01.2012,4.8
,07.01.2012,5.6
,08.01.2012,8.5
,09.01.2012,6.2
,10.01.2012,4.4
,11.01.2012,4.4
,12.01.2012,4
,13.01.2012,6.4
,14.01.2012,5.1
,15.01.2012,5
,16.01.2012,4.2
,17.01.2012,5.8
,18.01.2012,7.5
,19.01.2012,7.5
,20.01.2012,7.8
,21.01.2012,6.5
,22.01.2012,4.4
,23.01.2012,6.9
,24.01.2012,6.1
,25.01.2012,8.5
,26.01.2012,6.6
,27.01.2012,6.5
,28.01.2012,6.3
,29.01.2012,6
,30.01.2012,6.1
,31.01.2012,5.6
,01.02.2012,4.4
,02.02.2012,3.8
,03.02.2012,5.6
,04.02.2012,5.9
,05.02.2012,5.2
,06.02.2012,5.4
,07.02.2012,3.7
,08.02.2012,2.8
,09.02.2012,4.3
,10.02.2012,4.7
,11.02.2012,6
,12.02.2012,6
,13.02.2012,8.9
,14.02.2012,5.7
,15.02.2012,3.5
,16.02.2012,7.8
,17.02.2012,6.7
,18.02.2012,6.3
,19.02.2012,7.5
,20.02.2012,7.3
,21.02.2012,8
,22.02.2012,8.5
,23.02.2012,8.7
,24.02.2012,7.5
,25.02.2012,5.8
,26.02.2012,8
,27.02.2012,8.4
,28.02.2012,8
,29.02.2012,9.7
,01.03.2012,9.4
,02.03.2012,7.1
,03.03.2012,10.6
,04.03.2012,12.1
,05.03.2012,10.5
,06.03.2012,13.2
,07.03.2012,10.6
,08.03.2012,11
,09.03.2012,11.7
,10.03.2012,11.4
,11.03.2012,13.8
,12.03.2012,14.8
,13.03.2012,13.3
,14.03.2012,11.6
,15.03.2012,12.4
,16.03.2012,15
,17.03.2012,15.3
,18.03.2012,13.2
,19.03.2012,12.6
,20.03.2012,12.7
,21.03.2012,12.3
,22.03.2012,14.5
,23.03.2012,14.1
,24.03.2012,11.2
,25.03.2012,11.8
,26.03.2012,14.9
,27.03.2012,11.4
,28.03.2012,14.4
,29.03.2012,13.6
,30.03.2012,13.9
,31.03.2012,15.9
,01.04.2012,18.4
,02.04.2012,14.6
,03.04.2012,12.8
,04.04.2012,13.8
,05.04.2012,16.1
,06.04.2012,13
,07.04.2012,12.7
,08.04.2012,15.8
,09.04.2012,17.5
,10.04.2012,14.2
,11.04.2012,15.5
,12.04.2012,16.8
,13.04.2012,19
,14.04.2012,20.6
,15.04.2012,19.9
,16.04.2012,16
,17.04.2012,18.8
,18.04.2012,17.6
,19.04.2012,16.6
,20.04.2012,16
,21.04.2012,17.4
,22.04.2012,17.4
,23.04.2012,17.4
,24.04.2012,13.7
,25.04.2012,13.9
,26.04.2012,17.8
,27.04.2012,17.3
,28.04.2012,18.6
,29.04.2012,16.3
,30.04.2012,16
,01.05.2012,13.5
,02.05.2012,15.9
,03.05.2012,19.9
,04.05.2012,19.6
,05.05.2012,20.9
,06.05.2012,21
,07.05.2012,19
,08.05.2012,19.8
,09.05.2012,20.9
,10.05.2012,19
,11.05.2012,16.8
,12.05.2012,17
,13.05.2012,18.3
,14.05.2012,20
,15.05.2012,18.6
,16.05.2012,22.3
,17.05.2012,22.9
,18.05.2012,24.7
,19.05.2012,22.3
,20.05.2012,23.3
,21.05.2012,26
,22.05.2012,24.3
,23.05.2012,21.7
,24.05.2012,20.1
,25.05.2012,21
,26.05.2012,22.3
,27.05.2012,24.7
,28.05.2012,25.9
,29.05.2012,24
,30.05.2012,22
,31.05.2012,24.7
,01.06.2012,25.1
,02.06.2012,25.8
,03.06.2012,24.7
,04.06.2012,23.3
,05.06.2012,25.2
,06.06.2012,28.7
,07.06.2012,26.4
,08.06.2012,25.5
,09.06.2012,25.4
,10.06.2012,25
,11.06.2012,24.4
,12.06.2012,23.6
,13.06.2012,25.4
,14.06.2012,26.5
,15.06.2012,28
,16.06.2012,26.4
,17.06.2012,28.4
,18.06.2012,27.1
,19.06.2012,27.7
,20.06.2012,26.5
,21.06.2012,28.3
,22.06.2012,29.1
,23.06.2012,30
,24.06.2012,29.7
,25.06.2012,30.4
,26.06.2012,29.3
,27.06.2012,28.6
,28.06.2012,30.6
,29.06.2012,31.1
,30.06.2012,31.7
,01.07.2012,32.7
,02.07.2012,31.9
,03.07.2012,31.2
,04.07.2012,30.7
,05.07.2012,30
,06.07.2012,29.4
,07.07.2012,29.5
,08.07.2012,29.9
,09.07.2012,29
,10.07.2012,30.3
,11.07.2012,31.8
,12.07.2012,31.2
,13.07.2012,33.1
,14.07.2012,33.3
,15.07.2012,33.3
,16.07.2012,33.7
,17.07.2012,32.2
,18.07.2012,33.1
,19.07.2012,33.6
,20.07.2012,33.3
,21.07.2012,32.8
,22.07.2012,31.8
,23.07.2012,32.4
,24.07.2012,32.5
,25.07.2012,31.2
,26.07.2012,30.1
,27.07.2012,30.7
,28.07.2012,29.5
,29.07.2012,31
,30.07.2012,31.7
,31.07.2012,33
,01.08.2012,31.6
,02.08.2012,31.7
,03.08.2012,31.8
,04.08.2012,29.5
,05.08.2012,30.5
,06.08.2012,32.1
,07.08.2012,31.3
,08.08.2012,31.1
,09.08.2012,30.5
,10.08.2012,30.3
,11.08.2012,31.4
,12.08.2012,28.9
,13.08.2012,28.6
,14.08.2012,28.9
,15.08.2012,27.8
,16.08.2012,27.7
,17.08.2012,27.9
,18.08.2012,28.7
,19.08.2012,27.1
,20.08.2012,29.5
,21.08.2012,30.5
,22.08.2012,30.9
,23.08.2012,29.9
,24.08.2012,29.5
,25.08.2012,28.9
,26.08.2012,30.4
,27.08.2012,28.3
,28.08.2012,29
,29.08.2012,28.3
,30.08.2012,28.9
,31.08.2012,28.7
,01.09.2012,29.9
,02.09.2012,27.2
,03.09.2012,27.3
,04.09.2012,27.7
,05.09.2012,27.9
,06.09.2012,26.1
,07.09.2012,25.8
,08.09.2012,25.8
,09.09.2012,25.2
,10.09.2012,24.7
,11.09.2012,24.6
,12.09.2012,23.9
,13.09.2012,23.3
,14.09.2012,22.5
,15.09.2012,25.3
,16.09.2012,26.7
,17.09.2012,23.9
,18.09.2012,22.4
,19.09.2012,25.4
,20.09.2012,26.4
,21.09.2012,20.6
,22.09.2012,20.8
,23.09.2012,22.8
,24.09.2012,22.1
,25.09.2012,22.5
,26.09.2012,24.5
,27.09.2012,23.2
,28.09.2012,22.7
,29.09.2012,22.7
,30.09.2012,22.3
,01.10.2012,21.4
,02.10.2012,21.8
,03.10.2012,22.5
,04.10.2012,17.9
,05.10.2012,19.5
,06.10.2012,18.2
,07.10.2012,20.7
,08.10.2012,18.2
,09.10.2012,15.2
,10.10.2012,14.6
,11.10.2012,15.7
,12.10.2012,15.1
,13.10.2012,15.4
,14.10.2012,17.2
,15.10.2012,18.5
,16.10.2012,18.8
,17.10.2012,18.8
,18.10.2012,18.9
,19.10.2012,18.3
,20.10.2012,19.4
,21.10.2012,15.2
,22.10.2012,13.7
,23.10.2012,16
,24.10.2012,16.9
,25.10.2012,16.3
,26.10.2012,12
,27.10.2012,11.8
,28.10.2012,14.6
,29.10.2012,14.7
,30.10.2012,12
,31.10.2012,9.4
,01.11.2012,10.1
,02.11.2012,10.1
,03.11.2012,12.9
,04.11.2012,12.3
,05.11.2012,13.1
,06.11.2012,14.2
,07.11.2012,16.4
,08.11.2012,16.6
,09.11.2012,12.6
,10.11.2012,11.8
,11.11.2012,12
,12.11.2012,10.9
,13.11.2012,10.4
,14.11.2012,7.9
,15.11.2012,7.9
,16.11.2012,9.9
,17.11.2012,11.3
,18.11.2012,14.3
,19.11.2012,13.6
,20.11.2012,8.9
,21.11.2012,9.1
,22.11.2012,9.7
,23.11.2012,7.7
,24.11.2012,7.1
,25.11.2012,7.5
,26.11.2012,7.5
,27.11.2012,5.8
,28.11.2012,5.7
,29.11.2012,5.4
,30.11.2012,5.2
,01.12.2012,4.8
,02.12.2012,6.8
,03.12.2012,4.4
,04.12.2012,3
,05.12.2012,3.1
,06.12.2012,5
,07.12.2012,2.9
,08.12.2012,2.7
,09.12.2012,3.8
,10.12.2012,6.3
,11.12.2012,6.4
,12.12.2012,4.3
,13.12.2012,7.8
,14.12.2012,5.6
,15.12.2012,4.6
,16.12.2012,3.7
,17.12.2012,5
,18.12.2012,3.3
,19.12.2012,5.8
,20.12.2012,5.9
,21.12.2012,4.9
,22.12.2012,1.9
,23.12.2012,2.6
,24.12.2012,3.2
,25.12.2012,5.3
,26.12.2012,6.1
,27.12.2012,5.3
,28.12.2012,6.6
,29.12.2012,4.5
,30.12.2012,4.4
,31.12.2012,3.4
,01.01.2013,2.5
,02.01.2013,5.8
,03.01.2013,7
,04.01.2013,4.3
,05.01.2013,2.7
,06.01.2013,4.8
,07.01.2013,5.6
,08.01.2013,8.5
,09.01.2013,6.2
,10.01.2013,4.4
,11.01.2013,4.4
,12.01.2013,4
,13.01.2013,6.4
,14.01.2013,5.1
,15.01.2013,5
,16.01.2013,4.2
,17.01.2013,5.8
,18.01.2013,7.5
,19.01.2013,7.5
,20.01.2013,7.8
,21.01.2013,6.5
,22.01.2013,4.4
,23.01.2013,6.9
,24.01.2013,6.1
,25.01.2013,8.5
,26.01.2013,6.6
,27.01.2013,6.5
,28.01.2013,6.3
,29.01.2013,6
,30.01.2013,6.1
,31.01.2013,5.6
,01.02.2013,4.4
,02.02.2013,3.8
,03.02.2013,5.6
,04.02.2013,5.9
,05.02.2013,5.2
,06.02.2013,5.4
,07.02.2013,3.7
,08.02.2013,2.8
,09.02.2013,4.3
,10.02.2013,4.7
,11.02.2013,6
,12.02.2013,6
,13.02.2013,8.9
,14.02.2013,5.7
,15.02.2013,3.5
,16.02.2013,7.8
,17.02.2013,6.7
,18.02.2013,6.3
,19.02.2013,7.5
,20.02.2013,7.3
,21.02.2013,8
,22.02.2013,8.5
,23.02.2013,8.7
,24.02.2013,7.5
,25.02.2013,5.8
,26.02.2013,8
,27.02.2013,8.4
,28.02.2013,8
,01.03.2013,9.4
,02.03.2013,7.1
,03.03.2013,10.6
,04.03.2013,12.1
,05.03.2013,10.5
,06.03.2013,13.2
,07.03.2013,10.6
,08.03.2013,11
,09.03.2013,11.7
,10.03.2013,11.4
,11.03.2013,13.8
,12.03.2013,14.8
,13.03.2013,13.3
,14.03.2013,11.6
,15.03.2013,12.4
,16.03.2013,15
,17.03.2013,15.3
,18.03.2013,13.2
,19.03.2013,12.6
,20.03.2013,12.7
,21.03.2013,12.3
,22.03.2013,14.5
,23.03.2013,14.1
,24.03.2013,11.2
,25.03.2013,11.8
,26.03.2013,14.9
,27.03.2013,11.4
,28.03.2013,14.4
,29.03.2013,13.6
,30.03.2013,13.9
,31.03.2013,15.9
,01.04.2013,18.4
,02.04.2013,14.6
,03.04.2013,12.8
,04.04.2013,13.8
,05.04.2013,16.1
,06.04.2013,13
,07.04.2013,12.7
,08.04.2013,15.8
,09.04.2013,17.5
,10.04.2013,14.2
,11.04.2013,15.5
,12.04.2013,16.8
,13.04.2013,19
,14.04.2013,20.6
,15.04.2013,19.9
,16.04.2013,16
,17.04.2013,18.8
,18.04.2013,17.6
,19.04.2013,16.6
,20.04.2013,16
,21.04.2013,17.4
,22.04.2013,17.4
,23.04.2013,17.4
,24.04.2013,13.7
,25.04.2013,13.9
,26.04.2013,17.8
,27.04.2013,17.3
,28.04.2013,18.6
,29.04.2013,16.3
,30.04.2013,16
,01.05.2013,13.5
,02.05.2013,15.9
,03.05.2013,19.9
,04.05.2013,19.6
,05.05.2013,20.9
,06.05.2013,21
,07.05.2013,19
,08.05.2013,19.8
,09.05.2013,20.9
,10.05.2013,19
,11.05.2013,16.8
,12.05.2013,17
,13.05.2013,18.3
,14.05.2013,20
,15.05.2013,18.6
,16.05.2013,22.3
,17.05.2013,22.9
,18.05.2013,24.7
,19.05.2013,22.3
,20.05.2013,23.3
,21.05.2013,26
,22.05.2013,24.3
,23.05.2013,21.7
,24.05.2013,20.1
,25.05.2013,21
,26.05.2013,22.3
,27.05.2013,24.7
,28.05.2013,25.9
,29.05.2013,24
,30.05.2013,22
,31.05.2013,24.7
,01.06.2013,25.1
,02.06.2013,25.8
,03.06.2013,24.7
,04.06.2013,23.3
,05.06.2013,25.2
,06.06.2013,28.7
,07.06.2013,26.4
,08.06.2013,25.5
,09.06.2013,25.4
,10.06.2013,25
,11.06.2013,24.4
,12.06.2013,23.6
,13.06.2013,25.4
,14.06.2013,26.5
,15.06.2013,28
,16.06.2013,26.4
,17.06.2013,28.4
,18.06.2013,27.1
,19.06.2013,27.7
,20.06.2013,26.5
,21.06.2013,28.3
,22.06.2013,29.1
,23.06.2013,30
,24.06.2013,29.7
,25.06.2013,30.4
,26.06.2013,29.3
,27.06.2013,28.6
,28.06.2013,30.6
,29.06.2013,31.1
,30.06.2013,31.7
,01.07.2013,32.7
,02.07.2013,31.9
,03.07.2013,31.2
,04.07.2013,30.7
,05.07.2013,30
,06.07.2013,29.4
,07.07.2013,29.5
,08.07.2013,29.9
,09.07.2013,29
,10.07.2013,30.3
,11.07.2013,31.8
,12.07.2013,31.2
,13.07.2013,33.1
,14.07.2013,33.3
,15.07.2013,33.3
,16.07.2013,33.7
,17.07.2013,32.2
,18.07.2013,33.1
,19.07.2013,33.6
,20.07.2013,33.3
,21.07.2013,32.8
,22.07.2013,31.8
,23.07.2013,32.4
,24.07.2013,32.5
,25.07.2013,31.2
,26.07.2013,30.1
,27.07.2013,30.7
,28.07.2013,29.5
,29.07.2013,31
,30.07.2013,31.7
,31.07.2013,33
,01.08.2013,31.6
,02.08.2013,31.7
,03.08.2013,31.8
,04.08.2013,29.5
,05.08.2013,30.5
,06.08.2013,32.1
,07.08.2013,31.3
,08.08.2013,31.1
,09.08.2013,30.5
,10.08.2013,30.3
,11.08.2013,31.4
,12.08.2013,28.9
,13.08.2013,28.6
,14.08.2013,28.9
,15.08.2013,27.8
,16.08.2013,27.7
,17.08.2013,27.9
,18.08.2013,28.7
,19.08.2013,27.1
,20.08.2013,29.5
,21.08.2013,30.5
,22.08.2013,30.9
,23.08.2013,29.9
,24.08.2013,29.5
,25.08.2013,28.9
,26.08.2013,30.4
,27.08.2013,28.3
,28.08.2013,29
,29.08.2013,28.3
,30.08.2013,28.9
,31.08.2013,28.7
,01.09.2013,29.9
,02.09.2013,27.2
,03.09.2013,27.3
,04.09.2013,27.7
,05.09.2013,27.9
,06.09.2013,26.1
,07.09.2013,25.8
,08.09.2013,25.8
,09.09.2013,25.2
,10.09.2013,24.7
,11.09.2013,24.6
,12.09.2013,23.9
,13.09.2013,23.3
,14.09.2013,22.5
,15.09.2013,25.3
,16.09.2013,26.7
,17.09.2013,23.9
,18.09.2013,22.4
,19.09.2013,25.4
,20.09.2013,26.4
,21.09.2013,20.6
,22.09.2013,20.8
,23.09.2013,22.8
,24.09.2013,22.1
,25.09.2013,22.5
,26.09.2013,24.5
,27.09.2013,23.2
,28.09.2013,22.7
,29.09.2013,22.7
,30.09.2013,22.3
,01.10.2013,21.4
,02.10.2013,21.8
,03.10.2013,22.5
,04.10.2013,17.9
,05.10.2013,19.5
,06.10.2013,18.2
,07.10.2013,20.7
,08.10.2013,18.2
,09.10.2013,15.2
,10.10.2013,14.6
,11.10.2013,15.7
,12.10.2013,15.1
,13.10.2013,15.4
,14.10.2013,17.2
,15.10.2013,18.5
,16.10.2013,18.8
,17.10.2013,18.8
,18.10.2013,18.9
,19.10.2013,18.3
,20.10.2013,19.4
,21.10.2013,15.2
,22.10.2013,13.7
,23.10.2013,16
,24.10.2013,16.9
,25.10.2013,16.3
,26.10.2013,12
,27.10.2013,11.8
,28.10.2013,14.6
,29.10.2013,14.7
,30.10.2013,12
,31.10.2013,9.4
,01.11.2013,10.1
,02.11.2013,10.1
,03.11.2013,12.9
,04.11.2013,12.3
,05.11.2013,13.1
,06.11.2013,14.2
,07.11.2013,16.4
,08.11.2013,16.6
,09.11.2013,12.6
,10.11.2013,11.8
,11.11.2013,12
,12.11.2013,10.9
,13.11.2013,10.4
,14.11.2013,7.9
,15.11.2013,7.9
,16.11.2013,9.9
,17.11.2013,11.3
,18.11.2013,14.3
,19.11.2013,13.6
,20.11.2013,8.9
,21.11.2013,9.1
,22.11.2013,9.7
,23.11.2013,7.7
,24.11.2013,7.1
,25.11.2013,7.5
,26.11.2013,7.5
,27.11.2013,5.8
,28.11.2013,5.7
,29.11.2013,5.4
,30.11.2013,5.2
,01.12.2013,4.8
,02.12.2013,6.8
,03.12.2013,4.4
,04.12.2013,3
,05.12.2013,3.1
,06.12.2013,5
,07.12.2013,2.9
,08.12.2013,2.7
,09.12.2013,3.8
,10.12.2013,6.3
,11.12.2013,6.4
,12.12.2013,4.3
,13.12.2013,7.8
,14.12.2013,5.6
,15.12.2013,4.6
,16.12.2013,3.7
,17.12.2013,5
,18.12.2013,3.3
,19.12.2013,5.8
,20.12.2013,5.9
,21.12.2013,4.9
,22.12.2013,1.9
,23.12.2013,2.6
,24.12.2013,3.2
,25.12.2013,5.3
,26.12.2013,6.1
,27.12.2013,5.3
,28.12.2013,6.6
,29.12.2013,4.5
,30.12.2013,4.4
,31.12.2013,3.4
