@T, rot_hru,,,,,,,
name, hrus_rot.csv,,,,,,,
descr, hru rotation input parameter,,,,,,,
,,,,,,,,
# hru rotation information,,,,,,,,
# Wed May 27 13:54:57 MDT 2015,,,,,,,,
# ID = HRU or Field ID or polygon ID,,,,,,,,
# RID = Rotation ID,,,,,,,,
# REDU = Reduction switch for nitrogen modul,,,,,,,,
# IRRI = LAMPS detected Irrigation (1 detected / 0 not detected),,,,,,,,
# LAMPS provided information,,,,,,,,
,,,,,,,,
@H,ID,RID,REDU,IRRI,HRUID_1,ID,start,LAMPS_RID
,1,15,1,0,1,0,2002,11
,2,7,1,0,2,1,2002,11
,3,15,1,0,3,2,2000,8
,20,15,1,0,20,3,2004,12
,4,7,1,0,4,4,2000,12
,5,16,1,0,5,5,2002,11
,6,16,1,0,6,6,2000,-
,7,4,1,0,7,7,2000,-
,8,15,1,0,8,8,2000,-
,9,17,1,0,9,9,2000,-
,10,15,1,0,10,10,2004,12
,11,3,1,0,11,11,2000,-
,12,15,1,0,12,12,2000,-
,13,10,1,0,13,13,2000,-
,14,17,1,0,14,14,2000,-
,15,16,1,0,15,15,2001,-
,16,15,1,0,16,16,2001,12
,17,14,1,0,17,17,2003,11
,18,10,1,0,18,18,2000,12
,19,14,1,0,19,19,2003,11
,21,3,1,0,21,20,2000,-
,22,15,1,0,22,21,2003,12
,23,14,1,0,23,22,2000,-
,24,14,1,0,24,23,2000,-
,25,14,1,0,25,24,2000,11
,26,14,1,0,26,25,2000,-
,27,17,1,0,27,26,2001,17
,28,15,1,0,28,27,2000,11
,29,10,1,0,29,28,2000,-
,30,16,1,0,30,29,2004,12
,31,14,1,0,31,30,2000,17
,32,14,1,0,32,31,2000,17
,33,10,1,0,33,32,2000,13
,34,10,1,0,34,33,2000,11
,35,14,1,0,35,34,2001,-
,36,15,1,0,36,35,2004,12
,37,7,1,0,37,36,2001,12
,38,17,1,0,38,37,2000,-
,39,14,1,0,39,38,2001,-
,40,15,1,0,40,39,2004,12
,41,15,1,0,41,40,2000,12
,42,3,1,0,42,41,2000,-
,43,10,1,0,43,42,2000,8
,44,17,1,0,44,43,2001,17
,45,15,1,0,45,44,2001,111
,46,17,1,0,46,45,2000,-
,47,15,1,0,47,46,2001,12
,48,10,1,0,48,47,2002,8
,49,15,1,0,49,48,2004,12
,50,10,1,0,50,49,2000,12
,51,7,1,0,51,50,2001,12
,52,14,1,0,52,51,2003,11
,53,15,1,0,53,52,2002,12
,54,17,1,0,54,53,2001,12
,55,17,1,0,55,54,2001,111
,56,17,1,0,56,55,2001,111
,57,16,1,0,57,56,2000,12
,66,7,1,0,66,57,2001,12
,58,16,1,0,58,58,2000,8
,59,15,1,0,59,59,2003,11
,60,7,1,0,60,60,2001,12
,61,14,1,0,61,61,2000,-
,62,10,1,0,62,62,2001,-
,76,17,1,0,76,63,2002,11
,63,15,1,0,63,64,2000,12
,64,15,1,0,64,65,2000,12
,65,7,1,0,65,66,2000,12
,67,15,1,0,67,67,2000,12
,68,15,1,0,68,68,2000,12
,69,15,1,0,69,69,2004,12
,70,14,1,0,70,70,2003,11
,71,17,1,0,71,71,2003,11
,72,14,1,0,72,72,2002,12
,73,17,1,0,73,73,2001,17
,74,17,1,0,74,74,2000,8
,75,10,1,0,75,75,2000,11
,77,7,1,0,77,76,2000,12
,78,15,1,0,78,77,2003,12
,79,15,1,0,79,78,2003,12
,80,10,1,0,80,79,2001,8
,81,7,1,0,81,80,2000,12
,82,7,1,0,82,81,2000,12
,83,17,1,0,83,82,2002,12
,84,3,1,0,84,83,2000,-
,85,14,1,0,85,84,2000,-
,86,17,1,0,86,85,2002,12
,87,3,1,0,87,86,2000,-
,88,16,1,0,88,87,2000,-
,89,15,1,0,89,88,2000,12
,90,17,1,0,90,89,2000,-
,91,7,1,0,91,90,2000,12
,92,15,1,0,92,91,2001,12
,93,10,1,0,93,92,2001,-
,94,14,1,0,94,93,2001,17
,95,14,1,0,95,94,2001,-
,96,15,1,0,96,95,2000,12
,97,7,1,0,97,96,2003,12
,98,17,1,0,98,97,2001,-
,99,14,1,0,99,98,2001,-
,100,14,1,0,100,99,2000,-
,101,15,1,0,101,100,2000,12
,102,15,1,0,102,101,2000,12
,103,17,1,0,103,102,2001,-
,104,15,1,0,104,103,2001,12
,105,16,1,0,105,104,2000,-
,106,7,1,0,106,105,2004,12
,107,17,1,0,107,106,2003,11
,108,14,1,0,108,107,2001,-
,109,17,1,0,109,108,2003,11
,110,15,1,0,110,109,2000,12
,111,3,1,0,111,110,2000,-
,112,14,1,0,112,111,2000,11
,113,15,1,0,113,112,2004,12
,114,15,1,0,114,113,2000,-
,115,7,1,0,115,114,2002,12
,116,17,1,0,116,115,2001,111
,117,15,1,0,117,116,2000,-
,118,7,1,0,118,117,2000,12
,119,17,1,0,119,118,2000,17
,120,15,1,0,120,119,2001,12
,121,17,1,0,121,120,2000,11
,122,15,1,0,122,121,2004,12
,123,15,1,0,123,122,2003,12
,124,14,1,0,124,123,2001,-
,125,17,1,0,125,124,2001,-
,126,15,1,0,126,125,2001,12
,127,16,1,0,127,126,2004,12
,128,15,1,0,128,127,2000,17
,129,17,1,0,129,128,2001,17
,130,15,1,0,130,129,2002,12
,131,7,1,0,131,130,2001,111
,132,7,1,0,132,131,2001,12
,133,15,1,0,133,132,2001,111
,134,16,1,0,134,133,2000,11
,135,7,1,0,135,134,2003,12
,136,17,1,0,136,135,2001,-
,137,14,1,0,137,136,2001,-
,138,3,1,0,138,137,2000,-
,139,16,1,0,139,138,2000,12
,140,10,1,0,140,139,2001,-
,141,15,1,0,141,140,2000,-
,142,16,1,0,142,141,2000,-
,143,17,1,0,143,142,2001,-
,144,17,1,0,144,143,2001,17
,145,15,1,0,145,144,2001,12
,146,10,1,0,146,145,2001,-
,147,17,1,0,147,146,2000,-
,148,10,1,0,148,147,2001,-
,149,15,1,0,149,148,2004,12
,150,15,1,0,150,149,2001,12
,151,16,1,0,151,150,2000,-
,152,14,1,0,152,151,2001,-
,153,17,1,0,153,152,2000,-
,154,15,1,0,154,153,2001,17
,155,10,1,0,155,154,2001,-
,156,15,1,0,156,155,2000,12
,157,15,1,0,157,156,2000,8
,158,15,1,0,158,157,2000,-
,159,16,1,0,159,158,2001,-
,160,15,1,0,160,159,2000,12
,161,17,1,0,161,160,2001,17
,162,17,1,0,162,161,2000,8
,163,15,1,0,163,162,2002,12
,164,16,1,0,164,163,2000,-
,165,15,1,0,165,164,2001,111
,166,15,1,0,166,165,2001,12
,167,15,1,0,167,166,2000,12
,168,15,1,0,168,167,2000,8
,169,17,1,0,169,168,2000,-
,170,17,1,0,170,169,2001,111
,171,15,1,0,171,170,2000,8
,172,16,1,0,172,171,2000,11
,173,16,1,0,173,172,2001,-
,174,17,1,0,174,173,2001,111
,175,7,1,0,175,174,2003,12
,176,16,1,0,176,175,2002,11
,177,10,1,0,177,176,2001,-
,178,17,1,0,178,177,2001,17
,179,6,1,0,179,178,2002,17
,180,7,1,0,180,179,2000,-
,181,17,1,0,181,180,2000,-
,182,7,1,0,182,181,2001,12
,183,10,1,0,183,182,2000,-
,184,15,1,0,184,183,2000,12
,185,17,1,0,185,184,2001,-
,186,16,1,0,186,185,2001,8
,187,7,1,0,187,186,2003,12
,188,7,1,0,188,187,2003,12
,189,10,1,0,189,188,2000,-
,190,7,1,0,190,189,2000,-
,191,10,1,0,191,190,2000,-
,192,16,1,0,192,191,2000,11
,193,16,1,0,193,192,2000,8
,194,16,1,0,194,193,2001,-
,195,16,1,0,195,194,2000,8
,196,17,1,0,196,195,2003,11
,197,10,1,0,197,196,2001,-
,198,16,1,0,198,197,2000,-
,199,7,1,0,199,198,2003,12
,200,16,1,0,200,199,2000,12
,201,17,1,0,201,200,2000,17
,202,16,1,0,202,201,2002,11
,203,15,1,0,203,202,2003,12
,204,4,1,0,204,203,2000,-
,205,7,1,0,205,204,2000,12
,206,7,1,0,206,205,2000,12
,207,16,1,0,207,206,2000,-
,221,16,1,0,221,207,2000,12
,208,15,1,0,208,208,2001,12
,209,14,1,0,209,209,2000,-
,210,14,1,0,210,210,2000,17
,211,16,1,0,211,211,2000,12
,212,15,1,0,212,212,2000,12
,213,15,1,0,213,213,2002,8
,214,15,1,0,214,214,2000,17
,215,16,1,0,215,215,2001,8
,216,10,1,0,216,216,2000,11
,217,15,1,0,217,217,2001,12
,218,17,1,0,218,218,2000,-
,219,3,1,0,219,219,2000,-
,220,14,1,0,220,220,2001,111
,222,17,1,0,222,221,2001,-
,223,14,1,0,223,222,2001,111
,224,7,1,0,224,223,2002,12
,225,7,1,0,225,224,2001,12
,226,7,1,0,226,225,2001,12
,227,17,1,0,227,226,2001,111
,228,15,1,0,228,227,2001,12
,229,7,1,0,229,228,2000,12
,230,15,1,0,230,229,2003,12
,231,16,1,0,231,230,2000,12
,232,15,1,0,232,231,2003,11
,233,15,1,0,233,232,2002,12
,234,16,1,0,234,233,2004,12
,235,17,1,0,235,234,2000,-
,236,14,1,0,236,235,2001,111
,237,15,1,0,237,236,2003,12
,238,10,1,0,238,237,2001,-
,239,17,1,0,239,238,2000,17
,240,7,1,0,240,239,2003,12
,241,16,1,0,241,240,2000,-
,242,17,1,0,242,241,2001,-
,243,14,1,0,243,242,2003,11
,244,15,1,0,244,243,2002,12
,245,7,1,0,245,244,2002,12
,246,10,1,0,246,245,2000,-
,247,7,1,0,247,246,2000,17
,248,10,1,0,248,247,2002,11
,249,15,1,0,249,248,2000,12
,250,7,1,0,250,249,2001,12
,251,7,1,0,251,250,2000,12
,252,16,1,0,252,251,2000,-
,253,7,1,0,253,252,2003,12
,254,7,1,0,254,253,2001,12
,255,14,1,0,255,254,2001,17
,256,7,1,0,256,255,2002,12
,257,7,1,0,257,256,2000,12
,258,17,1,0,258,257,2000,17
,259,7,1,0,259,258,2001,12
,260,16,1,0,260,259,2000,17
,261,15,1,0,261,260,2000,8
,262,16,1,0,262,261,2000,11
,263,15,1,0,263,262,2003,12
,264,16,1,0,264,263,2001,8
,265,16,1,0,265,264,2000,-
,266,16,1,0,266,265,2000,17
,267,16,1,0,267,266,2000,17
,268,15,1,0,268,267,2003,12
,269,10,1,0,269,268,2002,17
,270,14,1,0,270,269,2000,-
,271,10,1,0,271,270,2000,11
,272,10,1,0,272,271,2000,-
,273,7,1,0,273,272,2002,11
,274,15,1,0,274,273,2001,12
,275,15,1,0,275,274,2000,12
,276,16,1,0,276,275,2002,8
,277,7,1,0,277,276,2002,12
,278,15,1,0,278,277,2000,12
,279,15,1,0,279,278,2002,12
,280,7,1,0,280,279,2001,12
,281,17,1,0,281,280,2000,8
,282,7,1,0,282,281,2002,12
,283,15,1,0,283,282,2000,8
,284,15,1,0,284,283,2000,12
,285,10,1,0,285,284,2000,11
,286,17,1,0,286,285,2001,17
,287,17,1,0,287,286,2000,-
,288,16,1,0,288,287,2000,-
,289,17,1,0,289,288,2001,-
,290,6,1,0,290,289,2000,13
,291,10,1,0,291,290,2000,12
,292,7,1,0,292,291,2004,12
,293,17,1,0,293,292,2001,-
,294,10,1,0,294,293,2001,-
,295,7,1,0,295,294,2004,12
,296,15,1,0,296,295,2003,12
,297,10,1,0,297,296,2000,12
,298,7,1,0,298,297,2004,12
,299,14,1,0,299,298,2001,17
,300,16,1,0,300,299,2000,11
,301,15,1,0,301,300,2002,11
,302,15,1,0,302,301,2002,12
,303,16,1,0,303,302,2000,-
,304,14,1,0,304,303,2001,111
,305,7,1,0,305,304,2001,12
,306,7,1,0,306,305,2001,12
,307,16,1,0,307,306,2000,11
,308,15,1,0,308,307,2003,12
,309,15,1,0,309,308,2001,12
,310,10,1,0,310,309,2001,8
,311,15,1,0,311,310,2000,12
,312,15,1,0,312,311,2000,11
,313,10,1,0,313,312,2001,-
,314,16,1,0,314,313,2000,-
,315,15,1,0,315,314,2003,12
,316,15,1,0,316,315,2002,12
,317,15,1,0,317,316,2000,12
,318,15,1,0,318,317,2003,12
,319,7,1,0,319,318,2003,12
,320,15,1,0,320,319,2001,12
,321,17,1,0,321,320,2001,-
,322,17,1,0,322,321,2001,111
,323,15,1,0,323,322,2002,11
,324,7,1,0,324,323,2003,12
,325,17,1,0,325,324,2000,-
,326,10,1,0,326,325,2000,-
,327,7,1,0,327,326,2004,12
,328,14,1,0,328,327,2003,11
,329,17,1,0,329,328,2002,8
,330,16,1,0,330,329,2000,-
,331,15,1,0,331,330,2003,12
,332,15,1,0,332,331,2003,12
,333,17,1,0,333,332,2001,-
,334,6,1,0,334,333,2001,8
,335,15,1,0,335,334,2002,12
,336,15,1,0,336,335,2004,12
,337,7,1,0,337,336,2002,12
,338,15,1,0,338,337,2002,12
,339,15,1,0,339,338,2000,-
,343,15,1,0,343,339,2003,12
,340,10,1,0,340,340,2000,-
,341,10,1,0,341,341,2000,-
,342,17,1,0,342,342,2000,-
,344,17,1,0,344,343,2003,12
,345,14,1,0,345,344,2000,-
,346,15,1,0,346,345,2003,12
,347,15,1,0,347,346,2002,12
,348,7,1,0,348,347,2000,8
,349,10,1,0,349,348,2000,-
,350,7,1,0,350,349,2000,11
,351,17,1,0,351,350,2000,-
,360,7,1,0,360,351,2003,12
,352,7,1,0,352,352,2000,-
,353,15,1,0,353,353,2000,-
,354,15,1,0,354,354,2000,12
,355,10,1,0,355,355,2000,12
,356,7,1,0,356,356,2000,12
,357,4,1,0,357,357,2000,-
,358,14,1,0,358,358,2001,-
,359,14,1,0,359,359,2000,13
,361,10,1,0,361,360,2000,-
,362,7,1,0,362,361,2001,12
,363,15,1,0,363,362,2003,12
,364,16,1,0,364,363,2001,-
,365,7,1,0,365,364,2001,12
,366,10,1,0,366,365,2002,11
,367,7,1,0,367,366,2004,12
,368,4,1,0,368,367,2000,-
,369,7,1,0,369,368,2004,12
,370,7,1,0,370,369,2003,12
,371,7,1,0,371,370,2001,12
,372,10,1,0,372,371,2001,-
,373,7,1,0,373,372,2000,8
,383,7,1,0,383,373,2000,12
,379,7,1,0,379,374,2001,12
,374,15,1,0,374,375,2002,11
,375,15,1,0,375,376,2000,12
,376,15,1,0,376,377,2003,12
,377,17,1,0,377,378,2001,111
,378,15,1,0,378,379,2000,12
,384,15,1,0,384,380,2004,12
,380,14,1,0,380,381,2003,11
,381,14,1,0,381,382,2003,11
,382,4,1,0,382,383,2000,-
,385,15,1,0,385,384,2002,12
,386,15,1,0,386,385,2004,12
,387,3,1,0,387,386,2000,-
,388,15,1,0,388,387,2000,-
,389,16,1,0,389,388,2001,-
,390,17,1,0,390,389,2000,-
,391,4,1,0,391,390,2000,-
,392,15,1,0,392,391,2003,12
,393,7,1,0,393,392,2004,12
,394,17,1,0,394,393,2000,17
,395,14,1,0,395,394,2001,-
,396,14,1,0,396,395,2000,-
,397,15,1,0,397,396,2000,12
,398,15,1,0,398,397,2000,12
,399,7,1,0,399,398,2000,12
,400,15,1,0,400,399,2000,12
,416,7,1,0,416,400,2001,12
,401,7,1,0,401,401,2003,12
,402,10,1,0,402,402,2000,-
,403,16,1,0,403,403,2001,8
,404,7,1,0,404,404,2001,12
,405,10,1,0,405,405,2000,-
,406,7,1,0,406,406,2001,12
,407,14,1,0,407,407,2003,12
,408,16,1,0,408,408,2001,17
,409,14,1,0,409,409,2003,12
,410,14,1,0,410,410,2000,-
,411,6,1,0,411,411,2000,-
,412,7,1,0,412,412,2003,12
,413,15,1,0,413,413,2003,12
,414,16,1,0,414,414,2000,-
,415,15,1,0,415,415,2000,12
,417,15,1,0,417,416,2003,12
,418,7,1,0,418,417,2000,12
,419,15,1,0,419,418,2002,12
,420,15,1,0,420,419,2003,11
,421,4,1,0,421,420,2000,-
,422,10,1,0,422,421,2001,-
,423,15,1,0,423,422,2004,12
,424,7,1,0,424,423,2002,12
,425,7,1,0,425,424,2001,111
,426,14,1,0,426,425,2002,8
,427,16,1,0,427,426,2000,-
,428,15,1,0,428,427,2003,11
,429,15,1,0,429,428,2002,12
,430,10,1,0,430,429,2002,11
,431,15,1,0,431,430,2000,8
,432,7,1,0,432,431,2002,12
,433,10,1,0,433,432,2000,-
,434,17,1,0,434,433,2000,-
,435,14,1,0,435,434,2001,111
,436,15,1,0,436,435,2000,12
,437,14,1,0,437,436,2000,-
,438,3,1,0,438,437,2000,-
,439,15,1,0,439,438,2000,-
,440,14,1,0,440,439,2000,13
,441,16,1,0,441,440,2000,-
,442,16,1,0,442,441,2000,-
,443,10,1,0,443,442,2001,8
,444,16,1,0,444,443,2002,17
,445,14,1,0,445,444,2000,-
,446,16,1,0,446,445,2003,12
,447,15,1,0,447,446,2003,11
,448,3,1,0,448,447,2000,-
,449,7,1,0,449,448,2001,111
,450,15,1,0,450,449,2004,12
,451,10,1,0,451,450,2000,-
,458,7,1,0,458,451,2004,12
,452,14,1,0,452,452,2001,-
,453,17,1,0,453,453,2001,-
,454,15,1,0,454,454,2004,12
,455,14,1,0,455,455,2001,-
,456,10,1,0,456,456,2000,-
,457,14,1,0,457,457,2001,111
,459,7,1,0,459,458,2001,111
,460,17,1,0,460,459,2003,11
,461,15,1,0,461,460,2001,12
,462,15,1,0,462,461,2001,12
,463,15,1,0,463,462,2002,11
,464,16,1,0,464,463,2000,12
,465,10,1,0,465,464,2001,-
,466,7,1,0,466,465,2004,12
,467,15,1,0,467,466,2001,12
,468,14,1,0,468,467,2000,-
,469,15,1,0,469,468,2004,12
,470,17,1,0,470,469,2001,-
,471,15,1,0,471,470,2000,-
,472,7,1,0,472,471,2003,11
,473,17,1,0,473,472,2004,12
,474,15,1,0,474,473,2002,11
,475,15,1,0,475,474,2000,8
,476,7,1,0,476,475,2004,12
,477,14,1,0,477,476,2001,17
,478,10,1,0,478,477,2000,-
,479,15,1,0,479,478,2000,-
,480,15,1,0,480,479,2001,111
,481,10,1,0,481,480,2000,-
,482,15,1,0,482,481,2001,12
,483,16,1,0,483,482,2000,-
,484,7,1,0,484,483,2001,12
,485,17,1,0,485,484,2000,-
,486,16,1,0,486,485,2003,12
,487,17,1,0,487,486,2000,17
,488,15,1,0,488,487,2000,-
,489,17,1,0,489,488,2001,8
,490,15,1,0,490,489,2001,12
,491,16,1,0,491,490,2000,-
,492,16,1,0,492,491,2000,-
,493,16,1,0,493,492,2003,12
,494,15,1,0,494,493,2001,12
,495,17,1,0,495,494,2000,-
,496,17,1,0,496,495,2003,11
,497,15,1,0,497,496,2003,12
,498,15,1,0,498,497,2002,12
,499,10,1,0,499,498,2000,-
,500,14,1,0,500,499,2000,-
,501,17,1,0,501,500,2000,-
,502,15,1,0,502,501,2001,-
,503,3,1,0,503,502,2000,-
,504,3,1,0,504,503,2000,-
,505,16,1,0,505,504,2000,-
,506,16,1,0,506,505,2000,11
,507,7,1,0,507,506,2002,12
,508,7,1,0,508,507,2000,12
,509,16,1,0,509,508,2000,-
,510,15,1,0,510,509,2004,12
,511,10,1,0,511,510,2000,11
,512,16,1,0,512,511,2000,-
,513,3,1,0,513,512,2000,-
,514,16,1,0,514,513,2000,-
,515,15,1,0,515,514,2004,12
,516,7,1,0,516,515,2000,-
,517,16,1,0,517,516,2000,-
,518,16,1,0,518,517,2002,11
,519,17,1,0,519,518,2001,-
,520,7,1,0,520,519,2000,12
,521,3,1,0,521,520,2000,-
,522,15,1,0,522,521,2004,12
,523,15,1,0,523,522,2001,12
,524,15,1,0,524,523,2002,12
,525,16,1,0,525,524,2001,-
,526,14,1,0,526,525,2001,-
,527,16,1,0,527,526,2000,-
,528,7,1,0,528,527,2004,12
,529,15,1,0,529,528,2004,12
,547,3,1,0,547,529,2000,-
,530,17,1,0,530,530,2002,17
,531,10,1,0,531,531,2000,-
,532,16,1,0,532,532,2000,-
,533,10,1,0,533,533,2003,12
,534,7,1,0,534,534,2004,12
,535,7,1,0,535,535,2004,12
,536,17,1,0,536,536,2001,-
,537,17,1,0,537,537,2001,-
,538,7,1,0,538,538,2001,12
,539,7,1,0,539,539,2001,12
,540,17,1,0,540,540,2003,11
,541,15,1,0,541,541,2002,12
,542,15,1,0,542,542,2000,-
,543,16,1,0,543,543,2001,-
,544,7,1,0,544,544,2004,12
,545,3,1,0,545,545,2000,-
,546,3,1,0,546,546,2000,-
,548,15,1,0,548,547,2004,12
,549,3,1,0,549,548,2000,-
,550,16,1,0,550,549,2000,-
,551,15,1,0,551,550,2002,11
,552,15,1,0,552,551,2001,12
,553,3,1,0,553,552,2000,-
,554,16,1,0,554,553,2003,11
,555,10,1,0,555,554,2003,12
,556,10,1,0,556,555,2001,-
,570,15,1,0,570,556,2001,12
,557,7,1,0,557,557,2002,12
,558,3,1,0,558,558,2000,-
,559,3,1,0,559,559,2001,-
,560,10,1,0,560,560,2002,11
,561,10,1,0,561,561,2000,-
,562,10,1,0,562,562,2002,11
,563,17,1,0,563,563,2002,12
,564,15,1,0,564,564,2001,12
,565,7,1,0,565,565,2001,12
,566,17,1,0,566,566,2000,-
,567,15,1,0,567,567,2003,12
,568,17,1,0,568,568,2003,11
,569,15,1,0,569,569,2000,12
,571,15,1,0,571,570,2003,11
,572,14,1,0,572,571,2003,11
,573,3,1,0,573,572,2000,-
,574,15,1,0,574,573,2000,12
,575,14,1,0,575,574,2003,11
,576,15,1,0,576,575,2003,12
,580,15,1,0,580,576,2003,12
,577,10,1,0,577,577,2002,11
,578,14,1,0,578,578,2000,-
,579,4,1,0,579,579,2000,-
,581,17,1,0,581,580,2000,8
,582,15,1,0,582,581,2000,12
,583,15,1,0,583,582,2002,12
,584,15,1,0,584,583,2000,-
,585,7,1,0,585,584,2004,12
,586,15,1,0,586,585,2003,12
,587,15,1,0,587,586,2000,12
,588,7,1,0,588,587,2000,12
,589,14,1,0,589,588,2001,17
,590,7,1,0,590,589,2001,12
,591,15,1,0,591,590,2002,11
,592,7,1,0,592,591,2000,12
,593,10,1,0,593,592,2001,12
,594,15,1,0,594,593,2002,12
,595,16,1,0,595,594,2001,111
,596,15,1,0,596,595,2002,12
,597,15,1,0,597,596,2002,17
,598,3,1,0,598,597,2000,-
,599,17,1,0,599,598,2000,-
,600,15,1,0,600,599,2002,12
,601,4,1,0,601,600,2000,-
,602,15,1,0,602,601,2002,12
,603,14,1,0,603,602,2003,11
,604,16,1,0,604,603,2002,8
,605,7,1,0,605,604,2004,12
,606,10,1,0,606,605,2001,12
,607,14,1,0,607,606,2003,11
,608,15,1,0,608,607,2000,12
,609,7,1,0,609,608,2001,12
,610,16,1,0,610,609,2000,-
,611,10,1,0,611,610,2000,11
,612,3,1,0,612,611,2000,-
,613,14,1,0,613,612,2000,17
,614,14,1,0,614,613,2001,-
,615,15,1,0,615,614,2003,11
,616,7,1,0,616,615,2001,12
,617,15,1,0,617,616,2004,12
,618,15,1,0,618,617,2003,11
,619,7,1,0,619,618,2000,12
,620,7,1,0,620,619,2004,12
,621,15,1,0,621,620,2004,12
,622,16,1,0,622,621,2002,17
,623,15,1,0,623,622,2001,111
,624,10,1,0,624,623,2001,8
,625,15,1,0,625,624,2000,12
,626,16,1,0,626,625,2000,12
,627,15,1,0,627,626,2004,12
,628,15,1,0,628,627,2004,12
,629,16,1,0,629,628,2000,-
,630,15,1,0,630,629,2002,12
,631,17,1,0,631,630,2001,111
,632,17,1,0,632,631,2001,111
,633,15,1,0,633,632,2004,12
,634,10,1,0,634,633,2001,-
,635,15,1,0,635,634,2002,12
,636,14,1,0,636,635,2003,11
,637,16,1,0,637,636,2002,11
,638,15,1,0,638,637,2002,12
,639,7,1,0,639,638,2004,12
,640,3,1,0,640,639,2000,-
,641,3,1,0,641,640,2000,-
,642,17,1,0,642,641,2001,-
,643,3,1,0,643,642,2000,-
,644,14,1,0,644,643,2003,11
,645,7,1,0,645,644,2004,12
,646,4,1,0,646,645,2000,-
,647,7,1,0,647,646,2004,12
,648,14,1,0,648,647,2003,11
,649,10,1,0,649,648,2000,-
,650,15,1,0,650,649,2004,12
,651,15,1,0,651,650,2002,12
,652,10,1,0,652,651,2000,-
,653,14,1,0,653,652,2002,17
,654,7,1,0,654,653,2000,12
,655,16,1,0,655,654,2000,12
,656,10,1,0,656,655,2003,12
,657,15,1,0,657,656,2000,-
,658,7,1,0,658,657,2003,12
,659,7,1,0,659,658,2004,12
,660,15,1,0,660,659,2002,12
,661,17,1,0,661,660,2000,-
,662,7,1,0,662,661,2004,12
,663,15,1,0,663,662,2003,12
,664,15,1,0,664,663,2003,12
,665,10,1,0,665,664,2000,12
,666,10,1,0,666,665,2001,12
,667,17,1,0,667,666,2001,-
,668,4,1,0,668,667,2000,-
,669,15,1,0,669,668,2003,11
,670,15,1,0,670,669,2004,12
,671,16,1,0,671,670,2001,8
,672,7,1,0,672,671,2003,12
,673,16,1,0,673,672,2001,12
,674,15,1,0,674,673,2002,12
,675,15,1,0,675,674,2001,12
,676,15,1,0,676,675,2004,12
,677,7,1,0,677,676,2004,12
,678,17,1,0,678,677,2000,-
,679,7,1,0,679,678,2001,17
,680,15,1,0,680,679,2000,17
,681,15,1,0,681,680,2001,12
,682,15,1,0,682,681,2000,8
,683,15,1,0,683,682,2000,12
,684,15,1,0,684,683,2004,12
,686,15,1,0,686,684,2002,12
,685,3,1,0,685,685,2000,-
,687,15,1,0,687,686,2001,12
,688,17,1,0,688,687,2000,8
,689,14,1,0,689,688,2000,-
,690,16,1,0,690,689,2000,-
,691,14,1,0,691,690,2000,8
,692,7,1,0,692,691,2000,12
,693,7,1,0,693,692,2001,12
,694,15,1,0,694,693,2004,12
,695,7,1,0,695,694,2002,12
,696,7,1,0,696,695,2004,12
,697,15,1,0,697,696,2001,12
,698,15,1,0,698,697,2002,12
,699,15,1,0,699,698,2000,-
,700,10,1,0,700,699,2000,-
,701,15,1,0,701,700,2000,12
,702,7,1,0,702,701,2002,11
,703,17,1,0,703,702,2001,-
,704,3,1,0,704,703,2000,-
,707,7,1,0,707,704,2000,12
,705,10,1,0,705,705,2002,11
,706,10,1,0,706,706,2002,11
,708,15,1,0,708,707,2001,12
,709,17,1,0,709,708,2000,13
,710,16,1,0,710,709,2001,-
,711,17,1,0,711,710,2001,-
,712,14,1,0,712,711,2001,17
,713,3,1,0,713,712,2000,-
,714,15,1,0,714,713,2001,12
,715,15,1,0,715,714,2003,12
,716,7,1,0,716,715,2001,12
,717,15,1,0,717,716,2002,12
,718,15,1,0,718,717,2000,12
,719,15,1,0,719,718,2004,12
,720,16,1,0,720,719,2000,-
,721,14,1,0,721,720,2001,111
,722,15,1,0,722,721,2001,12
,723,16,1,0,723,722,2001,8
,724,10,1,0,724,723,2002,11
,725,7,1,0,725,724,2004,12
,726,14,1,0,726,725,2001,111
,727,15,1,0,727,726,2002,12
,728,15,1,0,728,727,2000,12
,729,15,1,0,729,728,2002,12
,730,7,1,0,730,729,2004,12
,731,15,1,0,731,730,2002,12
,749,15,1,0,749,731,2002,12
,732,15,1,0,732,732,2002,12
,733,15,1,0,733,733,2002,17
,734,15,1,0,734,734,2002,17
,735,15,1,0,735,735,2001,12
,736,15,1,0,736,736,2001,12
,737,16,1,0,737,737,2000,-
,738,15,1,0,738,738,2000,12
,739,15,1,0,739,739,2000,-
,740,7,1,0,740,740,2004,12
,741,7,1,0,741,741,2003,12
,742,10,1,0,742,742,2001,-
,747,10,1,0,747,743,2001,-
,743,3,1,0,743,744,2000,11
,744,15,1,0,744,745,2002,17
,745,17,1,0,745,746,2001,-
,746,10,1,0,746,747,2001,-
,748,15,1,0,748,748,2001,12
,750,17,1,0,750,749,2001,-
,751,3,1,0,751,750,2000,-
,752,14,1,0,752,751,2003,11
,753,7,1,0,753,752,2003,12
,754,17,1,0,754,753,2002,8
,755,15,1,0,755,754,2001,12
,756,17,1,0,756,755,2000,-
,757,15,1,0,757,756,2002,17
,758,3,1,0,758,757,2000,-
,759,3,1,0,759,758,2000,-
,760,7,1,0,760,759,2004,12
,761,15,1,0,761,760,2000,12
,762,15,1,0,762,761,2001,8
,763,15,1,0,763,762,2001,12
,764,15,1,0,764,763,2001,12
,765,7,1,0,765,764,2000,17
,766,15,1,0,766,765,2002,17
,767,15,1,0,767,766,2001,8
,768,10,1,0,768,767,2002,17
,769,10,1,0,769,768,2002,11
,770,10,1,0,770,769,2002,11
,771,3,1,0,771,770,2000,-
,772,7,1,0,772,771,2004,12
,773,16,1,0,773,772,2000,12
,774,15,1,0,774,773,2001,12
,775,15,1,0,775,774,2001,12
,776,15,1,0,776,775,2001,12
,777,10,1,0,777,776,2001,-
,778,16,1,0,778,777,2000,12
,779,16,1,0,779,778,2000,11
,780,15,1,0,780,779,2000,12
,781,14,1,0,781,780,2000,-
,782,15,1,0,782,781,2004,12
,783,15,1,0,783,782,2001,17
,784,16,1,0,784,783,2000,-
,785,15,1,0,785,784,2004,12
,786,17,1,0,786,785,2000,-
,787,14,1,0,787,786,2001,-
,788,15,1,0,788,787,2000,12
,789,15,1,0,789,788,2001,12
,790,17,1,0,790,789,2000,-
,791,15,1,0,791,790,2000,-
,792,15,1,0,792,791,2000,17
,793,16,1,0,793,792,2001,-
,794,15,1,0,794,793,2003,12
,795,15,1,0,795,794,2000,8
,796,17,1,0,796,795,2003,11
,797,10,1,0,797,796,2000,-
,813,7,1,0,813,797,2001,111
,798,7,1,0,798,798,2001,8
,799,4,1,0,799,799,2000,-
,800,15,1,0,800,800,2000,-
,801,7,1,0,801,801,2002,8
,802,15,1,0,802,802,2001,12
,803,17,1,0,803,803,2001,-
,804,7,1,0,804,804,2002,17
,805,10,1,0,805,805,2000,-
,806,17,1,0,806,806,2001,-
,807,15,1,0,807,807,2000,8
,808,7,1,0,808,808,2003,12
,809,7,1,0,809,809,2004,12
,810,10,1,0,810,810,2001,-
,826,15,1,0,826,811,2000,12
,811,10,1,0,811,812,2001,8
,812,6,1,0,812,813,2000,-
,814,7,1,0,814,814,2002,12
,815,6,1,0,815,815,2000,-
,816,17,1,0,816,816,2001,-
,817,16,1,0,817,817,2000,12
,818,15,1,0,818,818,2002,11
,819,7,1,0,819,819,2002,12
,820,7,1,0,820,820,2002,12
,821,16,1,0,821,821,2002,11
,822,7,1,0,822,822,2001,111
,823,17,1,0,823,823,2001,-
,824,3,1,0,824,824,2000,17
,825,15,1,0,825,825,2004,12
,827,3,1,0,827,826,2000,-
,828,14,1,0,828,827,2003,11
,829,3,1,0,829,828,2000,-
,830,7,1,0,830,829,2003,12
,831,10,1,0,831,830,2000,-
,832,7,1,0,832,831,2001,12
,833,7,1,0,833,832,2003,12
,834,14,1,0,834,833,2001,17
,835,15,1,0,835,834,2000,17
,836,15,1,0,836,835,2001,12
,837,3,1,0,837,836,2000,-
,838,7,1,0,838,837,2003,12
,839,10,1,0,839,838,2000,-
,840,15,1,0,840,839,2000,12
,841,15,1,0,841,840,2003,12
,842,15,1,0,842,841,2004,12
,843,15,1,0,843,842,2003,12
,844,15,1,0,844,843,2004,12
,845,15,1,0,845,844,2001,12
,846,15,1,0,846,845,2000,-
,847,15,1,0,847,846,2004,12
,848,15,1,0,848,847,2002,8
,849,17,1,0,849,848,2001,-
,850,7,1,0,850,849,2001,12
,851,17,1,0,851,850,2000,-
,852,3,1,0,852,851,2000,-
,853,15,1,0,853,852,2004,12
,854,15,1,0,854,853,2003,12
,855,15,1,0,855,854,2000,12
,856,15,1,0,856,855,2000,12
,857,16,1,0,857,856,2001,-
,858,16,1,0,858,857,2000,8
,859,17,1,0,859,858,2002,8
,860,10,1,0,860,859,2000,12
,861,16,1,0,861,860,2001,111
,862,17,1,0,862,861,2001,-
,863,15,1,0,863,862,2002,11
,864,7,1,0,864,863,2001,17
,865,7,1,0,865,864,2003,12
,866,15,1,0,866,865,2000,12
,867,7,1,0,867,866,2003,12
,868,15,1,0,868,867,2004,12
,869,15,1,0,869,868,2004,12
,870,16,1,0,870,869,2000,-
,873,7,1,0,873,870,2000,17
,871,15,1,0,871,871,2000,-
,872,7,1,0,872,872,2001,12
,874,16,1,0,874,873,2001,-
,875,15,1,0,875,874,2000,12
,876,15,1,0,876,875,2000,12
,877,16,1,0,877,876,2000,17
,878,15,1,0,878,877,2004,12
,879,15,1,0,879,878,2001,12
,880,15,1,0,880,879,2003,12
,881,15,1,0,881,880,2001,12
,882,15,1,0,882,881,2001,12
,883,10,1,0,883,882,2002,8
,884,17,1,0,884,883,2003,12
,885,16,1,0,885,884,2001,8
,886,16,1,0,886,885,2000,17
,887,14,1,0,887,886,2000,-
,888,14,1,0,888,887,2001,8
,889,15,1,0,889,888,2001,12
,890,10,1,0,890,889,2002,11
,891,3,1,0,891,890,2000,-
,892,14,1,0,892,891,2000,-
,893,14,1,0,893,892,2002,8
,894,7,1,0,894,893,2000,-
,895,15,1,0,895,894,2000,-
,896,7,1,0,896,895,2004,12
,897,16,1,0,897,896,2000,-
,898,15,1,0,898,897,2003,12
,899,3,1,0,899,898,2000,-
,900,16,1,0,900,899,2002,11
,901,17,1,0,901,900,2001,8
,902,10,1,0,902,901,2000,-
,903,17,1,0,903,902,2000,13
,904,7,1,0,904,903,2000,12
,905,17,1,0,905,904,2003,11
,906,10,1,0,906,905,2000,-
,907,15,1,0,907,906,2001,12
,908,15,1,0,908,907,2002,12
,909,15,1,0,909,908,2001,111
,910,7,1,0,910,909,2000,-
,911,10,1,0,911,910,2002,11
,912,15,1,0,912,911,2002,12
,913,14,1,0,913,912,2000,17
,914,15,1,0,914,913,2001,12
,915,3,1,0,915,914,2000,-
,916,15,1,0,916,915,2000,17
,917,16,1,0,917,916,2000,11
,918,6,1,0,918,917,2000,-
,919,16,1,0,919,918,2001,-
,920,16,1,0,920,919,2000,11
,921,4,1,0,921,920,2000,-
,922,7,1,0,922,921,2003,11
,923,15,1,0,923,922,2003,11
,924,16,1,0,924,923,2001,-
,925,15,1,0,925,924,2001,12
,926,10,1,0,926,925,2002,17
,927,17,1,0,927,926,2001,-
,928,4,1,0,928,927,2000,-
,929,15,1,0,929,928,2001,12
,930,15,1,0,930,929,2003,12
,931,16,1,0,931,930,2002,17
,932,16,1,0,932,931,2002,17
,933,10,1,0,933,932,2003,12
,934,14,1,0,934,933,2001,-
,935,7,1,0,935,934,2000,12
,936,17,1,0,936,935,2000,-
,937,6,1,0,937,936,2003,11
,938,6,1,0,938,937,2001,8
,939,4,1,0,939,938,2000,-
,940,16,1,0,940,939,2000,12
,941,15,1,0,941,940,2003,12
,942,15,1,0,942,941,2002,12
,943,15,1,0,943,942,2001,12
,944,6,1,0,944,943,2001,13
,945,15,1,0,945,944,2002,12
,946,4,1,0,946,945,2000,-
,947,15,1,0,947,946,2003,12
,948,1,1,0,948,947,2000,-
,949,16,1,0,949,948,2001,8
,950,16,1,0,950,949,2001,17
,951,15,1,0,951,950,2001,12
,952,14,1,0,952,951,2001,-
,953,16,1,0,953,952,2002,17
,954,15,1,0,954,953,2002,11
,955,6,1,0,955,954,2000,-
,956,15,1,0,956,955,2004,12
,957,15,1,0,957,956,2000,12
,958,15,1,0,958,957,2000,-
,959,15,1,0,959,958,2002,12
,960,4,1,0,960,959,2000,-
,961,14,1,0,961,960,2000,17
,962,15,1,0,962,961,2001,12
,963,15,1,0,963,962,2002,12
,964,15,1,0,964,963,2002,12
,965,15,1,0,965,964,2002,12
,966,15,1,0,966,965,2000,11
,967,15,1,0,967,966,2000,-
,968,15,1,0,968,967,2002,12
,969,15,1,0,969,968,2000,12
,970,15,1,0,970,969,2000,12
,1035,7,1,0,1035,970,2002,12
,971,6,1,0,971,971,2000,-
,972,4,1,0,972,972,2000,-
,973,4,1,0,973,973,2000,-
,974,15,1,0,974,974,2002,11
,975,15,1,0,975,975,2000,8
,976,3,1,0,976,976,2000,-
,977,17,1,0,977,977,2000,17
,978,15,1,0,978,978,2001,12
,979,4,1,0,979,979,2000,-
,980,15,1,0,980,980,2002,12
,981,15,1,0,981,981,2004,12
,982,15,1,0,982,982,2004,12
,983,15,1,0,983,983,2002,8
,984,7,1,0,984,984,2000,12
,985,4,1,0,985,985,2000,-
,986,16,1,0,986,986,2000,-
,987,17,1,0,987,987,2000,-
,988,7,1,0,988,988,2004,12
,989,15,1,0,989,989,2000,-
,990,15,1,0,990,990,2001,12
,991,16,1,0,991,991,2000,17
,992,16,1,0,992,992,2001,-
,993,15,1,0,993,993,2004,12
,994,15,1,0,994,994,2000,17
,995,17,1,0,995,995,2000,-
,996,15,1,0,996,996,2002,12
,997,15,1,0,997,997,2002,12
,998,7,1,0,998,998,2000,-
,999,15,1,0,999,999,2000,-
,1000,15,1,0,1000,1000,2003,12
,1001,15,1,0,1001,1001,2000,17
,1002,7,1,0,1002,1002,2002,12
,1003,14,1,0,1003,1003,2000,8
,1004,15,1,0,1004,1004,2002,12
,1005,15,1,0,1005,1005,2002,12
,1006,15,1,0,1006,1006,2000,17
,1039,7,1,0,1039,1007,2000,12
,1007,15,1,0,1007,1008,2002,12
,1008,7,1,0,1008,1009,2001,12
,1009,16,1,0,1009,1010,2000,-
,1010,16,1,0,1010,1011,2001,-
,1011,1,1,0,1011,1012,2000,-
,1012,15,1,0,1012,1013,2002,12
,1013,7,1,0,1013,1014,2000,12
,1014,1,1,0,1014,1015,2000,-
,1015,17,1,0,1015,1016,2000,8
,1016,15,1,0,1016,1017,2004,12
,1017,1,1,0,1017,1018,2000,-
,1018,15,1,0,1018,1019,2003,12
,1019,17,1,0,1019,1020,2000,-
,1020,15,1,0,1020,1021,2000,17
,1021,15,1,0,1021,1022,2001,12
,1022,15,1,0,1022,1023,2000,12
,1023,7,1,0,1023,1024,2000,-
,1024,14,1,0,1024,1025,2000,8
,1025,14,1,0,1025,1026,2001,-
,1026,16,1,0,1026,1027,2000,-
,1027,17,1,0,1027,1028,2000,-
,1028,17,1,0,1028,1029,2000,-
,1029,15,1,0,1029,1030,2000,12
,1030,15,1,0,1030,1031,2004,12
,1031,15,1,0,1031,1032,2001,12
,1032,15,1,0,1032,1033,2000,-
,1033,16,1,0,1033,1034,2000,17
,1034,15,1,0,1034,1035,2003,12
,1036,1,1,0,1036,1036,2000,-
,1037,15,1,0,1037,1037,2001,12
,1038,15,1,0,1038,1038,2002,12
,1040,15,1,0,1040,1039,2002,12
,1041,17,1,0,1041,1040,2000,-
,1042,17,1,0,1042,1041,2000,-
,1043,15,1,0,1043,1042,2002,12
,1044,15,1,0,1044,1043,2000,12
,1045,15,1,0,1045,1044,2004,12
,1046,4,1,0,1046,1045,2000,-
,1047,4,1,0,1047,1046,2000,15
,1048,6,1,0,1048,1047,2000,-
,1049,15,1,0,1049,1048,2003,12
,1050,4,1,0,1050,1049,2000,-
,1051,15,1,0,1051,1050,2000,-
,1052,15,1,0,1052,1051,2001,12
,1053,17,1,0,1053,1052,2000,-
,1054,15,1,0,1054,1053,2002,8
,1055,15,1,0,1055,1054,2002,12
,1056,16,1,0,1056,1055,2000,-
,1057,7,1,0,1057,1056,2000,-
,1058,7,1,0,1058,1057,2002,12
,1059,15,1,0,1059,1058,2003,12
,1060,15,1,0,1060,1059,2002,12
,1061,4,1,0,1061,1060,2000,-
,1062,16,1,0,1062,1061,2000,12
,1063,1,1,0,1063,1062,2000,-
,1064,15,1,0,1064,1063,2000,-
,1065,15,1,0,1065,1064,2003,11
,1066,16,1,0,1066,1065,2000,12
,1067,10,1,0,1067,1066,2000,-
,1068,15,1,0,1068,1067,2001,17
,1069,4,1,0,1069,1068,2000,-
,1070,16,1,0,1070,1069,2001,-
,1071,14,1,0,1071,1070,2001,-
,1072,1,1,0,1072,1071,2000,-
,1073,4,1,0,1073,1072,2000,-
,1074,7,1,0,1074,1073,2002,12
,1075,17,1,0,1075,1074,2001,111
,1076,15,1,0,1076,1075,2004,12
,1077,15,1,0,1077,1076,2002,17
,1078,10,1,0,1078,1077,2000,8
,1079,15,1,0,1079,1078,2000,12
,1080,15,1,0,1080,1079,2003,12
,1081,14,1,0,1081,1080,2000,-
,1082,16,1,0,1082,1081,2001,-
,1083,14,1,0,1083,1082,2000,-
,1084,15,1,0,1084,1083,2001,12
,1085,15,1,0,1085,1084,2000,12
,1086,16,1,0,1086,1085,2000,-
,1087,17,1,0,1087,1086,2000,-
,1088,15,1,0,1088,1087,2004,12
,1089,14,1,0,1089,1088,2000,-
,1090,15,1,0,1090,1089,2004,12
,1091,16,1,0,1091,1090,2003,12
,1092,4,1,0,1092,1091,2000,-
,1093,16,1,0,1093,1092,2000,-
,1094,16,1,0,1094,1093,2000,12
,1095,7,1,0,1095,1094,2002,12
,1096,7,1,0,1096,1095,2000,-
,1097,16,1,0,1097,1096,2000,-
,1098,4,1,0,1098,1097,2000,-
,1099,14,1,0,1099,1098,2000,-
,1100,10,1,0,1100,1099,2000,8
,1103,14,1,0,1103,1100,2001,-
,1101,16,1,0,1101,1101,2000,-
,1102,4,1,0,1102,1102,2000,-
,1104,16,1,0,1104,1103,2002,8
,1105,10,1,0,1105,1104,2000,-
,1106,15,1,0,1106,1105,2001,12
,1107,4,1,0,1107,1106,2000,-
,1108,15,1,0,1108,1107,2001,111
,1109,16,1,0,1109,1108,2000,17
,1110,6,1,0,1110,1109,2000,8
,1111,15,1,0,1111,1110,2001,12
,1112,10,1,0,1112,1111,2000,-
,1113,15,1,0,1113,1112,2000,-
,1114,7,1,0,1114,1113,2003,12
,1115,3,1,0,1115,1114,2000,-
,1116,15,1,0,1116,1115,2003,12
,1117,15,1,0,1117,1116,2000,12
,1118,16,1,0,1118,1117,2001,-
,1119,7,1,0,1119,1118,2000,-
,1120,4,1,0,1120,1119,2000,-
,1121,15,1,0,1121,1120,2001,12
,1122,15,1,0,1122,1121,2000,8
,1123,6,1,0,1123,1122,2000,-
,1124,1,1,0,1124,1123,2000,-
,1125,16,1,0,1125,1124,2002,8
,1126,16,1,0,1126,1125,2000,-
,1127,15,1,0,1127,1126,2003,12
,1128,4,1,0,1128,1127,2000,-
,1129,15,1,0,1129,1128,2002,12
,1130,3,1,0,1130,1129,2000,-
,1131,15,1,0,1131,1130,2003,12
,1132,15,1,0,1132,1131,2001,12
,1133,16,1,0,1133,1132,2001,-
,1134,1,1,0,1134,1133,2000,-
,1135,15,1,0,1135,1134,2002,12
,1136,15,1,0,1136,1135,2003,12
,1137,1,1,0,1137,1136,2000,-
,1138,16,1,0,1138,1137,2000,8
,1139,16,1,0,1139,1138,2000,-
,1140,15,1,0,1140,1139,2000,12
,1141,3,1,0,1141,1140,2000,-
,1142,15,1,0,1142,1141,2000,-
,1143,4,1,0,1143,1142,2000,-
,1144,10,1,0,1144,1143,2000,-
,1145,3,1,0,1145,1144,2000,-
,1146,15,1,0,1146,1145,2000,12
,1147,7,1,0,1147,1146,2001,12
,1148,15,1,0,1148,1147,2000,-
,1149,3,1,0,1149,1148,2000,-
,1150,1,1,0,1150,1149,2000,-
,1151,15,1,0,1151,1150,2002,12
,1152,10,1,0,1152,1151,2003,11
,1153,7,1,0,1153,1152,2003,12
,1189,15,1,0,1189,1153,2000,12
,1154,17,1,0,1154,1154,2003,11
,1155,15,1,0,1155,1155,2003,12
,1156,15,1,0,1156,1156,2000,12
,1157,15,1,0,1157,1157,2001,12
,1158,15,1,0,1158,1158,2002,12
,1159,15,1,0,1159,1159,2000,12
,1160,3,1,0,1160,1160,2000,-
,1161,15,1,0,1161,1161,2000,12
,1162,17,1,0,1162,1162,2003,11
,1163,15,1,0,1163,1163,2002,12
,1164,14,1,0,1164,1164,2002,17
,1165,16,1,0,1165,1165,2000,-
,1166,17,1,0,1166,1166,2001,-
,1167,3,1,0,1167,1167,2000,-
,1168,3,1,0,1168,1168,2000,-
,1169,3,1,0,1169,1169,2000,-
,1170,16,1,0,1170,1170,2001,-
,1171,3,1,0,1171,1171,2000,-
,1172,15,1,0,1172,1172,2003,12
,1173,15,1,0,1173,1173,2002,11
,1174,3,1,0,1174,1174,2000,-
,1175,14,1,0,1175,1175,2001,12
,1176,14,1,0,1176,1176,2001,12
,1177,15,1,0,1177,1177,2001,12
,1178,15,1,0,1178,1178,2000,12
,1179,15,1,0,1179,1179,2001,12
,1180,15,1,0,1180,1180,2001,12
,1181,3,1,0,1181,1181,2000,-
,1182,15,1,0,1182,1182,2002,12
,1183,17,1,0,1183,1183,2001,17
,1184,4,1,0,1184,1184,2000,-
,1185,1,1,0,1185,1185,2000,-
,1186,15,1,0,1186,1186,2001,12
,1187,1,1,0,1187,1187,2000,-
,1188,15,1,0,1188,1188,2001,12
,1190,15,1,0,1190,1189,2000,12
,1191,1,1,0,1191,1190,2000,-
,1192,16,1,0,1192,1191,2002,8
,1193,17,1,0,1193,1192,2001,17
,1194,1,1,0,1194,1193,2000,-
,1195,16,1,0,1195,1194,2000,-
,1196,16,1,0,1196,1195,2002,11
,1197,15,1,0,1197,1196,2000,12
,1198,15,1,0,1198,1197,2000,-
,1199,15,1,0,1199,1198,2000,12
,1200,15,1,0,1200,1199,2001,12
,1201,16,1,0,1201,1200,2002,11
,1202,1,1,0,1202,1201,2000,-
,1203,16,1,0,1203,1202,2001,-
,1204,15,1,0,1204,1203,2001,12
,1205,14,1,0,1205,1204,2000,8
,1206,15,1,0,1206,1205,2000,12
,1207,17,1,0,1207,1206,2000,-
,1208,17,1,0,1208,1207,2001,12
,1209,17,1,0,1209,1208,2000,-
,1210,15,1,0,1210,1209,2001,12
,1211,15,1,0,1211,1210,2001,12
,1212,15,1,0,1212,1211,2000,8
,1213,6,1,0,1213,1212,2001,13
,1214,16,1,0,1214,1213,2001,-
,1215,4,1,0,1215,1214,2000,-
,1216,15,1,0,1216,1215,2001,12
,1217,15,1,0,1217,1216,2000,11
,1218,6,1,0,1218,1217,2003,11
,1219,1,1,0,1219,1218,2000,-
,1220,7,1,0,1220,1219,2003,12
,1221,6,1,0,1221,1220,2003,11
,1222,15,1,0,1222,1221,2000,12
,1223,15,1,0,1223,1222,2001,111
,1224,15,1,0,1224,1223,2000,12
,1225,15,1,0,1225,1224,2000,12
,1226,17,1,0,1226,1225,2000,-
,1227,16,1,0,1227,1226,2000,-
,1228,6,1,0,1228,1227,2001,17
,1229,15,1,0,1229,1228,2001,12
,1230,15,1,0,1230,1229,2002,12
,1231,7,1,0,1231,1230,2000,12
,1232,16,1,0,1232,1231,2000,8
,1233,15,1,0,1233,1232,2001,111
,1234,15,1,0,1234,1233,2000,-
,1235,15,1,0,1235,1234,2000,17
,1236,15,1,0,1236,1235,2004,12
,1237,17,1,0,1237,1236,2001,17
,1238,3,1,0,1238,1237,2000,-
,1239,10,1,0,1239,1238,2000,-
,1240,15,1,0,1240,1239,2000,-
,1241,17,1,0,1241,1240,2000,-
,1242,4,1,0,1242,1241,2000,-
,1243,15,1,0,1243,1242,2000,-
,1244,17,1,0,1244,1243,2001,-
,1245,16,1,0,1245,1244,2002,11
,1250,15,1,0,1250,1245,2000,12
,1246,15,1,0,1246,1246,2001,111
,1247,15,1,0,1247,1247,2002,11
,1248,15,1,0,1248,1248,2003,12
,1249,16,1,0,1249,1249,2000,-
,1278,15,1,0,1278,1250,2001,111
,1251,15,1,0,1251,1251,2001,111
,1252,15,1,0,1252,1252,2000,-
,1253,4,1,0,1253,1253,2000,-
,1254,16,1,0,1254,1254,2000,17
,1255,17,1,0,1255,1255,2000,-
,1256,17,1,0,1256,1256,2001,17
,1257,10,1,0,1257,1257,2001,-
,1258,17,1,0,1258,1258,2000,-
,1259,16,1,0,1259,1259,2001,17
,1260,16,1,0,1260,1260,2001,-
,1261,15,1,0,1261,1261,2001,12
,1262,15,1,0,1262,1262,2000,12
,1263,1,1,0,1263,1263,2000,-
,1264,15,1,0,1264,1264,2002,11
,1267,16,1,0,1267,1265,2001,13
,1265,3,1,0,1265,1266,2000,-
,1266,15,1,0,1266,1267,2000,-
,1268,15,1,0,1268,1268,2001,12
,1269,4,1,0,1269,1269,2000,-
,1270,15,1,0,1270,1270,2000,-
,1271,17,1,0,1271,1271,2001,17
,1272,15,1,0,1272,1272,2000,-
,1273,15,1,0,1273,1273,2003,12
,1274,17,1,0,1274,1274,2001,-
,1275,15,1,0,1275,1275,2001,12
,1276,15,1,0,1276,1276,2000,-
,1277,7,1,0,1277,1277,2000,12
,1279,16,1,0,1279,1278,2001,8
,1280,10,1,0,1280,1279,2000,8
,1281,15,1,0,1281,1280,2001,-
,1282,4,1,0,1282,1281,2000,-
,1283,7,1,0,1283,1282,2000,12
,1284,6,1,0,1284,1283,2001,12
,1285,15,1,0,1285,1284,2001,12
,1286,16,1,0,1286,1285,2002,11
,1287,15,1,0,1287,1286,2001,12
,1288,3,1,0,1288,1287,2000,-
,1289,7,1,0,1289,1288,2001,12
,1290,1,1,0,1290,1289,2000,-
,1291,15,1,0,1291,1290,2000,12
,1292,17,1,0,1292,1291,2003,11
,1293,7,1,0,1293,1292,2003,12
,1294,3,1,0,1294,1293,2000,-
,1295,15,1,0,1295,1294,2003,12
,1296,17,1,0,1296,1295,2000,8
,1297,3,1,0,1297,1296,2000,-
,1298,16,1,0,1298,1297,2000,12
,1299,15,1,0,1299,1298,2003,12
,1300,14,1,0,1300,1299,2003,11
,1301,15,1,0,1301,1300,2003,12
,1302,15,1,0,1302,1301,2000,-
,1303,4,1,0,1303,1302,2000,-
,1304,17,1,0,1304,1303,2001,-
,1308,16,1,0,1308,1304,2001,13
,1305,17,1,0,1305,1305,2001,-
,1306,10,1,0,1306,1306,2001,-
,1307,3,1,0,1307,1307,2000,-
,1309,6,1,0,1309,1308,2003,11
,1310,17,1,0,1310,1309,2000,-
,1311,15,1,0,1311,1310,2002,12
,1312,10,1,0,1312,1311,2000,8
,1313,15,1,0,1313,1312,2004,12
,1314,17,1,0,1314,1313,2000,-
,1315,15,1,0,1315,1314,2000,12
,1316,15,1,0,1316,1315,2000,12
,1317,7,1,0,1317,1316,2000,12
,1318,17,1,0,1318,1317,2000,-
,1319,7,1,0,1319,1318,2000,12
,1320,15,1,0,1320,1319,2004,12
,1321,15,1,0,1321,1320,2003,12
,1322,15,1,0,1322,1321,2002,17
,1323,15,1,0,1323,1322,2003,12
,1324,17,1,0,1324,1323,2001,-
,1325,15,1,0,1325,1324,2000,12
,1326,17,1,0,1326,1325,2002,17
,1327,15,1,0,1327,1326,2003,12
,1328,15,1,0,1328,1327,2002,12
,1329,16,1,0,1329,1328,2001,-
,1330,16,1,0,1330,1329,2000,-
,1331,15,1,0,1331,1330,2002,12
,1332,17,1,0,1332,1331,2000,17
,1333,17,1,0,1333,1332,2002,17
,1334,16,1,0,1334,1333,2000,-
,1335,15,1,0,1335,1334,2003,12
,1336,4,1,0,1336,1335,2000,-
,1337,16,1,0,1337,1336,2001,-
,1338,15,1,0,1338,1337,2003,12
,1339,14,1,0,1339,1338,2002,13
,1340,15,1,0,1340,1339,2000,12
,1341,15,1,0,1341,1340,2003,12
,1342,7,1,0,1342,1341,2000,-
,1343,15,1,0,1343,1342,2000,12
,1344,15,1,0,1344,1343,2000,12
,1345,4,1,0,1345,1344,2000,-
,1346,16,1,0,1346,1345,2001,-
,1347,15,1,0,1347,1346,2000,12
,1348,15,1,0,1348,1347,2000,12
,1349,16,1,0,1349,1348,2000,8
,1350,7,1,0,1350,1349,2002,17
,1351,15,1,0,1351,1350,2002,11
,1352,16,1,0,1352,1351,2000,8
,1353,7,1,0,1353,1352,2004,12
,1354,17,1,0,1354,1353,2000,-
,1355,15,1,0,1355,1354,2002,12
,1356,15,1,0,1356,1355,2004,12
,1357,14,1,0,1357,1356,2003,11
,1358,16,1,0,1358,1357,2000,-
,1359,15,1,0,1359,1358,2000,-
,1360,16,1,0,1360,1359,2001,111
,1361,14,1,0,1361,1360,2003,11
,1362,14,1,0,1362,1361,2001,17
,1363,15,1,0,1363,1362,2002,12
,1364,16,1,0,1364,1363,2000,8
,1365,17,1,0,1365,1364,2000,-
,1366,15,1,0,1366,1365,2001,12
,1367,15,1,0,1367,1366,2000,-
,1368,15,1,0,1368,1367,2001,12
,1369,4,1,0,1369,1368,2000,-
,1370,14,1,0,1370,1369,2000,-
,1371,10,1,0,1371,1370,2000,-
,1372,17,1,0,1372,1371,2000,-
,1373,15,1,0,1373,1372,2001,12
,1374,15,1,0,1374,1373,2004,12
,1375,6,1,0,1375,1374,2000,12
,1376,17,1,0,1376,1375,2001,-
,1377,15,1,0,1377,1376,2001,12
,1378,15,1,0,1378,1377,2000,12
,1379,14,1,0,1379,1378,2001,-
,1380,15,1,0,1380,1379,2002,12
,1381,17,1,0,1381,1380,2003,11
,1382,7,1,0,1382,1381,2001,12
,1383,10,1,0,1383,1382,2000,12
,1384,15,1,0,1384,1383,2002,11
,1385,15,1,0,1385,1384,2001,12
,1386,15,1,0,1386,1385,2003,12
,1387,15,1,0,1387,1386,2000,12
,1388,15,1,0,1388,1387,2000,12
,1389,15,1,0,1389,1388,2002,12
,1390,16,1,0,1390,1389,2002,11
,1391,16,1,0,1391,1390,2000,17
,1392,10,1,0,1392,1391,2000,12
,1393,16,1,0,1393,1392,2001,17
,1394,7,1,0,1394,1393,2004,12
,1395,16,1,0,1395,1394,2001,8
,1407,7,1,0,1407,1395,2004,12
,1396,15,1,0,1396,1396,2001,12
,1397,1,1,0,1397,1397,2000,-
,1398,16,1,0,1398,1398,2002,8
,1399,15,1,0,1399,1399,2004,12
,1400,17,1,0,1400,1400,2000,17
,1401,6,1,0,1401,1401,2001,-
,1402,1,1,0,1402,1402,2000,-
,1403,15,1,0,1403,1403,2000,12
,1404,4,1,0,1404,1404,2000,-
,1405,14,1,0,1405,1405,2001,17
,1406,1,1,0,1406,1406,2000,11
,1408,15,1,0,1408,1407,2004,12
,1438,15,1,0,1438,1408,2000,-
,1409,17,1,0,1409,1409,2000,-
,1410,15,1,0,1410,1410,2001,12
,1411,15,1,0,1411,1411,2002,12
,1412,15,1,0,1412,1412,2002,12
,1413,15,1,0,1413,1413,2003,12
,1414,15,1,0,1414,1414,2001,12
,1415,15,1,0,1415,1415,2003,12
,1416,15,1,0,1416,1416,2002,12
,1417,1,1,0,1417,1417,2000,-
,1418,16,1,0,1418,1418,2000,12
,1419,15,1,0,1419,1419,2001,12
,1420,7,1,0,1420,1420,2003,12
,1421,17,1,0,1421,1421,2001,17
,1422,15,1,0,1422,1422,2001,12
,1423,10,1,0,1423,1423,2000,-
,1424,16,1,0,1424,1424,2000,11
,1425,10,1,0,1425,1425,2000,-
,1426,17,1,0,1426,1426,2001,17
,1427,15,1,0,1427,1427,2001,12
,1428,4,1,0,1428,1428,2000,-
,1429,7,1,0,1429,1429,2003,12
,1430,14,1,0,1430,1430,2001,111
,1431,14,1,0,1431,1431,2001,17
,1432,15,1,0,1432,1432,2003,12
,1433,16,1,0,1433,1433,2001,-
,1434,15,1,0,1434,1434,2002,11
,1435,15,1,0,1435,1435,2004,12
,1436,4,1,0,1436,1436,2000,-
,1437,10,1,0,1437,1437,2000,11
,1439,4,1,0,1439,1438,2000,-
,1440,7,1,0,1440,1439,2003,12
,1441,15,1,0,1441,1440,2000,-
,1442,3,1,0,1442,1441,2000,-
,1443,17,1,0,1443,1442,2004,12
,1444,4,1,0,1444,1443,2000,-
,1445,1,1,0,1445,1444,2000,-
,1446,14,1,0,1446,1445,2000,-
,1447,16,1,0,1447,1446,2001,13
,1448,14,1,0,1448,1447,2001,17
,1449,7,1,0,1449,1448,2000,-
,1450,16,1,0,1450,1449,2000,-
,1451,16,1,0,1451,1450,2000,-
,1452,1,1,0,1452,1451,2000,-
,1453,17,1,0,1453,1452,2003,11
,1454,7,1,0,1454,1453,2001,111
,1455,15,1,0,1455,1454,2001,12
,1456,17,1,0,1456,1455,2000,-
,1457,4,1,0,1457,1456,2000,-
,1458,10,1,0,1458,1457,2001,-
,1459,16,1,0,1459,1458,2002,11
,1460,15,1,0,1460,1459,2000,12
,1461,15,1,0,1461,1460,2003,12
,1462,15,1,0,1462,1461,2001,8
,1463,3,1,0,1463,1462,2000,-
,1464,14,1,0,1464,1463,2000,-
,1465,17,1,0,1465,1464,2000,-
,1466,17,1,0,1466,1465,2000,13
,1467,16,1,0,1467,1466,2000,17
,1468,14,1,0,1468,1467,2004,12
,1469,10,1,0,1469,1468,2000,8
,1470,15,1,0,1470,1469,2002,12
,1471,16,1,0,1471,1470,2001,-
,1472,10,1,0,1472,1471,2001,12
,1473,16,1,0,1473,1472,2000,-
,1474,17,1,0,1474,1473,2001,111
,1475,15,1,0,1475,1474,2002,12
,1476,4,1,0,1476,1475,2000,-
,1477,3,1,0,1477,1476,2001,-
,1478,16,1,0,1478,1477,2002,8
,1479,17,1,0,1479,1478,2000,-
,1480,17,1,0,1480,1479,2002,17
,1481,16,1,0,1481,1480,2000,11
,1482,7,1,0,1482,1481,2002,17
,1483,14,1,0,1483,1482,2001,111
,1484,15,1,0,1484,1483,2001,12
,1485,3,1,0,1485,1484,2000,-
,1486,15,1,0,1486,1485,2002,11
,1487,15,1,0,1487,1486,2002,11
,1488,17,1,0,1488,1487,2001,8
,1489,10,1,0,1489,1488,2002,8
,1490,15,1,0,1490,1489,2000,12
,1491,16,1,0,1491,1490,2000,11
,1492,16,1,0,1492,1491,2001,12
,1493,17,1,0,1493,1492,2000,-
,1494,4,1,0,1494,1493,2000,-
,1495,4,1,0,1495,1494,2000,-
,1496,7,1,0,1496,1495,2001,111
,1497,15,1,0,1497,1496,2002,12
,1498,4,1,0,1498,1497,2000,-
,1499,3,1,0,1499,1498,2000,-
,1500,4,1,0,1500,1499,2000,9
,1501,14,1,0,1501,1500,2000,-
,1502,16,1,0,1502,1501,2000,12
,1503,16,1,0,1503,1502,2000,-
,1504,16,1,0,1504,1503,2000,-
,1505,17,1,0,1505,1504,2000,-
,1506,15,1,0,1506,1505,2004,12
,1507,15,1,0,1507,1506,2004,12
,1508,16,1,0,1508,1507,2000,-
,1509,15,1,0,1509,1508,2003,12
,1510,15,1,0,1510,1509,2000,8
,1511,16,1,0,1511,1510,2000,11
,1512,10,1,0,1512,1511,2000,-
,1514,10,1,0,1514,1512,2001,12
,1513,15,1,0,1513,1513,2004,12
,1515,15,1,0,1515,1514,2004,12
,1516,15,1,0,1516,1515,2001,12
,1517,16,1,0,1517,1516,2000,8
,1518,15,1,0,1518,1517,2004,12
,1519,17,1,0,1519,1518,2001,17
,1520,1,1,0,1520,1519,2000,-
,1521,1,1,0,1521,1520,2000,-
,1522,7,1,0,1522,1521,2004,12
,1523,15,1,0,1523,1522,2000,-
,1524,15,1,0,1524,1523,2000,-
,1525,15,1,0,1525,1524,2004,12
,1526,16,1,0,1526,1525,2000,11
,1527,16,1,0,1527,1526,2000,12
,1528,3,1,0,1528,1527,2000,-
,1560,16,1,0,1560,1528,2002,8
,1529,16,1,0,1529,1529,2000,11
,1530,3,1,0,1530,1530,2000,-
,1531,15,1,0,1531,1531,2001,12
,1532,16,1,0,1532,1532,2003,11
,1533,16,1,0,1533,1533,2000,11
,1534,15,1,0,1534,1534,2004,12
,1535,16,1,0,1535,1535,2003,11
,1536,16,1,0,1536,1536,2003,11
,1537,1,1,0,1537,1537,2000,-
,1538,6,1,0,1538,1538,2001,8
,1539,16,1,0,1539,1539,2000,8
,1540,4,1,0,1540,1540,2000,-
,1541,14,1,0,1541,1541,2000,8
,1542,3,1,0,1542,1542,2000,-
,1543,15,1,0,1543,1543,2000,8
,1544,17,1,0,1544,1544,2000,-
,1545,10,1,0,1545,1545,2000,11
,1546,7,1,0,1546,1546,2001,111
,1547,16,1,0,1547,1547,2000,11
,1548,17,1,0,1548,1548,2000,8
,1549,6,1,0,1549,1549,2003,11
,1550,17,1,0,1550,1550,2000,8
,1551,16,1,0,1551,1551,2000,11
,1552,14,1,0,1552,1552,2001,111
,1553,4,1,0,1553,1553,2000,-
,1554,15,1,0,1554,1554,2001,12
,1555,16,1,0,1555,1555,2002,8
,1556,16,1,0,1556,1556,2000,-
,1557,17,1,0,1557,1557,2000,8
,1558,17,1,0,1558,1558,2000,11
,1559,17,1,0,1559,1559,2000,8
,1575,15,1,0,1575,1560,2004,12
,1561,14,1,0,1561,1561,2000,-
,1562,17,1,0,1562,1562,2000,8
,1563,15,1,0,1563,1563,2002,12
,1564,10,1,0,1564,1564,2000,8
,1565,4,1,0,1565,1565,2000,15
,1566,7,1,0,1566,1566,2000,12
,1567,14,1,0,1567,1567,2001,17
,1568,15,1,0,1568,1568,2002,12
,1569,15,1,0,1569,1569,2004,12
,1570,15,1,0,1570,1570,2003,12
,1571,7,1,0,1571,1571,2003,11
,1572,7,1,0,1572,1572,2003,11
,1573,15,1,0,1573,1573,2000,12
,1574,15,1,0,1574,1574,2004,12
,1576,17,1,0,1576,1575,2001,111
,1577,16,1,0,1577,1576,2000,-
,1578,7,1,0,1578,1577,2003,11
,1579,16,1,0,1579,1578,2000,11
,1580,4,1,0,1580,1579,2000,-
,1581,4,1,0,1581,1580,2000,-
,1582,15,1,0,1582,1581,2004,12
,1583,14,1,0,1583,1582,2000,8
,1584,17,1,0,1584,1583,2001,-
,1585,16,1,0,1585,1584,2000,11
,1586,16,1,0,1586,1585,2000,-
,1587,15,1,0,1587,1586,2004,12
,1588,17,1,0,1588,1587,2000,-
,1589,15,1,0,1589,1588,2003,12
,1590,14,1,0,1590,1589,2000,8
,1591,15,1,0,1591,1590,2000,-
,1592,7,1,0,1592,1591,2003,11
,1593,17,1,0,1593,1592,2001,-
,1594,4,1,0,1594,1593,2000,15
,1595,1,1,0,1595,1594,2000,-
,1596,15,1,0,1596,1595,2003,12
,1597,16,1,0,1597,1596,2002,11
,1598,1,1,0,1598,1597,2000,-
,1599,15,1,0,1599,1598,2000,-
,1600,7,1,0,1600,1599,2001,12
,1601,15,1,0,1601,1600,2003,12
,1602,15,1,0,1602,1601,2001,12
,1603,4,1,0,1603,1602,2000,-
,1604,16,1,0,1604,1603,2002,8
,1605,15,1,0,1605,1604,2001,111
,1606,14,1,0,1606,1605,2001,111
,1607,14,1,0,1607,1606,2000,8
,1608,16,1,0,1608,1607,2001,8
,1609,16,1,0,1609,1608,2000,-
,1610,15,1,0,1610,1609,2004,12
,1611,15,1,0,1611,1610,2003,12
,1612,14,1,0,1612,1611,2001,17
,1613,10,1,0,1613,1612,2000,-
,1614,15,1,0,1614,1613,2002,12
,1615,4,1,0,1615,1614,2000,-
,1616,10,1,0,1616,1615,2002,8
,1617,16,1,0,1617,1616,2000,11
,1618,16,1,0,1618,1617,2000,-
,1619,1,1,0,1619,1618,2000,-
,1620,15,1,0,1620,1619,2004,12
,1630,7,1,0,1630,1620,2003,11
,1621,1,1,0,1621,1621,2000,-
,1622,15,1,0,1622,1622,2002,12
,1623,17,1,0,1623,1623,2001,111
,1624,15,1,0,1624,1624,2000,12
,1625,14,1,0,1625,1625,2000,-
,1626,7,1,0,1626,1626,2003,11
,1627,16,1,0,1627,1627,2002,11
,1628,15,1,0,1628,1628,2004,12
,1629,15,1,0,1629,1629,2003,12
,1631,7,1,0,1631,1630,2001,12
,1632,1,1,0,1632,1631,2000,-
,1633,15,1,0,1633,1632,2000,-
,1634,1,1,0,1634,1633,2000,-
,1635,17,1,0,1635,1634,2000,-
,1636,7,1,0,1636,1635,2001,12
,1637,7,1,0,1637,1636,2001,12
,1638,16,1,0,1638,1637,2002,11
,1639,1,1,0,1639,1638,2000,-
,1640,16,1,0,1640,1639,2003,12
,1641,15,1,0,1641,1640,2002,12
,1642,15,1,0,1642,1641,2003,12
,1643,7,1,0,1643,1642,2000,11
,1644,15,1,0,1644,1643,2000,-
,1645,15,1,0,1645,1644,2003,12
,1646,15,1,0,1646,1645,2004,12
,1647,7,1,0,1647,1646,2004,12
,1648,1,1,0,1648,1647,2000,-
,1649,1,1,0,1649,1648,2000,-
,1650,16,1,0,1650,1649,2000,-
,1651,15,1,0,1651,1650,2003,12
,1652,16,1,0,1652,1651,2000,-
,1653,4,1,0,1653,1652,2000,-
,1654,15,1,0,1654,1653,2004,12
,1655,7,1,0,1655,1654,2000,11
,1656,15,1,0,1656,1655,2003,11
,1657,15,1,0,1657,1656,2000,12
,1658,15,1,0,1658,1657,2001,8
,1659,6,1,0,1659,1658,2000,-
,1660,10,1,0,1660,1659,2003,12
,1661,16,1,0,1661,1660,2000,-
,1662,16,1,0,1662,1661,2002,11
,1663,10,1,0,1663,1662,2003,12
,1664,14,1,0,1664,1663,2001,17
,1665,15,1,0,1665,1664,2000,12
,1666,3,1,0,1666,1665,2000,-
,1667,15,1,0,1667,1666,2003,12
,1668,14,1,0,1668,1667,2003,11
,1669,15,1,0,1669,1668,2001,12
,1670,4,1,0,1670,1669,2000,-
,1671,15,1,0,1671,1670,2000,-
,1672,14,1,0,1672,1671,2001,-
,1673,15,1,0,1673,1672,2000,-
,1674,15,1,0,1674,1673,2001,12
,1675,15,1,0,1675,1674,2000,-
,1676,7,1,0,1676,1675,2001,17
,1677,14,1,0,1677,1676,2000,17
,1678,15,1,0,1678,1677,2000,12
,1679,7,1,0,1679,1678,2003,12
,1680,7,1,0,1680,1679,2003,12
,1681,15,1,0,1681,1680,2001,12
,1682,15,1,0,1682,1681,2004,12
,1683,15,1,0,1683,1682,2003,12
,1684,10,1,0,1684,1683,2000,17
,1685,4,1,0,1685,1684,2000,-
,1708,15,1,0,1708,1685,2001,12
,1686,17,1,0,1686,1686,2000,-
,1687,16,1,0,1687,1687,2000,-
,1688,7,1,0,1688,1688,2001,12
,1689,15,1,0,1689,1689,2001,12
,1690,15,1,0,1690,1690,2001,12
,1691,15,1,0,1691,1691,2001,12
,1692,15,1,0,1692,1692,2000,12
,1693,15,1,0,1693,1693,2002,12
,1694,15,1,0,1694,1694,2001,12
,1695,15,1,0,1695,1695,2001,12
,1696,15,1,0,1696,1696,2002,12
,1697,7,1,0,1697,1697,2003,12
,1698,15,1,0,1698,1698,2003,12
,1699,15,1,0,1699,1699,2003,12
,1700,15,1,0,1700,1700,2000,12
,1701,15,1,0,1701,1701,2003,12
,1702,15,1,0,1702,1702,2003,11
,1703,10,1,0,1703,1703,2002,11
,1704,16,1,0,1704,1704,2000,-
,1705,15,1,0,1705,1705,2000,12
,1706,3,1,0,1706,1706,2000,-
,1707,7,1,0,1707,1707,2001,12
,1709,16,1,0,1709,1708,2001,-
,1710,3,1,0,1710,1709,2000,-
,1711,16,1,0,1711,1710,2002,17
,1712,6,1,0,1712,1711,2000,-
,1713,7,1,0,1713,1712,2001,12
,1714,4,1,0,1714,1713,2000,-
,1715,17,1,0,1715,1714,2001,-
,1716,7,1,0,1716,1715,2001,12
,1717,16,1,0,1717,1716,2000,8
,1718,14,1,0,1718,1717,2000,8
,1719,15,1,0,1719,1718,2003,12
,1720,7,1,0,1720,1719,2003,12
,1721,17,1,0,1721,1720,2002,8
,1722,17,1,0,1722,1721,2000,17
,1723,7,1,0,1723,1722,2003,12
,1724,7,1,0,1724,1723,2000,17
,1725,14,1,0,1725,1724,2000,-
,1726,3,1,0,1726,1725,2000,-
,1727,17,1,0,1727,1726,2000,-
,1728,6,1,0,1728,1727,2001,-
,1729,3,1,0,1729,1728,2000,-
,1730,10,1,0,1730,1729,2000,-
,1731,15,1,0,1731,1730,2003,12
,1732,16,1,0,1732,1731,2000,-
,1733,16,1,0,1733,1732,2000,-
,1734,10,1,0,1734,1733,2000,-
,1735,16,1,0,1735,1734,2000,-
,1736,7,1,0,1736,1735,2003,12
,1737,17,1,0,1737,1736,2000,-
,1738,16,1,0,1738,1737,2001,-
,1739,7,1,0,1739,1738,2003,12
,1740,15,1,0,1740,1739,2003,11
,1741,7,1,0,1741,1740,2003,12
,1742,4,1,0,1742,1741,2000,-
,1743,15,1,0,1743,1742,2004,12
,1744,16,1,0,1744,1743,2000,-
,1745,10,1,0,1745,1744,2000,-
,1746,15,1,0,1746,1745,2000,-
,1747,1,1,0,1747,1746,2000,-
,1748,17,1,0,1748,1747,2000,-
,1749,10,1,0,1749,1748,2000,-
,1750,15,1,0,1750,1749,2001,12
,1751,16,1,0,1751,1750,2000,11
,1752,15,1,0,1752,1751,2003,12
,1753,17,1,0,1753,1752,2000,-
,1754,15,1,0,1754,1753,2001,12
,1755,15,1,0,1755,1754,2004,12
,1756,15,1,0,1756,1755,2004,12
,1757,10,1,0,1757,1756,2000,-
,1758,15,1,0,1758,1757,2001,12
,1759,15,1,0,1759,1758,2001,12
,1760,17,1,0,1760,1759,2000,8
,1761,15,1,0,1761,1760,2001,12
,1762,10,1,0,1762,1761,2000,-
,1763,7,1,0,1763,1762,2000,12
,1764,15,1,0,1764,1763,2003,12
,1765,4,1,0,1765,1764,2000,-
,1766,16,1,0,1766,1765,2002,12
,1767,16,1,0,1767,1766,2000,-
,1768,7,1,0,1768,1767,2004,12
,1769,15,1,0,1769,1768,2001,12
,1770,16,1,0,1770,1769,2001,-
,1771,17,1,0,1771,1770,2000,-
,1772,15,1,0,1772,1771,2001,12
,1773,10,1,0,1773,1772,2000,-
,1774,16,1,0,1774,1773,2000,-
,1775,4,1,0,1775,1774,2000,-
,1776,15,1,0,1776,1775,2000,-
,1777,16,1,0,1777,1776,2001,-
,1778,3,1,0,1778,1777,2000,-
,1779,17,1,0,1779,1778,2000,-
,1780,7,1,0,1780,1779,2003,12
,1781,3,1,0,1781,1780,2000,-
,1792,15,1,0,1792,1781,2001,12
,1782,3,1,0,1782,1782,2000,-
,1783,7,1,0,1783,1783,2004,12
,1784,17,1,0,1784,1784,2001,-
,1785,16,1,0,1785,1785,2002,11
,1786,15,1,0,1786,1786,2002,12
,1787,15,1,0,1787,1787,2004,12
,1788,7,1,0,1788,1788,2001,12
,1789,17,1,0,1789,1789,2003,11
,1790,7,1,0,1790,1790,2000,-
,1791,15,1,0,1791,1791,2003,12
,1793,15,1,0,1793,1792,2001,12
,1794,16,1,0,1794,1793,2000,12
,1795,10,1,0,1795,1794,2000,12
,1796,15,1,0,1796,1795,2002,12
,1797,14,1,0,1797,1796,2000,8
,1798,14,1,0,1798,1797,2000,-
,1799,15,1,0,1799,1798,2002,12
,1800,15,1,0,1800,1799,2001,12
,1801,15,1,0,1801,1800,2001,12
,1802,15,1,0,1802,1801,2004,12
,1803,15,1,0,1803,1802,2003,12
,1804,17,1,0,1804,1803,2000,8
,1805,17,1,0,1805,1804,2000,-
,1806,14,1,0,1806,1805,2003,12
,1807,16,1,0,1807,1806,2003,12
,1808,4,1,0,1808,1807,2000,-
,1809,17,1,0,1809,1808,2001,-
,1810,10,1,0,1810,1809,2001,-
,1811,3,1,0,1811,1810,2000,-
,1812,16,1,0,1812,1811,2003,12
,1813,16,1,0,1813,1812,2000,12
,1814,4,1,0,1814,1813,2000,13
,1815,15,1,0,1815,1814,2003,12
,1816,10,1,0,1816,1815,2000,12
,1817,10,1,0,1817,1816,2000,12
,1818,10,1,0,1818,1817,2003,12
,1819,7,1,0,1819,1818,2004,12
,1820,7,1,0,1820,1819,2001,12
,1821,17,1,0,1821,1820,2000,8
,1822,15,1,0,1822,1821,2002,12
,1823,14,1,0,1823,1822,2000,11
,1824,14,1,0,1824,1823,2001,111
,1828,16,1,0,1828,1824,2001,12
,1825,4,1,0,1825,1825,2000,15
,1826,10,1,0,1826,1826,2003,11
,1827,16,1,0,1827,1827,2000,-
,1829,17,1,0,1829,1828,2000,8
,1830,17,1,0,1830,1829,2001,-
,1831,14,1,0,1831,1830,2001,111
,1832,17,1,0,1832,1831,2001,111
,1833,15,1,0,1833,1832,2004,12
,1834,17,1,0,1834,1833,2001,-
,1835,3,1,0,1835,1834,2000,-
,1836,14,1,0,1836,1835,2001,17
,1837,15,1,0,1837,1836,2003,12
,1838,16,1,0,1838,1837,2001,-
,1839,16,1,0,1839,1838,2000,-
,1840,4,1,0,1840,1839,2000,-
,1841,17,1,0,1841,1840,2001,-
,1842,3,1,0,1842,1841,2000,-
,1843,10,1,0,1843,1842,2002,8
,1844,10,1,0,1844,1843,2001,-
,1845,10,1,0,1845,1844,2001,-
,1846,10,1,0,1846,1845,2000,17
,1847,15,1,0,1847,1846,2001,111
,1848,3,1,0,1848,1847,2000,-
,1849,17,1,0,1849,1848,2003,12
,1850,3,1,0,1850,1849,2000,-
,1851,17,1,0,1851,1850,2000,-
,1852,17,1,0,1852,1851,2000,-
,1853,16,1,0,1853,1852,2003,12
,1854,14,1,0,1854,1853,2001,111
,1855,16,1,0,1855,1854,2000,17
,1856,15,1,0,1856,1855,2001,12
,1857,15,1,0,1857,1856,2001,12
,1858,15,1,0,1858,1857,2003,12
,1859,15,1,0,1859,1858,2004,12
,1860,15,1,0,1860,1859,2003,12
,1882,10,1,0,1882,1860,2003,12
,1861,10,1,0,1861,1861,2003,12
,1862,14,1,0,1862,1862,2001,-
,1863,10,1,0,1863,1863,2000,11
,1864,10,1,0,1864,1864,2003,12
,1865,10,1,0,1865,1865,2000,12
,1866,10,1,0,1866,1866,2001,-
,1867,16,1,0,1867,1867,2003,12
,1868,17,1,0,1868,1868,2001,111
,1869,7,1,0,1869,1869,2003,12
,1870,16,1,0,1870,1870,2001,8
,1871,17,1,0,1871,1871,2002,8
,1872,17,1,0,1872,1872,2003,11
,1873,17,1,0,1873,1873,2000,17
,1874,15,1,0,1874,1874,2004,12
,1875,10,1,0,1875,1875,2001,-
,1876,15,1,0,1876,1876,2003,12
,1877,17,1,0,1877,1877,2000,-
,1878,15,1,0,1878,1878,2003,12
,1879,7,1,0,1879,1879,2003,12
,1880,17,1,0,1880,1880,2003,11
,1881,16,1,0,1881,1881,2003,12
,1883,15,1,0,1883,1882,2000,-
,1884,7,1,0,1884,1883,2002,12
,1885,15,1,0,1885,1884,2004,12
,1886,14,1,0,1886,1885,2002,17
,1887,16,1,0,1887,1886,2000,17
,1888,15,1,0,1888,1887,2004,12
,1889,15,1,0,1889,1888,2003,12
,1890,16,1,0,1890,1889,2002,8
,1891,16,1,0,1891,1890,2000,12
,1892,17,1,0,1892,1891,2000,-
,1893,14,1,0,1893,1892,2003,11
,1894,17,1,0,1894,1893,2000,17
,1895,10,1,0,1895,1894,2001,-
,1896,10,1,0,1896,1895,2001,-
,1897,15,1,0,1897,1896,2003,12
,1898,15,1,0,1898,1897,2000,12
,1899,15,1,0,1899,1898,2000,12
,1900,7,1,0,1900,1899,2003,12
,1901,15,1,0,1901,1900,2001,111
,1902,16,1,0,1902,1901,2002,11
,1903,10,1,0,1903,1902,2000,-
,1904,15,1,0,1904,1903,2000,-
,1905,14,1,0,1905,1904,2000,8
,1906,16,1,0,1906,1905,2000,17
,1907,17,1,0,1907,1906,2000,-
,1908,4,1,0,1908,1907,2000,-
,1909,4,1,0,1909,1908,2000,-
,1910,7,1,0,1910,1909,2001,111
,1911,15,1,0,1911,1910,2004,12
,1912,17,1,0,1912,1911,2000,-
,1913,16,1,0,1913,1912,2004,12
,1949,17,1,0,1949,1913,2001,111
,1914,6,1,0,1914,1914,2000,-
,1915,16,1,0,1915,1915,2001,8
,1916,15,1,0,1916,1916,2003,12
,1917,14,1,0,1917,1917,2000,8
,1918,16,1,0,1918,1918,2000,11
,1919,17,1,0,1919,1919,2003,11
,1920,3,1,0,1920,1920,2000,13
,1921,17,1,0,1921,1921,2000,-
,1922,10,1,0,1922,1922,2001,8
,1923,16,1,0,1923,1923,2000,-
,1924,14,1,0,1924,1924,2000,-
,1925,17,1,0,1925,1925,2002,8
,1926,16,1,0,1926,1926,2000,-
,1927,15,1,0,1927,1927,2003,12
,1928,4,1,0,1928,1928,2000,-
,1929,14,1,0,1929,1929,2001,-
,1930,15,1,0,1930,1930,2000,12
,1931,17,1,0,1931,1931,2002,11
,1932,16,1,0,1932,1932,2000,17
,1933,10,1,0,1933,1933,2000,11
,1934,15,1,0,1934,1934,2000,12
,1935,17,1,0,1935,1935,2001,111
,1936,16,1,0,1936,1936,2001,8
,1937,4,1,0,1937,1937,2000,-
,1938,16,1,0,1938,1938,2001,8
,1939,6,1,0,1939,1939,2002,8
,1940,16,1,0,1940,1940,2000,8
,1941,10,1,0,1941,1941,2002,17
,1942,7,1,0,1942,1942,2002,12
,1943,10,1,0,1943,1943,2002,17
,1944,3,1,0,1944,1944,2003,11
,1945,17,1,0,1945,1945,2002,8
,1946,10,1,0,1946,1946,2000,12
,1947,15,1,0,1947,1947,2001,8
,1948,10,1,0,1948,1948,2000,-
,1950,7,1,0,1950,1949,2001,111
,1951,15,1,0,1951,1950,2002,17
,1952,15,1,0,1952,1951,2001,12
,1953,14,1,0,1953,1952,2001,17
,1954,15,1,0,1954,1953,2001,12
,1955,16,1,0,1955,1954,2001,8
,1956,1,1,0,1956,1955,2000,-
,1957,3,1,0,1957,1956,2000,-
,1958,14,1,0,1958,1957,2001,111
,1959,15,1,0,1959,1958,2000,12
,1960,15,1,0,1960,1959,2003,12
,1961,15,1,0,1961,1960,2003,12
,1962,15,1,0,1962,1961,2002,12
,1963,15,1,0,1963,1962,2001,111
,1964,15,1,0,1964,1963,2003,12
,1965,15,1,0,1965,1964,2003,12
,1966,7,1,0,1966,1965,2000,12
,1974,15,1,0,1974,1966,2004,12
,1967,15,1,0,1967,1967,2002,11
,1968,7,1,0,1968,1968,2001,8
,1969,17,1,0,1969,1969,2000,-
,1970,15,1,0,1970,1970,2001,111
,1971,14,1,0,1971,1971,2001,111
,1972,17,1,0,1972,1972,2001,17
,1973,15,1,0,1973,1973,2004,12
,1975,15,1,0,1975,1974,2003,11
,1976,15,1,0,1976,1975,2003,12
,1977,1,1,0,1977,1976,2000,-
,1978,15,1,0,1978,1977,2001,12
,1979,16,1,0,1979,1978,2000,8
,1980,17,1,0,1980,1979,2002,8
,1981,3,1,0,1981,1980,2000,-
,1982,17,1,0,1982,1981,2002,8
,1983,17,1,0,1983,1982,2002,8
,1984,15,1,0,1984,1983,2001,8
,1985,16,1,0,1985,1984,2000,-
,1986,17,1,0,1986,1985,2003,11
,1987,16,1,0,1987,1986,2000,-
,1988,14,1,0,1988,1987,2002,12
,1989,15,1,0,1989,1988,2001,12
,1990,10,1,0,1990,1989,2002,17
,1991,7,1,0,1991,1990,2000,12
,1992,15,1,0,1992,1991,2000,12
,1993,16,1,0,1993,1992,2001,8
,1994,15,1,0,1994,1993,2000,11
,1995,6,1,0,1995,1994,2000,-
,1996,7,1,0,1996,1995,2001,8
,1997,15,1,0,1997,1996,2000,12
,1998,14,1,0,1998,1997,2001,111
,1999,15,1,0,1999,1998,2002,12
,2000,14,1,0,2000,1999,2000,17
,2001,3,1,0,2001,2000,2000,-
,2002,16,1,0,2002,2001,2000,17
,2003,4,1,0,2003,2002,2000,-
,2004,7,1,0,2004,2003,2001,12
,2005,6,1,0,2005,2004,2000,-
,2006,15,1,0,2006,2005,2000,12
,2007,15,1,0,2007,2006,2002,12
,2008,17,1,0,2008,2007,2000,8
,2009,16,1,0,2009,2008,2003,11
,2010,1,1,0,2010,2009,2000,-
,2011,10,1,0,2011,2010,2000,-
,2012,15,1,0,2012,2011,2000,17
,2013,15,1,0,2013,2012,2002,12
,2014,15,1,0,2014,2013,2001,12
,2015,17,1,0,2015,2014,2001,-
,2016,16,1,0,2016,2015,2002,17
,2017,10,1,0,2017,2016,2001,-
,2018,15,1,0,2018,2017,2003,12
,2019,15,1,0,2019,2018,2000,12
,2020,7,1,0,2020,2019,2004,12
,2021,16,1,0,2021,2020,2001,-
,2022,15,1,0,2022,2021,2001,17
,2023,15,1,0,2023,2022,2002,12
,2024,15,1,0,2024,2023,2002,12
,2025,15,1,0,2025,2024,2000,-
,2026,15,1,0,2026,2025,2000,12
,2027,7,1,0,2027,2026,2002,11
,2028,15,1,0,2028,2027,2001,12
,2029,7,1,0,2029,2028,2000,12
,2030,17,1,0,2030,2029,2001,17
,2031,16,1,0,2031,2030,2001,-
,2032,15,1,0,2032,2031,2001,12
,2033,17,1,0,2033,2032,2003,11
,2034,14,1,0,2034,2033,2000,17
,2035,10,1,0,2035,2034,2001,-
,2036,16,1,0,2036,2035,2002,11
,2037,10,1,0,2037,2036,2000,17
,2038,16,1,0,2038,2037,2000,12
,2039,15,1,0,2039,2038,2003,12
,2040,15,1,0,2040,2039,2004,12
,2041,7,1,0,2041,2040,2002,17
,2042,15,1,0,2042,2041,2004,12
,2043,4,1,0,2043,2042,2000,-
,2044,16,1,0,2044,2043,2000,-
,2045,15,1,0,2045,2044,2000,12
,2046,15,1,0,2046,2045,2003,12
,2047,3,1,0,2047,2046,2000,-
,2048,15,1,0,2048,2047,2001,111
,2049,7,1,0,2049,2048,2000,12
,2050,15,1,0,2050,2049,2003,12
,2051,15,1,0,2051,2050,2001,111
,2052,15,1,0,2052,2051,2001,111
,2053,7,1,0,2053,2052,2002,17
,2054,17,1,0,2054,2053,2000,17
,2055,15,1,0,2055,2054,2004,12
,2056,17,1,0,2056,2055,2001,-
,2057,15,1,0,2057,2056,2004,12
,2058,6,1,0,2058,2057,2000,-
,2059,1,1,0,2059,2058,2000,-
,2060,15,1,0,2060,2059,2004,12
,2061,7,1,0,2061,2060,2004,12
,2062,4,1,0,2062,2061,2000,-
,2063,15,1,0,2063,2062,2001,12
,2064,4,1,0,2064,2063,2000,-
,2065,17,1,0,2065,2064,2000,8
,2066,4,1,0,2066,2065,2000,-
,2067,4,1,0,2067,2066,2000,-
,2068,3,1,0,2068,2067,2000,-
,2069,15,1,0,2069,2068,2004,12
,2070,10,1,0,2070,2069,2000,-
,2071,15,1,0,2071,2070,2004,12
,2072,4,1,0,2072,2071,2000,-
,2073,17,1,0,2073,2072,2001,17
,2074,17,1,0,2074,2073,2000,-
,2075,16,1,0,2075,2074,2002,8
,2076,4,1,0,2076,2075,2000,-
,2077,17,1,0,2077,2076,2000,-
,2078,4,1,0,2078,2077,2000,-
,2079,15,1,0,2079,2078,2004,12
,2080,1,1,0,2080,2079,2000,-
,2081,17,1,0,2081,2080,2000,17
,2082,15,1,0,2082,2081,2000,-
,2083,7,1,0,2083,2082,2001,111
,2084,7,1,0,2084,2083,2000,12
,2085,16,1,0,2085,2084,2001,-
,2086,4,1,0,2086,2085,2000,-
,2087,17,1,0,2087,2086,2000,17
,2088,15,1,0,2088,2087,2002,12
,2089,15,1,0,2089,2088,2001,8
,2090,7,1,0,2090,2089,2003,12
,2091,3,1,0,2091,2090,2000,-
,2092,7,1,0,2092,2091,2003,11
,2093,4,1,0,2093,2092,2000,-
,2094,16,1,0,2094,2093,2000,11
,2095,1,1,0,2095,2094,2000,-
,2096,17,1,0,2096,2095,2002,11
,2097,7,1,0,2097,2096,2003,12
,2098,17,1,0,2098,2097,2000,17
,2099,7,1,0,2099,2098,2004,12
,2100,15,1,0,2100,2099,2004,12
,2101,17,1,0,2101,2100,2003,11
,2102,17,1,0,2102,2101,2003,11
,2103,15,1,0,2103,2102,2004,12
,2106,17,1,0,2106,2103,2000,8
,2104,15,1,0,2104,2104,2004,12
,2105,15,1,0,2105,2105,2001,111
,2107,17,1,0,2107,2106,2000,11
,2108,4,1,0,2108,2107,2000,-
,2109,15,1,0,2109,2108,2003,12
,2110,15,1,0,2110,2109,2003,12
,2111,15,1,0,2111,2110,2004,12
,2112,16,1,0,2112,2111,2000,-
,2113,3,1,0,2113,2112,2000,-
,2114,15,1,0,2114,2113,2003,12
,2115,15,1,0,2115,2114,2000,-
,2116,4,1,0,2116,2115,2000,-
,2117,15,1,0,2117,2116,2000,12
,2118,15,1,0,2118,2117,2000,12
,2142,15,1,0,2142,2118,2004,12
,2119,10,1,0,2119,2119,2000,17
,2124,15,1,0,2124,2120,2001,12
,2120,7,1,0,2120,2121,2000,12
,2121,16,1,0,2121,2122,2000,11
,2122,15,1,0,2122,2123,2000,12
,2123,15,1,0,2123,2124,2003,12
,2135,16,1,0,2135,2125,2000,12
,2125,4,1,0,2125,2126,2000,-
,2126,17,1,0,2126,2127,2000,-
,2127,1,1,0,2127,2128,2000,-
,2128,4,1,0,2128,2129,2000,-
,2129,1,1,0,2129,2130,2000,-
,2130,1,1,0,2130,2131,2000,-
,2131,4,1,0,2131,2132,2000,-
,2132,7,1,0,2132,2133,2003,12
,2133,15,1,0,2133,2134,2003,11
,2134,1,1,0,2134,2135,2000,-
,2136,17,1,0,2136,2136,2000,8
,2137,4,1,0,2137,2137,2000,-
,2138,14,1,0,2138,2138,2001,111
,2139,10,1,0,2139,2139,2002,11
,2140,17,1,0,2140,2140,2000,-
,2141,17,1,0,2141,2141,2000,8
,2143,7,1,0,2143,2142,2003,12
,2144,1,1,0,2144,2143,2000,-
,2145,7,1,0,2145,2144,2002,11
,2146,16,1,0,2146,2145,2001,8
,2147,7,1,0,2147,2146,2003,12
,2148,16,1,0,2148,2147,2000,8
,2149,7,1,0,2149,2148,2004,12
,2150,15,1,0,2150,2149,2004,12
,2151,15,1,0,2151,2150,2003,12
,2152,15,1,0,2152,2151,2000,12
,2153,15,1,0,2153,2152,2004,12
,2154,1,1,0,2154,2153,2000,-
,2155,17,1,0,2155,2154,2001,17
,2156,15,1,0,2156,2155,2002,17
,2157,10,1,0,2157,2156,2001,-
,2158,15,1,0,2158,2157,2001,8
,2159,16,1,0,2159,2158,2000,-
,2160,17,1,0,2160,2159,2000,-
,2161,15,1,0,2161,2160,2002,11
,2162,16,1,0,2162,2161,2003,11
,2163,15,1,0,2163,2162,2002,12
,2164,15,1,0,2164,2163,2002,11
,2165,16,1,0,2165,2164,2000,12
,2166,15,1,0,2166,2165,2000,12
,2167,16,1,0,2167,2166,2000,11
,2168,17,1,0,2168,2167,2004,12
,2169,15,1,0,2169,2168,2000,12
,2170,17,1,0,2170,2169,2003,11
,2171,14,1,0,2171,2170,2001,-
,2172,16,1,0,2172,2171,2001,8
,2173,16,1,0,2173,2172,2000,13
,2174,16,1,0,2174,2173,2000,17
,2175,4,1,0,2175,2174,2000,-
,2176,14,1,0,2176,2175,2000,8
,2177,15,1,0,2177,2176,2003,12
,2178,4,1,0,2178,2177,2000,-
,2179,14,1,0,2179,2178,2000,-
,2180,10,1,0,2180,2179,2000,-
,2181,10,1,0,2181,2180,2000,-
,2182,15,1,0,2182,2181,2000,-
,2183,7,1,0,2183,2182,2003,12
,2184,17,1,0,2184,2183,2002,8
,2185,17,1,0,2185,2184,2000,8
,2186,16,1,0,2186,2185,2000,11
,2187,4,1,0,2187,2186,2000,9
,2289,1,1,0,2289,2187,2000,-
,2188,4,1,0,2188,2188,2000,-
,2189,15,1,0,2189,2189,2003,12
,2190,15,1,0,2190,2190,2001,-
,2191,16,1,0,2191,2191,2000,11
,2192,16,1,0,2192,2192,2000,-
,2193,15,1,0,2193,2193,2002,12
,2194,4,1,0,2194,2194,2000,-
,2195,4,1,0,2195,2195,2000,-
,2196,14,1,0,2196,2196,2001,-
,2197,4,1,0,2197,2197,2000,-
,2198,14,1,0,2198,2198,2000,-
,2199,17,1,0,2199,2199,2002,11
,2200,17,1,0,2200,2200,2002,11
,2201,15,1,0,2201,2201,2003,12
,2202,16,1,0,2202,2202,2001,-
,2203,7,1,0,2203,2203,2000,-
,2204,4,1,0,2204,2204,2000,9
,2205,14,1,0,2205,2205,2003,11
,2206,4,1,0,2206,2206,2000,-
,2207,6,1,0,2207,2207,2000,-
,2208,4,1,0,2208,2208,2000,-
,2209,16,1,0,2209,2209,2000,-
,2210,7,1,0,2210,2210,2001,12
,2211,10,1,0,2211,2211,2002,11
,2212,3,1,0,2212,2212,2000,-
,2213,15,1,0,2213,2213,2003,12
,2214,4,1,0,2214,2214,2000,-
,2215,7,1,0,2215,2215,2002,11
,2216,15,1,0,2216,2216,2001,12
,2217,15,1,0,2217,2217,2001,12
,2218,15,1,0,2218,2218,2003,11
,2219,4,1,0,2219,2219,2000,-
,2220,4,1,0,2220,2220,2000,-
,2221,15,1,0,2221,2221,2004,12
,2222,16,1,0,2222,2222,2000,12
,2223,15,1,0,2223,2223,2000,-
,2224,15,1,0,2224,2224,2000,12
,2225,15,1,0,2225,2225,2000,-
,2226,16,1,0,2226,2226,2000,-
,2227,15,1,0,2227,2227,2003,11
,2228,15,1,0,2228,2228,2003,11
,2229,7,1,0,2229,2229,2002,12
,2230,15,1,0,2230,2230,2003,11
,2231,7,1,0,2231,2231,2000,-
,2232,14,1,0,2232,2232,2003,11
,2233,14,1,0,2233,2233,2001,-
,2234,15,1,0,2234,2234,2000,-
,2235,7,1,0,2235,2235,2002,12
,2236,17,1,0,2236,2236,2004,12
,2237,1,1,0,2237,2237,2000,-
,2238,1,1,0,2238,2238,2000,-
,2239,15,1,0,2239,2239,2000,8
,2240,15,1,0,2240,2240,2000,12
,2241,7,1,0,2241,2241,2000,-
,2242,15,1,0,2242,2242,2003,11
,2243,7,1,0,2243,2243,2004,12
,2244,7,1,0,2244,2244,2004,12
,2245,4,1,0,2245,2245,2000,-
,2246,15,1,0,2246,2246,2000,-
,2247,4,1,0,2247,2247,2000,-
,2248,15,1,0,2248,2248,2002,11
,2249,14,1,0,2249,2249,2000,-
,2250,1,1,0,2250,2250,2000,-
,2251,15,1,0,2251,2251,2003,11
,2252,15,1,0,2252,2252,2002,12
,2253,17,1,0,2253,2253,2001,-
,2254,10,1,0,2254,2254,2000,-
,2255,7,1,0,2255,2255,2002,12
,2256,4,1,0,2256,2256,2000,-
,2257,1,1,0,2257,2257,2000,-
,2258,7,1,0,2258,2258,2003,12
,2259,1,1,0,2259,2259,2000,-
,2260,1,1,0,2260,2260,2000,-
,2261,1,1,0,2261,2261,2000,-
,2262,4,1,0,2262,2262,2000,-
,2263,1,1,0,2263,2263,2000,-
,2264,15,1,0,2264,2264,2003,12
,2265,15,1,0,2265,2265,2000,12
,2266,7,1,0,2266,2266,2002,12
,2267,4,1,0,2267,2267,2000,-
,2268,16,1,0,2268,2268,2000,-
,2269,7,1,0,2269,2269,2001,-
,2270,16,1,0,2270,2270,2000,-
,2271,1,1,0,2271,2271,2000,-
,2272,7,1,0,2272,2272,2004,12
,2273,7,1,0,2273,2273,2000,11
,2274,17,1,0,2274,2274,2003,11
,2275,3,1,0,2275,2275,2000,-
,2276,7,1,0,2276,2276,2003,12
,2277,15,1,0,2277,2277,2004,12
,2278,10,1,0,2278,2278,2001,-
,2279,4,1,0,2279,2279,2001,111
,2349,7,1,0,2349,2280,2004,12
,2280,10,1,0,2280,2281,2000,-
,2281,15,1,0,2281,2282,2004,12
,2282,15,1,0,2282,2283,2001,12
,2283,15,1,0,2283,2284,2003,11
,2284,4,1,0,2284,2285,2000,-
,2285,3,1,0,2285,2286,2000,-
,2286,17,1,0,2286,2287,2000,-
,2287,16,1,0,2287,2288,2002,17
,2288,14,1,0,2288,2289,2001,-
,2290,7,1,0,2290,2290,2001,12
,2291,15,1,0,2291,2291,2001,111
,2292,14,1,0,2292,2292,2000,-
,2293,14,1,0,2293,2293,2003,11
,2294,15,1,0,2294,2294,2004,12
,2295,15,1,0,2295,2295,2004,12
,2296,16,1,0,2296,2296,2002,11
,2297,17,1,0,2297,2297,2000,-
,2298,15,1,0,2298,2298,2000,12
,2299,15,1,0,2299,2299,2001,8
,2300,17,1,0,2300,2300,2000,8
,2301,7,1,0,2301,2301,2001,8
,2302,10,1,0,2302,2302,2000,17
,2303,15,1,0,2303,2303,2001,12
,2304,15,1,0,2304,2304,2000,17
,2305,3,1,0,2305,2305,2000,-
,2306,4,1,0,2306,2306,2000,-
,2307,10,1,0,2307,2307,2000,-
,2308,14,1,0,2308,2308,2001,-
,2309,14,1,0,2309,2309,2003,11
,2310,16,1,0,2310,2310,2000,17
,2311,7,1,0,2311,2311,2003,12
,2312,17,1,0,2312,2312,2001,17
,2313,10,1,0,2313,2313,2002,13
,2314,17,1,0,2314,2314,2000,-
,2315,15,1,0,2315,2315,2000,12
,2316,7,1,0,2316,2316,2001,8
,2317,7,1,0,2317,2317,2000,-
,2318,14,1,0,2318,2318,2000,-
,2319,4,1,0,2319,2319,2000,-
,2320,16,1,0,2320,2320,2001,-
,2321,10,1,0,2321,2321,2000,11
,2322,17,1,0,2322,2322,2000,8
,2323,1,1,0,2323,2323,2000,-
,2326,4,1,0,2326,2324,2000,-
,2324,10,1,0,2324,2325,2000,8
,2325,10,1,0,2325,2326,2001,-
,2327,4,1,0,2327,2327,2000,-
,2328,10,1,0,2328,2328,2001,-
,2329,1,1,0,2329,2329,2000,-
,2330,15,1,0,2330,2330,2000,12
,2331,10,1,0,2331,2331,2000,-
,2332,14,1,0,2332,2332,2002,8
,2333,4,1,0,2333,2333,2000,-
,2334,6,1,0,2334,2334,2001,13
,2335,4,1,0,2335,2335,2000,-
,2336,15,1,0,2336,2336,2001,12
,2337,14,1,0,2337,2337,2000,-
,2338,14,1,0,2338,2338,2000,-
,2339,10,1,0,2339,2339,2000,-
,2340,15,1,0,2340,2340,2001,12
,2341,1,1,0,2341,2341,2000,-
,2342,3,1,0,2342,2342,2000,-
,2343,3,1,0,2343,2343,2000,-
,2344,14,1,0,2344,2344,2000,12
,2345,14,1,0,2345,2345,2003,11
,2346,14,1,0,2346,2346,2000,-
,2347,4,1,0,2347,2347,2000,-
,2348,7,1,0,2348,2348,2004,12
,2350,14,1,0,2350,2349,2002,8
,2351,14,1,0,2351,2350,2000,-
,2352,7,1,0,2352,2351,2001,8
,2353,7,1,0,2353,2352,2002,17
,2354,7,1,0,2354,2353,2001,111
,2355,4,1,0,2355,2354,2000,-
,2356,17,1,0,2356,2355,2004,12
,2357,15,1,0,2357,2356,2004,12
,2358,14,1,0,2358,2357,2000,-
,2359,14,1,0,2359,2358,2001,17
,2360,17,1,0,2360,2359,2003,11
,2361,1,1,0,2361,2360,2000,-
,2362,17,1,0,2362,2361,2003,11
,2363,14,1,0,2363,2362,2002,8
,2364,3,1,0,2364,2363,2000,-
,2365,7,1,0,2365,2364,2004,12
,2366,14,1,0,2366,2365,2001,111
,2367,15,1,0,2367,2366,2001,12
,2368,17,1,0,2368,2367,2000,-
,2369,7,1,0,2369,2368,2001,8
,2370,1,1,0,2370,2369,2000,-
,2371,7,1,0,2371,2370,2000,12
,2372,15,1,0,2372,2371,2000,-
,2373,4,1,0,2373,2372,2000,-
,2374,1,1,0,2374,2373,2000,-
,2375,7,1,0,2375,2374,2001,12
,2376,3,1,0,2376,2375,2000,-
,2377,7,1,0,2377,2376,2001,8
,2378,14,1,0,2378,2377,2001,17
,2379,15,1,0,2379,2378,2004,12
,2380,10,1,0,2380,2379,2001,-
,2381,16,1,0,2381,2380,2000,11
,2382,14,1,0,2382,2381,2001,-
,2383,16,1,0,2383,2382,2000,-
,2384,7,1,0,2384,2383,2000,-
,2385,14,1,0,2385,2384,2001,17
,2386,14,1,0,2386,2385,2001,-
,2387,16,1,0,2387,2386,2000,17
,2388,10,1,0,2388,2387,2000,-
,2389,3,1,0,2389,2388,2000,-
,2390,14,1,0,2390,2389,2000,-
,2391,15,1,0,2391,2390,2003,12
,2392,7,1,0,2392,2391,2003,11
,2393,7,1,0,2393,2392,2001,12
,2394,16,1,0,2394,2393,2003,12
,2395,15,1,0,2395,2394,2003,12
,2396,7,1,0,2396,2395,2002,12
,2397,4,1,0,2397,2396,2000,-
,2398,15,1,0,2398,2397,2004,12
,2399,10,1,0,2399,2398,2001,-
,2400,10,1,0,2400,2399,2001,-
,2401,10,1,0,2401,2400,2002,8
,2402,7,1,0,2402,2401,2003,11
,2403,14,1,0,2403,2402,2000,17
,2404,15,1,0,2404,2403,2000,12
,2405,15,1,0,2405,2404,2001,12
,2406,14,1,0,2406,2405,2000,-
,2407,14,1,0,2407,2406,2000,8
,2408,7,1,0,2408,2407,2002,12
,2409,10,1,0,2409,2408,2002,17
,2410,17,1,0,2410,2409,2001,-
,2411,7,1,0,2411,2410,2001,12
,2412,4,1,0,2412,2411,2000,-
,2413,14,1,0,2413,2412,2000,-
,2414,10,1,0,2414,2413,2002,11
,2415,7,1,0,2415,2414,2003,12
,2416,7,1,0,2416,2415,2004,12
,2417,14,1,0,2417,2416,2001,17
,2418,15,1,0,2418,2417,2003,12
,2419,15,1,0,2419,2418,2002,12
,2420,10,1,0,2420,2419,2000,-
,2421,3,1,0,2421,2420,2000,-
,2422,10,1,0,2422,2421,2002,11
,2423,3,1,0,2423,2422,2000,-
,2424,14,1,0,2424,2423,2000,8
,2425,6,1,0,2425,2424,2000,13
,2426,10,1,0,2426,2425,2000,17
,2427,1,1,0,2427,2426,2000,-
,2428,1,1,0,2428,2427,2000,-
,2429,7,1,0,2429,2428,2001,12
,2430,10,1,0,2430,2429,2002,11
,2431,4,1,0,2431,2430,2000,-
,2432,14,1,0,2432,2431,2003,11
,2433,7,1,0,2433,2432,2001,12
,2434,3,1,0,2434,2433,2000,-
,2435,14,1,0,2435,2434,2002,12
,2436,14,1,0,2436,2435,2000,8
,2437,14,1,0,2437,2436,2000,17
,2438,7,1,0,2438,2437,2002,12
,2439,7,1,0,2439,2438,2004,12
,2440,3,1,0,2440,2439,2000,-
,2441,1,1,0,2441,2440,2000,-
,2442,15,1,0,2442,2441,2004,12
,2443,10,1,0,2443,2442,2002,17
,2444,16,1,0,2444,2443,2000,-
,2445,16,1,0,2445,2444,2000,12
,2446,7,1,0,2446,2445,2001,12
,2447,14,1,0,2447,2446,2000,-
,2448,15,1,0,2448,2447,2004,12
,2449,14,1,0,2449,2448,2000,-
,2450,10,1,0,2450,2449,2000,12
,2451,10,1,0,2451,2450,2001,-
,2452,16,1,0,2452,2451,2000,-
,2453,4,1,0,2453,2452,2003,11
,2454,16,1,0,2454,2453,2000,11
,2455,16,1,0,2455,2454,2000,17
,2456,17,1,0,2456,2455,2000,-
,2457,6,1,0,2457,2456,2000,13
,2458,14,1,0,2458,2457,2000,-
,2459,7,1,0,2459,2458,2000,12
,2460,7,1,0,2460,2459,2000,12
,2461,4,1,0,2461,2460,2000,-
,2462,4,1,0,2462,2461,2000,13
,2463,7,1,0,2463,2462,2001,12
,2464,7,1,0,2464,2463,2001,12
,2465,14,1,0,2465,2464,2004,12
,2466,15,1,0,2466,2465,2001,12
,2467,10,1,0,2467,2466,2001,-
,2468,10,1,0,2468,2467,2000,-
,2469,10,1,0,2469,2468,2002,8
,2470,10,1,0,2470,2469,2002,8
,2471,10,1,0,2471,2470,2002,8
,2472,4,1,0,2472,2471,2000,8
,2473,15,1,0,2473,2472,2003,12
,2474,10,1,0,2474,2473,2000,11
,2475,4,1,0,2475,2474,2000,-
,2476,10,1,0,2476,2475,2002,8
,2477,16,1,0,2477,2476,2000,17
,2478,14,1,0,2478,2477,2000,-
,2479,14,1,0,2479,2478,2000,-
,2480,15,1,0,2480,2479,2002,12
,2481,7,1,0,2481,2480,2003,12
,2482,14,1,0,2482,2481,2003,12
,2483,7,1,0,2483,2482,2004,12
,2484,10,1,0,2484,2483,2002,17
,2485,14,1,0,2485,2484,2000,8
,2486,7,1,0,2486,2485,2002,12
,2487,10,1,0,2487,2486,2000,-
,2488,17,1,0,2488,2487,2000,-
,2489,16,1,0,2489,2488,2000,-
,2490,16,1,0,2490,2489,2000,-
,2491,7,1,0,2491,2490,2003,11
,2492,10,1,0,2492,2491,2000,-
,2493,1,1,0,2493,2492,2000,-
,2494,10,1,0,2494,2493,2000,8
,2495,10,1,0,2495,2494,2002,13
,2496,10,1,0,2496,2495,2002,13
,2497,7,1,0,2497,2496,2003,12
,2498,7,1,0,2498,2497,2000,-
,2499,6,1,0,2499,2498,2003,11
,2500,14,1,0,2500,2499,2000,12
,2501,16,1,0,2501,2500,2000,-
,2502,10,1,0,2502,2501,2002,17
,2503,7,1,0,2503,2502,2003,12
,2504,7,1,0,2504,2503,2000,12
,2505,10,1,0,2505,2504,2004,12
,2506,14,1,0,2506,2505,2001,-
,2507,6,1,0,2507,2506,2001,17
,2508,10,1,0,2508,2507,2002,17
,2509,1,1,0,2509,2508,2000,-
,2510,4,1,0,2510,2509,2000,-
,2511,10,1,0,2511,2510,2000,-
,2512,7,1,0,2512,2511,2000,12
,2513,4,1,0,2513,2512,2000,-
,2514,14,1,0,2514,2513,2003,11
,2515,10,1,0,2515,2514,2001,-
,2516,10,1,0,2516,2515,2001,-
,2517,14,1,0,2517,2516,2000,17
,2518,10,1,0,2518,2517,2001,-
,2519,14,1,0,2519,2518,2002,17
,2520,17,1,0,2520,2519,2001,12
,2521,16,1,0,2521,2520,2001,-
,2522,4,1,0,2522,2521,2000,-
,2523,10,1,0,2523,2522,2000,-
,2524,10,1,0,2524,2523,2000,-
,2525,14,1,0,2525,2524,2001,-
,2526,7,1,0,2526,2525,2003,11
,2527,10,1,0,2527,2526,2003,12
,2528,16,1,0,2528,2527,2002,12
,2529,7,1,0,2529,2528,2004,12
,2530,7,1,0,2530,2529,2004,12
,2531,6,1,0,2531,2530,2000,-
,2532,15,1,0,2532,2531,2004,12
,2533,3,1,0,2533,2532,2000,-
,2534,14,1,0,2534,2533,2001,17
,2535,15,1,0,2535,2534,2004,12
,2536,7,1,0,2536,2535,2004,12
,2542,10,1,0,2542,2536,2002,8
,2537,15,1,0,2537,2537,2002,12
,2538,7,1,0,2538,2538,2003,12
,2539,14,1,0,2539,2539,2000,8
,2540,14,1,0,2540,2540,2002,12
,2541,14,1,0,2541,2541,2001,17
,2543,15,1,0,2543,2542,2001,12
,2544,17,1,0,2544,2543,2003,11
,2545,7,1,0,2545,2544,2001,111
,2546,10,1,0,2546,2545,2002,11
,2547,15,1,0,2547,2546,2001,12
,2548,10,1,0,2548,2547,2000,-
,2549,1,1,0,2549,2548,2000,-
,2550,17,1,0,2550,2549,2000,8
,2551,7,1,0,2551,2550,2000,12
,2552,10,1,0,2552,2551,2004,12
,2553,14,1,0,2553,2552,2002,12
,2554,15,1,0,2554,2553,2003,12
,2555,14,1,0,2555,2554,2000,17
,2556,14,1,0,2556,2555,2001,17
,2557,14,1,0,2557,2556,2001,111
,2558,14,1,0,2558,2557,2000,-
,2559,7,1,0,2559,2558,2004,12
,2560,10,1,0,2560,2559,2000,-
,2561,14,1,0,2561,2560,2000,-
,2562,16,1,0,2562,2561,2001,-
,2563,17,1,0,2563,2562,2000,8
,2564,1,1,0,2564,2563,2000,-
,2565,17,1,0,2565,2564,2000,8
,2566,14,1,0,2566,2565,2003,11
,2567,16,1,0,2567,2566,2000,11
,2568,15,1,0,2568,2567,2003,12
,2569,15,1,0,2569,2568,2003,11
,2570,14,1,0,2570,2569,2000,8
,2571,10,1,0,2571,2570,2000,-
,2572,4,1,0,2572,2571,2000,-
,2573,17,1,0,2573,2572,2001,-
,2574,14,1,0,2574,2573,2001,17
,2575,10,1,0,2575,2574,2000,-
,2576,7,1,0,2576,2575,2000,11
,2577,10,1,0,2577,2576,2000,8
,2578,7,1,0,2578,2577,2000,12
,2579,17,1,0,2579,2578,2000,11
,2580,16,1,0,2580,2579,2002,8
,2581,16,1,0,2581,2580,2001,-
,2582,10,1,0,2582,2581,2000,-
,2583,17,1,0,2583,2582,2003,11
,2584,7,1,0,2584,2583,2000,12
,2585,14,1,0,2585,2584,2001,-
,2586,16,1,0,2586,2585,2001,-
,2587,14,1,0,2587,2586,2000,-
,2588,10,1,0,2588,2587,2002,8
,2589,15,1,0,2589,2588,2001,12
,2590,14,1,0,2590,2589,2000,-
,2597,15,1,0,2597,2590,2000,-
,2591,10,1,0,2591,2591,2001,-
,2592,16,1,0,2592,2592,2002,8
,2593,10,1,0,2593,2593,2001,-
,2594,16,1,0,2594,2594,2001,111
,2595,17,1,0,2595,2595,2000,8
,2596,4,1,0,2596,2596,2000,-
,2598,10,1,0,2598,2597,2001,8
,2599,10,1,0,2599,2598,2002,12
,2603,17,1,0,2603,2599,2001,-
,2600,14,1,0,2600,2600,2000,11
,2601,7,1,0,2601,2601,2000,11
,2602,4,1,0,2602,2602,2000,-
,2604,10,1,0,2604,2603,2002,8
,2605,10,1,0,2605,2604,2000,12
,2606,10,1,0,2606,2605,2002,12
,2607,17,1,0,2607,2606,2000,8
,2608,16,1,0,2608,2607,2000,-
,2609,10,1,0,2609,2608,2002,12
,2610,10,1,0,2610,2609,2001,-
,2611,16,1,0,2611,2610,2000,8
,2612,14,1,0,2612,2611,2002,12
,2613,7,1,0,2613,2612,2001,17
,2614,4,1,0,2614,2613,2000,-
,2615,17,1,0,2615,2614,2003,11
,2616,16,1,0,2616,2615,2000,8
,2617,7,1,0,2617,2616,2000,17
,2618,10,1,0,2618,2617,2000,-
,2619,15,1,0,2619,2618,2000,12
,2620,16,1,0,2620,2619,2001,-
,2621,16,1,0,2621,2620,2000,13
,2622,4,1,0,2622,2621,2000,-
,2623,17,1,0,2623,2622,2000,11
,2624,15,1,0,2624,2623,2001,8
,2625,16,1,0,2625,2624,2001,-
,2626,14,1,0,2626,2625,2000,-
,2627,10,1,0,2627,2626,2001,-
,2628,17,1,0,2628,2627,2003,11
,2629,6,1,0,2629,2628,2000,-
,2630,15,1,0,2630,2629,2000,-
,2631,4,1,0,2631,2630,2000,-
,2632,1,1,0,2632,2631,2000,-
,2633,16,1,0,2633,2632,2001,-
,2634,17,1,0,2634,2633,2000,-
,2635,4,1,0,2635,2634,2000,-
,2636,15,1,0,2636,2635,2003,12
,2637,4,1,0,2637,2636,2000,15
,2638,4,1,0,2638,2637,2000,-
,2639,4,1,0,2639,2638,2000,-
,2640,4,1,0,2640,2639,2000,-
,2641,17,1,0,2641,2640,2000,-
,2642,10,1,0,2642,2641,2000,-
,2643,7,1,0,2643,2642,2001,12
,2644,15,1,0,2644,2643,2001,12
,2645,4,1,0,2645,2644,2000,-
,2646,4,1,0,2646,2645,2000,-
,2647,17,1,0,2647,2646,2000,-
,2648,16,1,0,2648,2647,2000,-
,2649,7,1,0,2649,2648,2004,12
,2650,7,1,0,2650,2649,2003,12
,2651,7,1,0,2651,2650,2002,16
,2665,10,1,0,2665,2651,2000,8
,2669,10,1,0,2669,2652,2000,17
,2652,17,1,0,2652,2653,2003,11
,2653,10,1,0,2653,2654,2000,8
,2654,16,1,0,2654,2655,2000,-
,2655,4,1,0,2655,2656,2000,-
,2656,7,1,0,2656,2657,2004,12
,2657,4,1,0,2657,2658,2000,-
,2658,10,1,0,2658,2659,2000,11
,2659,7,1,0,2659,2660,2004,12
,2660,17,1,0,2660,2661,2001,-
,2661,10,1,0,2661,2662,2000,-
,2662,16,1,0,2662,2663,2000,-
,2668,15,1,0,2668,2664,2002,12
,2663,15,1,0,2663,2665,2000,12
,2664,6,1,0,2664,2666,2000,-
,2666,15,1,0,2666,2667,2000,12
,2667,15,1,0,2667,2668,2004,12
,2670,17,1,0,2670,2669,2000,17
,2671,7,1,0,2671,2670,2000,15
,2672,7,1,0,2672,2671,2004,12
,2673,7,1,0,2673,2672,2002,11
,2674,10,1,0,2674,2673,2000,-
,2675,4,1,0,2675,2674,2000,-
,2676,4,1,0,2676,2675,2000,-
,2677,16,1,0,2677,2676,2002,11
,2678,15,1,0,2678,2677,2004,12
,2679,10,1,0,2679,2678,2002,11
,2680,7,1,0,2680,2679,2002,17
,2681,4,1,0,2681,2680,2000,-
,2682,4,1,0,2682,2681,2000,-
,2683,7,1,0,2683,2682,2000,11
,2684,10,1,0,2684,2683,2001,-
,2685,6,1,0,2685,2684,2000,-
,2686,14,1,0,2686,2685,2002,17
,2687,4,1,0,2687,2686,2000,-
,2688,1,1,0,2688,2687,2000,-
,2689,7,1,0,2689,2688,2000,-
,2690,3,1,0,2690,2689,2000,-
,2691,10,1,0,2691,2690,2000,11
,2692,10,1,0,2692,2691,2002,11
,2693,4,1,0,2693,2692,2000,-
,2694,16,1,0,2694,2693,2001,-
,2695,16,1,0,2695,2694,2000,11
,2696,4,1,0,2696,2695,2000,-
,2697,4,1,0,2697,2696,2000,-
,2698,17,1,0,2698,2697,2003,11
,2699,14,1,0,2699,2698,2001,17
,2700,4,1,0,2700,2699,2000,-
,2701,10,1,0,2701,2700,2001,-
,2702,15,1,0,2702,2701,2000,12
,2703,4,1,0,2703,2702,2000,-
,2704,7,1,0,2704,2703,2000,-
,2705,4,1,0,2705,2704,2000,-
,2706,10,1,0,2706,2705,2002,11
,2707,10,1,0,2707,2706,2000,11
,2708,17,1,0,2708,2707,2001,17
,2709,15,1,0,2709,2708,2004,12
,2710,15,1,0,2710,2709,2000,12
,2711,17,1,0,2711,2710,2001,-
,2712,4,1,0,2712,2711,2000,-
,2713,15,1,0,2713,2712,2002,11
,2714,6,1,0,2714,2713,2000,-
,2715,10,1,0,2715,2714,2002,11
,2716,1,1,0,2716,2715,2000,-
,2717,10,1,0,2717,2716,2002,11
,2718,14,1,0,2718,2717,2001,13
,2719,14,1,0,2719,2718,2001,-
,2720,4,1,0,2720,2719,2000,-
,2721,1,1,0,2721,2720,2000,-
,2722,1,1,0,2722,2721,2000,-
,2723,14,1,0,2723,2722,2001,-
,2724,4,1,0,2724,2723,2000,-
,2725,15,1,0,2725,2724,2000,12
,2726,16,1,0,2726,2725,2001,-
,2727,1,1,0,2727,2726,2000,-
,2728,1,1,0,2728,2727,2000,-
,2729,7,1,0,2729,2728,2003,12
,2730,17,1,0,2730,2729,2000,8
,2731,14,1,0,2731,2730,2002,8
,2732,15,1,0,2732,2731,2000,12
,2733,17,1,0,2733,2732,2001,17
,2734,10,1,0,2734,2733,2001,-
,2735,7,1,0,2735,2734,2001,12
,2736,7,1,0,2736,2735,2003,11
,2737,15,1,0,2737,2736,2004,12
,2738,17,1,0,2738,2737,2003,11
,2739,3,1,0,2739,2738,2000,-
,2740,1,1,0,2740,2739,2000,-
,2741,15,1,0,2741,2740,2004,12
,2742,14,1,0,2742,2741,2000,17
,2743,15,1,0,2743,2742,2000,12
,2744,14,1,0,2744,2743,2002,11
,2745,15,1,0,2745,2744,2002,17
,2746,1,1,0,2746,2745,2000,-
,2747,14,1,0,2747,2746,2001,17
,2748,6,1,0,2748,2747,2001,17
,2749,17,1,0,2749,2748,2001,17
,2750,14,1,0,2750,2749,2000,-
,2751,4,1,0,2751,2750,2001,17
,2752,4,1,0,2752,2751,2000,-
,2753,15,1,0,2753,2752,2004,12
,2754,14,1,0,2754,2753,2000,8
,2777,4,1,0,2777,2754,2000,-
,2755,4,1,0,2755,2755,2000,-
,2756,6,1,0,2756,2756,2001,17
,2757,7,1,0,2757,2757,2003,11
,2758,4,1,0,2758,2758,2000,-
,2759,1,1,0,2759,2759,2000,-
,2760,4,1,0,2760,2760,2000,-
,2761,1,1,0,2761,2761,2000,-
,2762,1,1,0,2762,2762,2000,-
,2763,1,1,0,2763,2763,2000,-
,2764,14,1,0,2764,2764,2001,17
,2765,1,1,0,2765,2765,2000,-
,2766,7,1,0,2766,2766,2001,-
,2767,17,1,0,2767,2767,2000,8
,2768,1,1,0,2768,2768,2000,-
,2769,1,1,0,2769,2769,2000,-
,2770,17,1,0,2770,2770,2001,17
,2771,1,1,0,2771,2771,2000,-
,2772,10,1,0,2772,2772,2000,8
,2773,1,1,0,2773,2773,2000,-
,2778,7,1,0,2778,2774,2003,11
,2774,10,1,0,2774,2775,2002,11
,2775,4,1,0,2775,2776,2000,-
,2776,1,1,0,2776,2777,2000,-
,2779,1,1,0,2779,2778,2000,-
,2780,16,1,0,2780,2779,2001,-
,2781,1,1,0,2781,2780,2000,-
,2782,14,1,0,2782,2781,2000,-
,2783,7,1,0,2783,2782,2003,12
,2784,7,1,0,2784,2783,2000,12
,2785,14,1,0,2785,2784,2002,8
,2786,14,1,0,2786,2785,2001,17
,2787,4,1,0,2787,2786,2000,-
,2788,7,1,0,2788,2787,2001,8
,2789,4,1,0,2789,2788,2000,-
,2790,1,1,0,2790,2789,2000,-
,2791,4,1,0,2791,2790,2000,-
,2792,1,1,0,2792,2791,2000,-
,2793,14,1,0,2793,2792,2000,-
,2794,1,1,0,2794,2793,2000,-
,2795,4,1,0,2795,2794,2000,-
,2796,3,1,0,2796,2795,2000,-
,2797,14,1,0,2797,2796,2000,8
,2798,1,1,0,2798,2797,2000,-
,2799,4,1,0,2799,2798,2000,-
,2800,4,1,0,2800,2799,2000,-
,2801,1,1,0,2801,2800,2000,-
,2802,17,1,0,2802,2801,2000,-
,2803,4,1,0,2803,2802,2000,-
,2804,15,1,0,2804,2803,2004,12
,2805,15,1,0,2805,2804,2003,12
,2806,14,1,0,2806,2805,2001,17
,2807,14,1,0,2807,2806,2000,17
,2808,14,1,0,2808,2807,2002,17
,2809,4,1,0,2809,2808,2000,-
,2810,4,1,0,2810,2809,2000,-
,2811,7,1,0,2811,2810,2001,8
,2812,14,1,0,2812,2811,2000,17
,2813,3,1,0,2813,2812,2000,-
,2814,1,1,0,2814,2813,2000,-
,2815,14,1,0,2815,2814,2000,-
,2816,17,1,0,2816,2815,2000,-
,2817,4,1,0,2817,2816,2000,-
,2818,14,1,0,2818,2817,2003,11
,2819,14,1,0,2819,2818,2003,11
,2820,1,1,0,2820,2819,2000,-
,2821,7,1,0,2821,2820,2001,12
,2822,7,1,0,2822,2821,2000,-
,2823,4,1,0,2823,2822,2000,-
,2824,10,1,0,2824,2823,2001,-
,2825,4,1,0,2825,2824,2000,-
,2826,14,1,0,2826,2825,2000,8
,2827,1,1,0,2827,2826,2000,-
,2828,7,1,0,2828,2827,2001,17
,2829,14,1,0,2829,2828,2002,17
,2830,7,1,0,2830,2829,2003,12
,2831,4,1,0,2831,2830,2000,-
,2832,4,1,0,2832,2831,2002,8
,2833,1,1,0,2833,2832,2000,-
,2834,1,1,0,2834,2833,2000,-
,2835,1,1,0,2835,2834,2000,-
,2836,4,1,0,2836,2835,2000,-
,2837,4,1,0,2837,2836,2000,-
,2838,7,1,0,2838,2837,2001,111
,2839,1,1,0,2839,2838,2000,-
,2840,4,1,0,2840,2839,2000,-
,2841,1,1,0,2841,2840,2000,-
,2842,1,1,0,2842,2841,2000,-
,2843,4,1,0,2843,2842,2000,-
,2844,10,1,0,2844,2843,2001,12
,2845,4,1,0,2845,2844,2000,-
,2846,14,1,0,2846,2845,2001,-
,2847,4,1,0,2847,2846,2000,-
,2848,7,1,0,2848,2847,2001,-
,2849,1,1,0,2849,2848,2000,-
,2850,1,1,0,2850,2849,2000,-
,2851,4,1,0,2851,2850,2000,-
,2852,1,1,0,2852,2851,2000,-
,2853,4,1,0,2853,2852,2000,-
,2854,3,1,0,2854,2853,2000,-
,2855,14,1,0,2855,2854,2002,8
,2856,4,1,0,2856,2855,2000,-
,2857,7,1,0,2857,2856,2003,12
,2858,14,1,0,2858,2857,2003,11
,2859,4,1,0,2859,2858,2001,8
,2860,1,1,0,2860,2859,2000,-
,2861,14,1,0,2861,2860,2000,-
,2862,1,1,0,2862,2861,2000,-
,2863,4,1,0,2863,2862,2000,-
,2864,14,1,0,2864,2863,2001,-
,2878,7,1,0,2878,2864,2000,12
,2865,1,1,0,2865,2865,2000,-
,2866,14,1,0,2866,2866,2003,11
,2867,10,1,0,2867,2867,2000,8
,2868,10,1,0,2868,2868,2001,-
,2869,1,1,0,2869,2869,2000,-
,2870,4,1,0,2870,2870,2000,-
,2871,4,1,0,2871,2871,2000,-
,2872,3,1,0,2872,2872,2000,-
,2873,4,1,0,2873,2873,2000,-
,2874,7,1,0,2874,2874,2000,-
,2875,10,1,0,2875,2875,2001,-
,2876,14,1,0,2876,2876,2000,13
,2877,3,1,0,2877,2877,2000,-
,2879,14,1,0,2879,2878,2001,17
,2880,14,1,0,2880,2879,2000,-
,2881,14,1,0,2881,2880,2003,11
,2882,4,1,0,2882,2881,2000,-
,2883,10,1,0,2883,2882,2001,-
,2884,4,1,0,2884,2883,2000,-
,2885,1,1,0,2885,2884,2000,-
,2886,14,1,0,2886,2885,2003,11
,2887,10,1,0,2887,2886,2000,-
,2888,10,1,0,2888,2887,2000,11
,2889,14,1,0,2889,2888,2000,-
,2890,1,1,0,2890,2889,2000,-
,2891,14,1,0,2891,2890,2003,11
,2892,14,1,0,2892,2891,2000,-
,2893,14,1,0,2893,2892,2000,-
,2894,1,1,0,2894,2893,2000,-
,2895,14,1,0,2895,2894,2000,9
,2896,4,1,0,2896,2895,2000,-
,2897,4,1,0,2897,2896,2000,-
,2898,1,1,0,2898,2897,2000,-
,2899,14,1,0,2899,2898,2003,11
,2900,4,1,0,2900,2899,2000,-
,2901,4,1,0,2901,2900,2000,-
,2902,1,1,0,2902,2901,2000,-
,2903,14,1,0,2903,2902,2001,13
,2904,4,1,0,2904,2903,2000,-
,2905,10,1,0,2905,2904,2001,-
,2906,1,1,0,2906,2905,2000,-
,2907,1,1,0,2907,2906,2000,-
,2908,14,1,0,2908,2907,2000,8
,2909,4,1,0,2909,2908,2000,-
,2910,6,1,0,2910,2909,2000,-
,2911,4,1,0,2911,2910,2000,-
,2912,4,1,0,2912,2911,2000,-
,2913,14,1,0,2913,2912,2000,-
,2914,14,1,0,2914,2913,2000,-
,2915,4,1,0,2915,2914,2000,-
,2916,14,1,0,2916,2915,2001,-
,2917,1,1,0,2917,2916,2000,-
,2918,4,1,0,2918,2917,2000,-
,2919,14,1,0,2919,2918,2001,-
,2920,10,1,0,2920,2919,2001,17
,2921,10,1,0,2921,2920,2000,11
,2922,10,1,0,2922,2921,2002,11
,2923,4,1,0,2923,2922,2000,-
,2924,4,1,0,2924,2923,2000,-
,2925,10,1,0,2925,2924,2000,-
,2926,7,1,0,2926,2925,2001,-
,2927,17,1,0,2927,2926,2000,-
,2928,4,1,0,2928,2927,2000,-
,2929,14,1,0,2929,2928,2001,17
,2930,4,1,0,2930,2929,2000,-
,2931,17,1,0,2931,2930,2003,11
,2932,10,1,0,2932,2931,2000,11
,2933,4,1,0,2933,2932,2000,-
,2934,10,1,0,2934,2933,2001,8
,2935,10,1,0,2935,2934,2001,8
,2936,14,1,0,2936,2935,2001,13
,2937,7,1,0,2937,2936,2000,-
,2938,4,1,0,2938,2937,2000,-
,2939,1,1,0,2939,2938,2000,-
,2940,14,1,0,2940,2939,2000,-
,2941,4,1,0,2941,2940,2000,-
,2942,14,1,0,2942,2941,2003,11
,2943,10,1,0,2943,2942,2000,-
,2944,7,1,0,2944,2943,2000,12
,2945,7,1,0,2945,2944,2000,12
,2946,14,1,0,2946,2945,2000,8
,2947,14,1,0,2947,2946,2000,-
,2953,14,1,0,2953,2947,2000,-
,2948,10,1,0,2948,2948,2001,-
,2949,10,1,0,2949,2949,2002,13
,2950,14,1,0,2950,2950,2002,12
,2951,1,1,0,2951,2951,2000,-
,2952,15,1,0,2952,2952,2000,-
,2954,10,1,0,2954,2953,2000,-
,2955,4,1,0,2955,2954,2000,-
,2956,14,1,0,2956,2955,2001,111
,2957,10,1,0,2957,2956,2000,8
,2958,14,1,0,2958,2957,2001,111
,2959,4,1,0,2959,2958,2000,-
,2960,14,1,0,2960,2959,2001,8
,2961,1,1,0,2961,2960,2000,-
,2962,1,1,0,2962,2961,2000,-
,2963,14,1,0,2963,2962,2000,8
,2964,1,1,0,2964,2963,2000,-
,2965,10,1,0,2965,2964,2000,-
,2966,10,1,0,2966,2965,2001,8
,2967,14,1,0,2967,2966,2000,-
,2968,14,1,0,2968,2967,2003,11
,2969,16,1,0,2969,2968,2001,-
,2970,7,1,0,2970,2969,2001,12
,2971,16,1,0,2971,2970,2001,8
,2972,7,1,0,2972,2971,2004,12
,2973,10,1,0,2973,2972,2000,-
,2974,7,1,0,2974,2973,2002,12
,2975,1,1,0,2975,2974,2000,-
,2976,10,1,0,2976,2975,2001,-
,2977,14,1,0,2977,2976,2003,11
,2978,17,1,0,2978,2977,2002,8
,2979,10,1,0,2979,2978,2001,-
,2980,10,1,0,2980,2979,2000,-
,2981,14,1,0,2981,2980,2000,17
,2982,15,1,0,2982,2981,2000,12
,2983,10,1,0,2983,2982,2000,-
,2984,7,1,0,2984,2983,2002,12
,2985,15,1,0,2985,2984,2000,-
,2986,14,1,0,2986,2985,2003,11
,2987,6,1,0,2987,2986,2001,-
,2988,10,1,0,2988,2987,2001,-
,2989,14,1,0,2989,2988,2001,-
,2990,15,1,0,2990,2989,2001,-
,2991,14,1,0,2991,2990,2001,-
,2992,16,1,0,2992,2991,2000,-
,2993,14,1,0,2993,2992,2001,17
,2994,10,1,0,2994,2993,2000,-
,2995,14,1,0,2995,2994,2000,17
,2996,10,1,0,2996,2995,2000,-
,2997,14,1,0,2997,2996,2003,11
,2998,10,1,0,2998,2997,2000,-
,2999,3,1,0,2999,2998,2000,-
,3000,10,1,0,3000,2999,2000,11
,3001,16,1,0,3001,3000,2001,8
,3002,17,1,0,3002,3001,2000,12
,3003,14,1,0,3003,3002,2000,-
,3004,14,1,0,3004,3003,2001,-
,3005,17,1,0,3005,3004,2001,13
,3006,14,1,0,3006,3005,2001,-
,3007,7,1,0,3007,3006,2001,12
,3008,10,1,0,3008,3007,2002,12
,3009,3,1,0,3009,3008,2000,-
,3010,6,1,0,3010,3009,2000,-
,3011,10,1,0,3011,3010,2002,11
,3012,7,1,0,3012,3011,2003,12
,3013,14,1,0,3013,3012,2000,-
,3014,7,1,0,3014,3013,2001,-
,3015,7,1,0,3015,3014,2000,12
