@T,obs,,,,,
descr,observed runoff at Drake,,,,,
unit,m3/s  //  mg/l  //  mg/l ,,,,,
,,,,,,
missing_val,-9999,,,,,
date_start,09.01.2001,,,,,
date_end,31.12.2013,,,,,
date_format,dd.MM.yyyy,,,,,
,,,,,,
@H,date,orun[1],no3_n[1],sedim[1],no3_n[2],no3_n[3]
name,-,SF450,SF450,SF450,SF450,SF450
ID,-,1,2,3,4,5
elevation,-,289,289,289,289,289
x,-,487469.4,487469.4,487469.4,487469.4,487469.4
y,-,4684771.7,4684771.7,4684771.7,4684771.7,4684771.7
,01.01.2008,1.387525483,7.99,-9999,-9999,-9999
,02.01.2008,1.274258097,7.97,-9999,-9999,-9999
,03.01.2008,1.359208637,7.95,-9999,-9999,-9999
,04.01.2008,1.670693949,7.93,-9999,-9999,-9999
,05.01.2008,1.840595029,7.91,-9999,-9999,-9999
,06.01.2008,1.812278182,7.89,-9999,-9999,-9999
,07.01.2008,2.038812955,7.86,-9999,-9999,-9999
,08.01.2008,2.265347728,7.84,-9999,-9999,-9999
,09.01.2008,2.095446648,7.82,-9999,-9999,-9999
,10.01.2008,2.293664575,7.8,-9999,-9999,-9999
,11.01.2008,2.237030881,7.78,-9999,-9999,-9999
,12.01.2008,2.123763495,7.76,-9999,-9999,-9999
,13.01.2008,1.897228722,7.74,-9999,-9999,-9999
,14.01.2008,1.670693949,7.72,-9999,-9999,-9999
,15.01.2008,1.50079287,7.7,-9999,7.7,-9999
,16.01.2008,1.642377103,7.64,-9999,-9999,-9999
,17.01.2008,1.557426563,7.58,-9999,-9999,-9999
,18.01.2008,1.160990711,7.51,-9999,-9999,-9999
,19.01.2008,0.821188551,7.45,-9999,-9999,-9999
,20.01.2008,0.707921165,7.39,-9999,-9999,-9999
,21.01.2008,0.622970625,7.32,-9999,-9999,-9999
,22.01.2008,0.509703239,7.26,-9999,-9999,-9999
,23.01.2008,0.424752699,7.2,-9999,-9999,-9999
,24.01.2008,0.311485313,7.13,-9999,-9999,-9999
,25.01.2008,0.453069546,7.07,-9999,-9999,-9999
,26.01.2008,0.594653779,7.01,-9999,-9999,-9999
,27.01.2008,0.991089631,6.94,-9999,-9999,-9999
,28.01.2008,1.104357017,6.88,-9999,-9999,-9999
,29.01.2008,0.906139091,6.81,-9999,-9999,-9999
,30.01.2008,0.594653779,6.75,-9999,-9999,-9999
,31.01.2008,0.679604318,6.69,-9999,-9999,-9999
,01.02.2008,0.764554858,6.62,-9999,-9999,-9999
,02.02.2008,0.906139091,6.56,-9999,-9999,-9999
,03.02.2008,0.849505398,6.5,-9999,-9999,-9999
,04.02.2008,1.104357017,6.43,-9999,-9999,-9999
,05.02.2008,1.019406478,6.37,-9999,-9999,-9999
,06.02.2008,0.934455938,6.31,-9999,-9999,-9999
,07.02.2008,0.877822245,6.24,-9999,-9999,-9999
,08.02.2008,0.991089631,6.18,-9999,-9999,-9999
,09.02.2008,0.934455938,6.12,-9999,-9999,-9999
,10.02.2008,0.679604318,6.05,-9999,-9999,-9999
,11.02.2008,0.877822245,5.99,-9999,-9999,-9999
,12.02.2008,0.792871705,5.92,-9999,-9999,-9999
,13.02.2008,0.736238012,5.86,-9999,-9999,-9999
,14.02.2008,0.792871705,5.8,-9999,-9999,-9999
,15.02.2008,0.707921165,5.73,-9999,-9999,-9999
,16.02.2008,0.821188551,5.67,-9999,-9999,-9999
,17.02.2008,0.877822245,5.61,-9999,-9999,-9999
,18.02.2008,0.764554858,5.54,-9999,-9999,-9999
,19.02.2008,0.651287472,5.48,-9999,-9999,-9999
,20.02.2008,0.538020085,5.42,-9999,-9999,-9999
,21.02.2008,0.396435852,5.35,-9999,-9999,-9999
,22.02.2008,0.481386392,5.29,-9999,-9999,-9999
,23.02.2008,0.566336932,5.22,-9999,-9999,-9999
,24.02.2008,0.736238012,5.16,-9999,-9999,-9999
,25.02.2008,0.991089631,5.1,-9999,-9999,-9999
,26.02.2008,0.934455938,5.03,-9999,-9999,-9999
,27.02.2008,0.877822245,4.97,-9999,-9999,-9999
,28.02.2008,0.679604318,4.91,-9999,-9999,-9999
,29.02.2008,1.104357017,4.84,-9999,-9999,-9999
,01.03.2008,1.614060256,4.78,-9999,-9999,-9999
,02.03.2008,7.872083355,4.72,-9999,-9999,-9999
,03.03.2008,28.26021291,4.65,-9999,-9999,-9999
,04.03.2008,20.24654532,4.59,-9999,-9999,-9999
,05.03.2008,11.63822395,4.52,-9999,-9999,-9999
,06.03.2008,7.815449662,4.46,-9999,-9999,-9999
,07.03.2008,6.201389405,4.4,-9999,-9999,-9999
,08.03.2008,5.380200854,4.33,-9999,-9999,-9999
,09.03.2008,4.530695456,4.27,-9999,-9999,-9999
,10.03.2008,4.757230229,4.19,-9999,4.2,-9999
,11.03.2008,7.192479036,4.01,-9999,-9999,-9999
,12.03.2008,14.63980969,3.79,-9999,-9999,-9999
,13.03.2008,27.92041075,3.39,-9999,3.3,-9999
,14.03.2008,43.3247753,2.09,-9999,2.1,-9999
,15.03.2008,38.22774291,1.58,-9999,1.5,-9999
,16.03.2008,21.32258549,1.89,-9999,-9999,-9999
,17.03.2008,13.62040321,2.19,-9999,-9999,-9999
,18.03.2008,13.08238313,2.49,-9999,-9999,-9999
,19.03.2008,12.71426412,2.79,-9999,-9999,-9999
,20.03.2008,12.9407989,3.1,-9999,-9999,-9999
,21.03.2008,14.10178961,3.4,-9999,-9999,-9999
,22.03.2008,11.75149134,3.7,-9999,-9999,-9999
,23.03.2008,8.891489832,4,-9999,-9999,-9999
,24.03.2008,7.107528497,4.3,-9999,-9999,-9999
,25.03.2008,6.116438866,4.6,-9999,-9999,-9999
,26.03.2008,5.408517701,4.8,-9999,4.9,-9999
,27.03.2008,4.983765002,4.48,-9999,4.4,-9999
,28.03.2008,4.559012303,4.52,-9999,4.5,-9999
,29.03.2008,4.33247753,4.76,-9999,4.8,-9999
,30.03.2008,4.870497615,4.95,-9999,4.8,-9999
,31.03.2008,22.68179413,5.95,-9999,5.7,-9999
,01.04.2008,54.36834547,9,-9999,8.35,-9999
,02.04.2008,39.36041677,12.04,-9999,12.35,-9999
,03.04.2008,27.32575697,11.15,-9999,11.05,-9999
,04.04.2008,18.94397038,10.18,-9999,10.1,-9999
,05.04.2008,14.55485915,9.61,-9999,9.6,-9999
,06.04.2008,11.38337233,9.27,-9999,9.2,-9999
,07.04.2008,9.457826764,9.25,-9999,9.3,-9999
,08.04.2008,8.041984434,8.96,-9999,8.9,-9999
,09.04.2008,7.192479036,8.94,-9999,9,-9999
,10.04.2008,9.089707759,8.3,-9999,8.133333333,-9999
,11.04.2008,26.30635049,8.71,-9999,8.2,-9999
,12.04.2008,30.58219433,11.3,-9999,11.4,-9999
,13.04.2008,22.88001205,11.68,-9999,11.7,-9999
,14.04.2008,16.84852373,11.27,-9999,11.45,-9999
,15.04.2008,13.42218529,10.38,-9999,10.4,-9999
,16.04.2008,11.46832287,9.7,-9999,9.6,-9999
,17.04.2008,10.25069847,9.49,-9999,9.6,-9999
,18.04.2008,15.65921617,8.94,-9999,8.9,-9999
,19.04.2008,25.48516194,9.8,-9999,9.6,-9999
,20.04.2008,23.7578343,11.23,-9999,11.25,-9999
,21.04.2008,18.43426714,10.78,-9999,10.85,-9999
,22.04.2008,18.3493166,10.26,-9999,10.4,-9999
,23.04.2008,17.55644489,10.24,-9999,10.4,-9999
,24.04.2008,16.67862265,9.2,-9999,8.6,-9999
,25.04.2008,94.01193071,5.41,-9999,6.16,-9999
,26.04.2008,104.489164,7.69,-9999,7.55,-9999
,27.04.2008,68.52676877,9.89,-9999,10.15,-9999
,28.04.2008,47.28913382,10.22,-9999,10.2,-9999
,29.04.2008,37.66140598,10.58,-9999,10.65,-9999
,30.04.2008,27.94872759,10.44,-9999,10.5,-9999
,01.05.2008,21.40753603,10.14,-9999,10.1,-9999
,02.05.2008,17.04674165,10.01,-9999,10,-9999
,03.05.2008,20.67129802,10.28,-9999,10,-9999
,04.05.2008,20.35981271,11.8,-9999,12.2,-9999
,05.05.2008,15.82911725,11.7,-9999,11.7,-9999
,06.05.2008,13.02574944,11.11,-9999,10.7,-9999
,07.05.2008,54.65151394,5.97,-9999,5.842857143,-9999
,08.05.2008,80.13667588,7.23,-9999,6.933333333,-9999
,09.05.2008,49.55448155,9.33,-9999,9.333333333,-9999
,10.05.2008,37.37823751,9.51,-9999,9.5,-9999
,11.05.2008,27.5239749,9.73,-9999,9.633333333,-9999
,12.05.2008,21.12436756,10.36,-9999,10.4,-9999
,13.05.2008,16.73525634,10.31,-9999,10.2,-9999
,14.05.2008,13.53545267,10.74,-9999,10.9,-9999
,15.05.2008,11.38337233,10.35,-9999,10.3,-9999
,16.05.2008,9.882579463,10.15,-9999,10.1,-9999
,17.05.2008,8.778222446,10.29,-9999,10.3,-9999
,18.05.2008,7.702182275,10.36,-9999,10.4,-9999
,19.05.2008,6.796043184,10.28,-9999,10.2,-9999
,20.05.2008,6.314656792,10.54,-9999,10.6,-9999
,21.05.2008,5.635052473,10.42,-9999,10.5,-9999
,22.05.2008,5.238616621,9.91,-9999,9.8,-9999
,23.05.2008,5.323567161,9.96,-9999,10,-9999
,24.05.2008,5.238616621,9.85,-9999,9.9,-9999
,25.05.2008,5.125349235,9.32,-9999,9.4,-9999
,26.05.2008,5.040398695,8.61,-9999,8.3,-9999
,27.05.2008,4.502378609,9.51,-9999,9.7,-9999
,28.05.2008,4.105942757,9.55,-9999,9.6,-9999
,29.05.2008,6.796043184,8.7,-9999,8.766666667,-9999
,30.05.2008,66.54458951,8.37,-9999,8.05,-9999
,31.05.2008,68.80993724,12.12,-9999,12.1,-9999
,01.06.2008,51.25349235,13.32,-9999,13.7,-9999
,02.06.2008,35.11288978,12.16,-9999,12.1,-9999
,03.06.2008,33.13071052,11.72,-9999,11.76666667,-9999
,04.06.2008,30.58219433,12.29,-9999,12.5,-9999
,05.06.2008,35.67922672,11.11,-9999,11.9,-9999
,06.06.2008,86.6495506,7.53,-9999,7.3,-9999
,07.06.2008,76.45548582,9.88,-9999,9.2,-9999
,08.06.2008,125.4436304,6.01,-9999,6.8,-9999
,09.06.2008,166.503058,3.74,-9999,3.6,-9999
,10.06.2008,112.7010495,5.09,-9999,5.05,-9999
,11.06.2008,89.48123526,6.24,-9999,6.733333333,-9999
,12.06.2008,103.922827,5.5,-9999,5.4,-9999
,13.06.2008,88.34856139,6.41,-9999,6.4,-9999
,14.06.2008,62.86339945,7.94,-9999,8.25,-9999
,15.06.2008,50.68715541,8.03,-9999,7.9,-9999
,16.06.2008,42.75843837,7.92,-9999,7.9,-9999
,17.06.2008,35.96239518,8.05,-9999,8.1,-9999
,18.06.2008,30.86536279,7.94,-9999,7.9,-9999
,19.06.2008,26.84437058,7.96,-9999,8,-9999
,20.06.2008,23.61625006,7.8,-9999,7.8,-9999
,21.06.2008,20.69961486,7.66,-9999,7.6,-9999
,22.06.2008,18.00951444,7.88,-9999,7.9,-9999
,23.06.2008,15.8574341,8.06,-9999,8,-9999
,24.06.2008,14.24337384,8.49,-9999,8.6,-9999
,25.06.2008,13.05406628,8.39,-9999,8.3,-9999
,26.06.2008,12.71426412,8.62,-9999,8.7,-9999
,27.06.2008,11.92139242,8.56,-9999,8.5,-9999
,28.06.2008,11.35505549,8.75,-9999,8.8,-9999
,29.06.2008,10.93030279,8.74,-9999,8.7,-9999
,30.06.2008,9.854262617,8.95,-9999,8.9,-9999
,01.07.2008,8.834856139,9.35,-9999,9.5,-9999
,02.07.2008,8.268519207,9.05,-9999,8.9,-9999
,03.07.2008,7.730499122,9.42,-9999,9.5,-9999
,04.07.2008,7.220795883,9.44,-9999,9.5,-9999
,05.07.2008,6.852676877,8.99,-9999,9,-9999
,06.07.2008,6.512874718,8.36,-9999,8.4,-9999
,07.07.2008,6.371290485,7.54,-9999,7.5,-9999
,08.07.2008,6.229706252,7.04,-9999,6.9,-9999
,09.07.2008,24.63565654,6.07,-9999,4.925,-9999
,10.07.2008,20.69961486,6.22,-9999,6.633333333,-9999
,11.07.2008,11.18515441,8.68,-9999,8.8,-9999
,12.07.2008,10.61881748,8.52,-9999,8.5,-9999
,13.07.2008,9.429509918,9.09,-9999,9.3,-9999
,14.07.2008,7.702182275,8.38,-9999,8.4,-9999
,15.07.2008,6.767726337,8.5,-9999,8.9,-9999
,16.07.2008,6.116438866,6.76,-9999,6.2,-9999
,17.07.2008,8.863172986,6.01,-9999,5.725,-9999
,18.07.2008,40.20992217,5.23,-9999,5.325,-9999
,19.07.2008,50.97032388,7.47,-9999,7.22,-9999
,20.07.2008,41.6257645,7.85,-9999,7.65,-9999
,21.07.2008,29.73268893,8.58,-9999,8.75,-9999
,22.07.2008,23.41803214,9.45,-9999,9.6,-9999
,23.07.2008,17.16000904,10.16,-9999,-9999,-9999
,24.07.2008,13.39386844,9.96,-9999,9.9,-9999
,25.07.2008,11.21347125,10.06,-9999,10.1,-9999
,26.07.2008,9.599410997,9.94,-9999,10,-9999
,27.07.2008,8.353469747,9.42,-9999,9.4,-9999
,28.07.2008,7.645548582,8.95,-9999,9,-9999
,29.07.2008,6.626142104,8.25,-9999,8.2,-9999
,30.07.2008,5.889904093,7.84,-9999,7.8,-9999
,31.07.2008,5.295250314,7.7,-9999,-9999,-9999
,01.08.2008,4.842180769,7.56,-9999,7.6,-9999
,02.08.2008,4.41742807,7.24,-9999,7.2,-9999
,03.08.2008,3.936041677,7.01,-9999,7.1,-9999
,04.08.2008,3.454655285,6.4,-9999,6.3,-9999
,05.08.2008,3.199803666,6.35,-9999,6.3,-9999
,06.08.2008,2.973268893,6.66,-9999,6.7,-9999
,07.08.2008,2.860001507,6.69,-9999,6.8,-9999
,08.08.2008,2.66178358,6,-9999,6,-9999
,09.08.2008,2.491882501,5.26,-9999,5.2,-9999
,10.08.2008,2.237030881,4.92,-9999,4.9,-9999
,11.08.2008,2.010496109,4.78,-9999,4.8,-9999
,12.08.2008,1.897228722,4.92,-9999,5.05,-9999
,13.08.2008,1.812278182,4.39,-9999,4.3,-9999
,14.08.2008,1.727327643,3.74,-9999,3.7,-9999
,15.08.2008,1.670693949,3.4,-9999,3.4,-9999
,16.08.2008,1.58574341,3.1,-9999,3.1,-9999
,17.08.2008,1.50079287,2.81,-9999,2.8,-9999
,18.08.2008,1.444159177,2.61,-9999,2.6,-9999
,19.08.2008,1.387525483,2.49,-9999,2.5,-9999
,20.08.2008,1.302574944,2.29,-9999,2.3,-9999
,21.08.2008,1.274258097,2.09,-9999,2,-9999
,22.08.2008,1.217624404,2.31,-9999,2.4,-9999
,23.08.2008,1.132673864,2.14,-9999,2.1,-9999
,24.08.2008,1.047723324,2.1,-9999,2.1,-9999
,25.08.2008,0.877822245,2.06,-9999,2.1,-9999
,26.08.2008,0.849505398,1.84,-9999,1.8,-9999
,27.08.2008,0.849505398,1.8,-9999,1.8,-9999
,28.08.2008,1.104357017,1.65,-9999,1.8,-9999
,29.08.2008,1.33089179,0.84,-9999,0.6,-9999
,30.08.2008,1.189307557,1.1,-9999,1.3,-9999
,31.08.2008,0.962772784,0.52,-9999,0.4,-9999
,01.09.2008,0.764554858,0.54,-9999,0.5,-9999
,02.09.2008,0.622970625,0.85,-9999,0.9,-9999
,03.09.2008,0.566336932,0.94,-9999,0.9,-9999
,04.09.2008,0.566336932,1.15,-9999,1.2,-9999
,05.09.2008,0.566336932,1.12,-9999,1.1,-9999
,06.09.2008,0.538020085,1.18,-9999,1.2,-9999
,07.09.2008,0.538020085,1.11,-9999,1.1,-9999
,08.09.2008,0.538020085,1.05,-9999,-9999,-9999
,09.09.2008,0.538020085,1.04,-9999,1.05,-9999
,10.09.2008,0.509703239,0.99,-9999,1,-9999
,11.09.2008,0.509703239,0.85,-9999,-9999,-9999
,12.09.2008,0.509703239,0.73,-9999,0.7,-9999
,13.09.2008,0.594653779,0.78,-9999,0.8,-9999
,14.09.2008,0.538020085,0.72,-9999,0.7,-9999
,15.09.2008,0.481386392,0.76,-9999,0.8,-9999
,16.09.2008,0.424752699,0.61,-9999,0.6,-9999
,17.09.2008,0.424752699,0.54,-9999,0.5,-9999
,18.09.2008,0.396435852,0.68,-9999,0.7,-9999
,19.09.2008,0.368119006,0.66,-9999,0.7,-9999
,20.09.2008,0.368119006,0.45,-9999,0.4,-9999
,21.09.2008,0.339802159,0.48,-9999,0.5,-9999
,22.09.2008,0.339802159,0.41,-9999,0.4,-9999
,23.09.2008,0.339802159,0.4,-9999,0.4,-9999
,24.09.2008,0.396435852,0.4,-9999,0.4,-9999
,25.09.2008,0.368119006,0.4,-9999,0.4,-9999
,26.09.2008,0.339802159,0.39,-9999,0.4,-9999
,27.09.2008,0.311485313,0.31,-9999,0.3,-9999
,28.09.2008,0.311485313,0.3,-9999,0.3,-9999
,29.09.2008,0.368119006,0.3,-9999,0.3,-9999
,30.09.2008,0.368119006,0.31,-9999,0.3,-9999
,01.10.2008,0.339802159,0.38,-9999,0.4,-9999
,02.10.2008,0.339802159,0.31,-9999,0.3,-9999
,03.10.2008,0.339802159,0.3,-9999,0.3,-9999
,04.10.2008,0.311485313,0.3,-9999,0.3,-9999
,05.10.2008,0.311485313,0.3,-9999,0.3,-9999
,06.10.2008,0.283168466,0.31,-9999,0.3,-9999
,07.10.2008,0.594653779,0.27,-9999,0.233333333,-9999
,08.10.2008,0.934455938,0.29,-9999,0.425,-9999
,09.10.2008,0.906139091,0.91,-9999,0.8,-9999
,10.10.2008,0.764554858,1.48,-9999,1.5,-9999
,11.10.2008,0.622970625,1.41,-9999,1.4,-9999
,12.10.2008,0.566336932,1.38,-9999,1.4,-9999
,13.10.2008,0.509703239,1.21,-9999,1.2,-9999
,14.10.2008,0.509703239,1.11,-9999,1.1,-9999
,15.10.2008,0.622970625,1.16,-9999,1.1,-9999
,16.10.2008,0.991089631,1.68,-9999,1.666666667,-9999
,17.10.2008,1.24594125,2.46,-9999,2.433333333,-9999
,18.10.2008,1.104357017,3.04,-9999,3,-9999
,19.10.2008,0.962772784,3.36,-9999,3.35,-9999
,20.10.2008,0.877822245,3.66,-9999,3.7,-9999
,21.10.2008,0.821188551,3.85,-9999,3.9,-9999
,22.10.2008,0.906139091,3.75,-9999,3.7,-9999
,23.10.2008,0.934455938,3.94,-9999,3.9,-9999
,24.10.2008,1.047723324,4.36,-9999,4.4,-9999
,25.10.2008,1.160990711,4.64,-9999,4.6,-9999
,26.10.2008,1.302574944,5.09,-9999,5.1,-9999
,27.10.2008,1.160990711,5.53,-9999,5.55,-9999
,28.10.2008,1.076040171,5.85,-9999,5.9,-9999
,29.10.2008,1.047723324,5.81,-9999,5.8,-9999
,30.10.2008,1.019406478,5.75,-9999,5.8,-9999
,31.10.2008,0.991089631,5.44,-9999,5.4,-9999
,01.11.2008,0.962772784,5.26,-9999,5.3,-9999
,02.11.2008,0.934455938,4.92,-9999,4.9,-9999
,03.11.2008,0.906139091,4.68,-9999,4.7,-9999
,04.11.2008,0.877822245,4.31,-9999,4.3,-9999
,05.11.2008,0.962772784,4.02,-9999,4,-9999
,06.11.2008,2.718417274,4.05,-9999,4.125,-9999
,07.11.2008,9.372876225,6.67,-9999,6.9,-9999
,08.11.2008,8.636638213,8.61,-9999,8.65,-9999
,09.11.2008,6.90931057,9.28,-9999,9.5,-9999
,10.11.2008,5.918220939,9.55,-9999,9.5,-9999
,11.11.2008,5.323567161,9.22,-9999,9.3,-9999
,12.11.2008,6.314656792,8.82,-9999,8.8,-9999
,13.11.2008,6.597825258,8.92,-9999,8.85,-9999
,14.11.2008,7.192479036,9.24,-9999,9.2,-9999
,15.11.2008,8.155251821,9.41,-9999,-9999,-9999
,16.11.2008,7.928717048,9.64,-9999,-9999,-9999
,17.11.2008,6.626142104,9.86,-9999,9.9,-9999
,18.11.2008,5.66336932,9.89,-9999,-9999,-9999
,19.11.2008,5.295250314,9.88,-9999,-9999,-9999
,20.11.2008,4.870497615,9.87,-9999,-9999,-9999
,21.11.2008,4.587329149,9.85,-9999,-9999,-9999
,22.11.2008,4.559012303,9.84,-9999,-9999,-9999
,23.11.2008,4.020992217,9.83,-9999,-9999,-9999
,24.11.2008,3.794457444,9.82,-9999,-9999,-9999
,25.11.2008,3.539605825,9.81,-9999,-9999,-9999
,26.11.2008,3.369704745,9.79,-9999,-9999,-9999
,27.11.2008,3.256437359,9.78,-9999,-9999,-9999
,28.11.2008,3.114853126,9.77,-9999,-9999,-9999
,29.11.2008,3.058219433,9.76,-9999,-9999,-9999
,30.11.2008,3.114853126,9.74,-9999,-9999,-9999
,01.12.2008,3.00158574,9.73,-9999,-9999,-9999
,02.12.2008,2.973268893,9.72,-9999,-9999,-9999
,03.12.2008,2.888318353,9.71,-9999,-9999,-9999
,04.12.2008,2.576833041,9.7,-9999,-9999,-9999
,05.12.2008,2.520199347,9.68,-9999,-9999,-9999
,06.12.2008,2.378615114,9.67,-9999,-9999,-9999
,07.12.2008,2.321981421,9.66,-9999,-9999,-9999
,08.12.2008,2.548516194,9.65,-9999,-9999,-9999
,09.12.2008,2.378615114,9.64,-9999,-9999,-9999
,10.12.2008,2.605149887,9.62,-9999,-9999,-9999
,11.12.2008,2.803367813,9.61,-9999,-9999,-9999
,12.12.2008,2.378615114,9.6,-9999,-9999,-9999
,13.12.2008,2.435248808,9.59,-9999,-9999,-9999
,14.12.2008,2.718417274,9.58,-9999,-9999,-9999
,15.12.2008,2.775050967,9.56,-9999,-9999,-9999
,16.12.2008,2.718417274,9.55,-9999,-9999,-9999
,17.12.2008,2.633466734,9.54,-9999,-9999,-9999
,18.12.2008,2.690100427,9.53,-9999,-9999,-9999
,19.12.2008,2.83168466,9.52,-9999,-9999,-9999
,20.12.2008,2.095446648,9.5,-9999,-9999,-9999
,21.12.2008,1.897228722,9.49,-9999,-9999,-9999
,22.12.2008,1.557426563,9.48,-9999,-9999,-9999
,23.12.2008,2.9166352,9.47,-9999,-9999,-9999
,24.12.2008,3.199803666,9.46,-9999,-9999,-9999
,25.12.2008,3.426338439,9.44,-9999,-9999,-9999
,26.12.2008,3.624556365,9.43,-9999,-9999,-9999
,27.12.2008,5.181982928,9.42,-9999,-9999,-9999
,28.12.2008,7.985350741,9.41,-9999,-9999,-9999
,29.12.2008,9.004757219,9.4,-9999,-9999,-9999
,30.12.2008,7.022577957,9.38,-9999,-9999,-9999
,31.12.2008,5.66336932,9.37,-9999,-9999,-9999
,01.01.2009,6.512874718,9.36,-9999,-9999,-9999
,02.01.2009,6.371290485,9.35,-9999,-9999,-9999
,03.01.2009,5.691686167,9.34,-9999,-9999,-9999
,04.01.2009,5.465151394,9.32,-9999,-9999,-9999
,05.01.2009,4.813863922,9.31,-9999,-9999,-9999
,06.01.2009,5.040398695,9.28,-9999,9.3,-9999
,07.01.2009,4.927131308,9.11,-9999,-9999,-9999
,08.01.2009,4.474061763,8.92,-9999,-9999,-9999
,09.01.2009,4.389111223,8.72,-9999,-9999,-9999
,10.01.2009,4.474061763,8.53,-9999,-9999,-9999
,11.01.2009,4.275843837,8.33,-9999,-9999,-9999
,12.01.2009,4.360794376,8.14,-9999,-9999,-9999
,13.01.2009,4.105942757,7.95,-9999,-9999,-9999
,14.01.2009,3.766140598,7.75,-9999,-9999,-9999
,15.01.2009,3.652873211,7.56,-9999,-9999,-9999
,16.01.2009,3.596239518,7.36,-9999,-9999,-9999
,17.01.2009,3.737823751,7.17,-9999,-9999,-9999
,18.01.2009,3.936041677,6.97,-9999,-9999,-9999
,19.01.2009,3.907724831,6.78,-9999,-9999,-9999
,20.01.2009,3.794457444,6.59,-9999,-9999,-9999
,21.01.2009,3.681190058,6.39,-9999,-9999,-9999
,22.01.2009,3.596239518,6.2,-9999,-9999,-9999
,23.01.2009,3.511288978,6,-9999,-9999,-9999
,24.01.2009,3.199803666,5.81,-9999,-9999,-9999
,25.01.2009,3.114853126,5.62,-9999,-9999,-9999
,26.01.2009,3.086536279,5.42,-9999,-9999,-9999
,27.01.2009,3.143169973,5.23,-9999,-9999,-9999
,28.01.2009,3.228120512,5.03,-9999,-9999,-9999
,29.01.2009,3.199803666,4.84,-9999,-9999,-9999
,30.01.2009,3.143169973,4.64,-9999,-9999,-9999
,31.01.2009,3.143169973,4.45,-9999,-9999,-9999
,01.02.2009,3.171486819,4.26,-9999,-9999,-9999
,02.02.2009,3.086536279,4.06,-9999,-9999,-9999
,03.02.2009,2.9166352,3.87,-9999,-9999,-9999
,04.02.2009,2.520199347,3.67,-9999,-9999,-9999
,05.02.2009,3.454655285,3.48,-9999,-9999,-9999
,06.02.2009,10.64713432,3.28,-9999,-9999,-9999
,07.02.2009,11.35505549,3.09,-9999,-9999,-9999
,08.02.2009,9.656044691,2.9,-9999,-9999,-9999
,09.02.2009,7.815449662,2.7,-9999,-9999,-9999
,10.02.2009,24.06931961,2.54,-9999,2.5,-9999
,11.02.2009,30.0158574,2.61,-9999,-9999,-9999
,12.02.2009,17.24495958,2.72,-9999,-9999,-9999
,13.02.2009,12.9407989,2.84,-9999,-9999,-9999
,14.02.2009,9.231291992,2.95,-9999,-9999,-9999
,15.02.2009,7.16416219,3.06,-9999,-9999,-9999
,16.02.2009,6.767726337,3.18,-9999,-9999,-9999
,17.02.2009,6.031488326,3.29,-9999,-9999,-9999
,18.02.2009,5.691686167,3.4,-9999,-9999,-9999
,19.02.2009,4.870497615,3.52,-9999,-9999,-9999
,20.02.2009,5.040398695,3.63,-9999,-9999,-9999
,21.02.2009,4.983765002,3.74,-9999,-9999,-9999
,22.02.2009,4.304160683,3.86,-9999,-9999,-9999
,23.02.2009,4.24752699,3.97,-9999,-9999,-9999
,24.02.2009,4.275843837,4.09,-9999,-9999,-9999
,25.02.2009,4.219210143,4.2,-9999,-9999,-9999
,26.02.2009,3.794457444,4.31,-9999,-9999,-9999
,27.02.2009,3.766140598,4.43,-9999,-9999,-9999
,28.02.2009,3.369704745,4.54,-9999,-9999,-9999
,01.03.2009,3.029902586,4.65,-9999,-9999,-9999
,02.03.2009,3.143169973,4.77,-9999,-9999,-9999
,03.03.2009,2.83168466,4.88,-9999,-9999,-9999
,04.03.2009,2.803367813,4.94,-9999,5,-9999
,05.03.2009,2.74673412,4.62,-9999,-9999,-9999
,06.03.2009,3.114853126,4.22,-9999,-9999,-9999
,07.03.2009,12.62931358,4.07,-9999,3.8,-9999
,08.03.2009,32.56437359,5.08,-9999,5.15,-9999
,09.03.2009,46.43962842,5.49,-9999,5.55,-9999
,10.03.2009,41.6257645,5.81,-9999,5.7,-9999
,11.03.2009,29.44952046,6.28,-9999,-9999,-9999
,12.03.2009,14.89466131,6.71,-9999,6.8,-9999
,13.03.2009,11.21347125,6.62,-9999,-9999,-9999
,14.03.2009,8.891489832,6.44,-9999,-9999,-9999
,15.03.2009,8.438420287,6.25,-9999,-9999,-9999
,16.03.2009,8.749905599,6.07,-9999,-9999,-9999
,17.03.2009,7.928717048,5.88,-9999,-9999,-9999
,18.03.2009,6.626142104,5.75,-9999,5.7,-9999
,19.03.2009,5.238616621,5.88,-9999,5.9,-9999
,20.03.2009,4.304160683,5.9,-9999,5.9,-9999
,21.03.2009,3.822774291,5.86,-9999,5.9,-9999
,22.03.2009,3.567922672,5.62,-9999,5.6,-9999
,23.03.2009,4.24752699,5.58,-9999,5.6,-9999
,24.03.2009,24.38080492,7.54,-9999,7.56,-9999
,25.03.2009,33.41387899,8.88,-9999,9.05,-9999
,26.03.2009,23.55961637,9.25,-9999,9.3,-9999
,27.03.2009,14.951295,9.14,-9999,-9999,-9999
,28.03.2009,11.44000603,9.09,-9999,-9999,-9999
,29.03.2009,9.231291992,9.03,-9999,-9999,-9999
,30.03.2009,7.815449662,8.98,-9999,-9999,-9999
,31.03.2009,7.135845343,8.92,-9999,-9999,-9999
,01.04.2009,6.484557871,8.87,-9999,-9999,-9999
,02.04.2009,5.8332704,8.81,-9999,-9999,-9999
,03.04.2009,5.436834547,8.76,-9999,-9999,-9999
,04.04.2009,5.068715541,8.64,-9999,8.7,-9999
,05.04.2009,5.408517701,8.32,-9999,8.3,-9999
,06.04.2009,5.606735627,7.87,-9999,7.7,-9999
,07.04.2009,6.144755712,7.65,-9999,7.566666667,-9999
,08.04.2009,8.551687673,8.89,-9999,8.833333333,-9999
,09.04.2009,14.97961185,9.71,-9999,9.7,-9999
,10.04.2009,14.13010645,10.52,-9999,10.6,-9999
,11.04.2009,10.93030279,10.85,-9999,10.9,-9999
,12.04.2009,9.061390912,10.74,-9999,10.8,-9999
,13.04.2009,8.155251821,10.29,-9999,10.2,-9999
,14.04.2009,7.872083355,10.28,-9999,10.3,-9999
,15.04.2009,7.107528497,10.19,-9999,10.2,-9999
,16.04.2009,6.456241025,10,-9999,10,-9999
,17.04.2009,6.031488326,9.78,-9999,9.8,-9999
,18.04.2009,5.804953553,9.42,-9999,9.4,-9999
,19.04.2009,5.889904093,9.24,-9999,9.2,-9999
,20.04.2009,5.49346824,9.26,-9999,9.3,-9999
,21.04.2009,5.125349235,9.14,-9999,9.1,-9999
,22.04.2009,4.785547075,9.19,-9999,9.2,-9999
,23.04.2009,4.530695456,9.14,-9999,9.2,-9999
,24.04.2009,4.445744916,8.72,-9999,8.7,-9999
,25.04.2009,4.615645996,8.28,-9999,8.4,-9999
,26.04.2009,10.25069847,6.78,-9999,5.875,-9999
,27.04.2009,47.57230229,6.84,-9999,5.8,-9999
,28.04.2009,43.04160683,11.04,-9999,11.05,-9999
,29.04.2009,33.13071052,10.78,-9999,10.95,-9999
,30.04.2009,30.86536279,9.86,-9999,9.6,-9999
,01.05.2009,23.95605222,10.29,-9999,10.4,-9999
,02.05.2009,18.83070299,10.32,-9999,10.3,-9999
,03.05.2009,15.3760477,10.44,-9999,10.4,-9999
,04.05.2009,13.02574944,10.61,-9999,10.6,-9999
,05.05.2009,11.52495657,10.5,-9999,10.6,-9999
,06.05.2009,12.4594125,9.84,-9999,9.9,-9999
,07.05.2009,14.41327492,9.97,-9999,9.9,-9999
,08.05.2009,13.39386844,10.79,-9999,10.9,-9999
,09.05.2009,12.4594125,10.62,-9999,10.6,-9999
,10.05.2009,11.52495657,10.41,-9999,10.5,-9999
,11.05.2009,10.59050063,9.81,-9999,9.7,-9999
,12.05.2009,9.91089631,9.65,-9999,9.8,-9999
,13.05.2009,10.53386694,8.95,-9999,8.7,-9999
,14.05.2009,10.8170354,9.51,-9999,9.6,-9999
,15.05.2009,10.64713432,9.76,-9999,9.8,-9999
,16.05.2009,10.59050063,9.74,-9999,9.7,-9999
,17.05.2009,9.854262617,9.88,-9999,9.9,-9999
,18.05.2009,9.174658298,9.88,-9999,9.9,-9999
,19.05.2009,8.551687673,9.75,-9999,9.7,-9999
,20.05.2009,7.928717048,9.84,-9999,9.9,-9999
,21.05.2009,7.390696963,9.6,-9999,9.6,-9999
,22.05.2009,6.965944264,9.32,-9999,9.3,-9999
,23.05.2009,6.90931057,9.19,-9999,9.2,-9999
,24.05.2009,6.99426111,9.05,-9999,9,-9999
,25.05.2009,6.852676877,9.12,-9999,9.2,-9999
,26.05.2009,7.872083355,8.52,-9999,7.933333333,-9999
,27.05.2009,40.49309064,9.03,-9999,9.266666667,-9999
,28.05.2009,60.31488326,13.35,-9999,13.6,-9999
,29.05.2009,45.59012303,14.33,-9999,14.86666667,-9999
,30.05.2009,30.29902586,13.41,-9999,13.5,-9999
,31.05.2009,21.43585288,12.7,-9999,12.5,-9999
,01.06.2009,17.24495958,12.97,-9999,13.1,-9999
,02.06.2009,14.61149285,12.61,-9999,-9999,-9999
,03.06.2009,12.48772935,12.29,-9999,12.1,-9999
,04.06.2009,10.93030279,12.91,-9999,13.1,-9999
,05.06.2009,9.74099523,12.64,-9999,12.6,-9999
,06.06.2009,8.919806679,12.46,-9999,12.4,-9999
,07.06.2009,8.268519207,12.59,-9999,12.7,-9999
,08.06.2009,7.815449662,12.22,-9999,12.1,-9999
,09.06.2009,7.277429576,12.46,-9999,12.5,-9999
,10.06.2009,6.937627417,12.58,-9999,12.6,-9999
,11.06.2009,6.626142104,12.45,-9999,12.5,-9999
,12.06.2009,6.229706252,11.96,-9999,12,-9999
,13.06.2009,6.456241025,11.31,-9999,11.2,-9999
,14.06.2009,6.371290485,11.29,-9999,11.3,-9999
,15.06.2009,6.201389405,11.25,-9999,11.3,-9999
,16.06.2009,8.268519207,10.97,-9999,10.83333333,-9999
,17.06.2009,12.0912935,11.73,-9999,12,-9999
,18.06.2009,19.36872307,11.59,-9999,11.4,-9999
,19.06.2009,28.06199498,12,-9999,11.7,-9999
,20.06.2009,23.21981421,13.4,-9999,13.6,-9999
,21.06.2009,18.2926829,13.47,-9999,13.55,-9999
,22.06.2009,20.69961486,13.07,-9999,12.93333333,-9999
,23.06.2009,22.11545719,13.75,-9999,14.2,-9999
,24.06.2009,17.10337535,13.34,-9999,13.2,-9999
,25.06.2009,14.32832438,12.88,-9999,12.8,-9999
,26.06.2009,12.26119458,12.92,-9999,13,-9999
,27.06.2009,10.56218378,12.62,-9999,12.6,-9999
,28.06.2009,9.118024605,12.34,-9999,12.4,-9999
,29.06.2009,7.957033895,11.8,-9999,11.7,-9999
,30.06.2009,7.050894803,11.84,-9999,11.8,-9999
,01.07.2009,6.342973638,12.09,-9999,12.2,-9999
,02.07.2009,5.720003013,11.71,-9999,11.7,-9999
,03.07.2009,5.210299774,10.91,-9999,11.3,-9999
,04.07.2009,5.295250314,8.55,-9999,7.8,-9999
,05.07.2009,5.181982928,10.01,-9999,10.3,-9999
,06.07.2009,4.955448155,10.58,-9999,10.5,-9999
,07.07.2009,4.643962842,10.66,-9999,10.65,-9999
,08.07.2009,4.672279689,10.75,-9999,10.8,-9999
,09.07.2009,5.436834547,11.21,-9999,11.4,-9999
,10.07.2009,6.597825258,10.4,-9999,10.16,-9999
,11.07.2009,7.475647502,11.29,-9999,11.23333333,-9999
,12.07.2009,6.399607332,11.83,-9999,11.86666667,-9999
,13.07.2009,5.465151394,11.64,-9999,11.7,-9999
,14.07.2009,4.757230229,11.15,-9999,11.1,-9999
,15.07.2009,4.275843837,10.85,-9999,10.9,-9999
,16.07.2009,3.766140598,10.31,-9999,10.3,-9999
,17.07.2009,3.341387899,9.8,-9999,9.8,-9999
,18.07.2009,3.058219433,9.29,-9999,9.3,-9999
,19.07.2009,2.83168466,8.72,-9999,8.7,-9999
,20.07.2009,2.605149887,8.34,-9999,8.3,-9999
,21.07.2009,2.463565654,8.16,-9999,8.2,-9999
,22.07.2009,2.293664575,7.69,-9999,7.8,-9999
,23.07.2009,2.152080342,6.69,-9999,6.5,-9999
,24.07.2009,2.010496109,6.61,-9999,6.7,-9999
,25.07.2009,1.868911876,5.92,-9999,6.2,-9999
,26.07.2009,1.699010796,4.08,-9999,3.5,-9999
,27.07.2009,1.557426563,5.12,-9999,5.4,-9999
,28.07.2009,1.472476023,5.1,-9999,-9999,-9999
,29.07.2009,1.387525483,4.75,-9999,4.8,-9999
,30.07.2009,1.359208637,4.12,-9999,4.1,-9999
,31.07.2009,1.274258097,3.62,-9999,3.6,-9999
,01.08.2009,1.189307557,3.29,-9999,3.3,-9999
,02.08.2009,1.132673864,2.9,-9999,2.9,-9999
,03.08.2009,1.076040171,2.45,-9999,2.5,-9999
,04.08.2009,1.047723324,2.05,-9999,2,-9999
,05.08.2009,1.019406478,1.89,-9999,1.9,-9999
,06.08.2009,0.991089631,1.45,-9999,1.4,-9999
,07.08.2009,1.076040171,1.24,-9999,1.3,-9999
,08.08.2009,2.010496109,1.03,-9999,1,-9999
,09.08.2009,2.690100427,1.11,-9999,0.9,-9999
,10.08.2009,2.83168466,1.39,-9999,1.4,-9999
,11.08.2009,1.897228722,2.09,-9999,2.4,-9999
,12.08.2009,1.50079287,1.52,-9999,1.4,-9999
,13.08.2009,1.302574944,1.37,-9999,-9999,-9999
,14.08.2009,1.132673864,1.33,-9999,-9999,-9999
,15.08.2009,1.047723324,1.3,-9999,-9999,-9999
,16.08.2009,1.047723324,1.27,-9999,-9999,-9999
,17.08.2009,0.934455938,1.23,-9999,-9999,-9999
,18.08.2009,0.877822245,1.19,-9999,1.2,-9999
,19.08.2009,0.934455938,1.11,-9999,1.1,-9999
,20.08.2009,0.934455938,1.09,-9999,1.1,-9999
,21.08.2009,0.906139091,1.01,-9999,1,-9999
,22.08.2009,0.849505398,0.98,-9999,1,-9999
,23.08.2009,0.736238012,0.85,-9999,0.8,-9999
,24.08.2009,0.679604318,0.95,-9999,1,-9999
,25.08.2009,0.651287472,0.84,-9999,0.8,-9999
,26.08.2009,0.651287472,0.91,-9999,0.9,-9999
,27.08.2009,0.707921165,1.09,-9999,1.1,-9999
,28.08.2009,0.651287472,1.18,-9999,1.2,-9999
,29.08.2009,0.594653779,1.11,-9999,1.1,-9999
,30.08.2009,0.538020085,1.09,-9999,1.1,-9999
,31.08.2009,0.481386392,1,-9999,1,-9999
,01.09.2009,0.481386392,0.91,-9999,0.9,-9999
,02.09.2009,0.453069546,0.89,-9999,0.9,-9999
,03.09.2009,0.453069546,0.8,-9999,0.8,-9999
,04.09.2009,0.453069546,0.7,-9999,0.7,-9999
,05.09.2009,0.453069546,0.61,-9999,0.6,-9999
,06.09.2009,0.424752699,0.59,-9999,0.6,-9999
,07.09.2009,0.424752699,0.5,-9999,0.5,-9999
,08.09.2009,0.396435852,0.42,-9999,0.4,-9999
,09.09.2009,0.396435852,0.45,-9999,0.5,-9999
,10.09.2009,0.396435852,0.49,-9999,0.5,-9999
,11.09.2009,0.368119006,0.49,-9999,0.4,-9999
,12.09.2009,0.368119006,0.41,-9999,0.4,-9999
,13.09.2009,0.339802159,0.35,-9999,-9999,-9999
,14.09.2009,0.339802159,0.05,-9999,-9999,-9999
,15.09.2009,0.339802159,0,-9999,-9999,-9999
,16.09.2009,0.339802159,0,-9999,-9999,-9999
,17.09.2009,0.339802159,0.04,-9999,-9999,-9999
,18.09.2009,0.339802159,0.26,-9999,0.3,-9999
,19.09.2009,0.339802159,0.3,-9999,0.3,-9999
,20.09.2009,0.339802159,0.3,-9999,0.3,-9999
,21.09.2009,0.396435852,0.31,-9999,0.3,-9999
,22.09.2009,0.481386392,0.38,-9999,0.4,-9999
,23.09.2009,0.453069546,0.31,-9999,0.3,-9999
,24.09.2009,0.453069546,0.36,-9999,0.4,-9999
,25.09.2009,7.107528497,1.45,-9999,1.54,-9999
,26.09.2009,6.541191565,5.25,-9999,5.485714286,-9999
,27.09.2009,5.210299774,5.47,-9999,5.42,-9999
,28.09.2009,3.511288978,4.57,-9999,4.4,-9999
,29.09.2009,2.491882501,4.5,-9999,-9999,-9999
,30.09.2009,2.010496109,4.59,-9999,-9999,-9999
,01.10.2009,2.520199347,4.73,-9999,4.7,-9999
,02.10.2009,4.304160683,6.12,-9999,6.5,-9999
,03.10.2009,4.559012303,6.78,-9999,6.8,-9999
,04.10.2009,3.936041677,7.21,-9999,-9999,-9999
,05.10.2009,3.313071052,7.2,-9999,7.3,-9999
,06.10.2009,3.228120512,6.94,-9999,6.9,-9999
,07.10.2009,3.086536279,7.01,-9999,7,-9999
,08.10.2009,2.888318353,7.19,-9999,7.2,-9999
,09.10.2009,2.690100427,7.3,-9999,7.3,-9999
,10.10.2009,2.520199347,7.39,-9999,7.4,-9999
,11.10.2009,2.406931961,7.39,-9999,7.4,-9999
,12.10.2009,2.350298268,7.34,-9999,7.3,-9999
,13.10.2009,2.265347728,7.42,-9999,7.5,-9999
,14.10.2009,2.180397188,7.14,-9999,7.1,-9999
,15.10.2009,2.237030881,6.99,-9999,7,-9999
,16.10.2009,2.208714035,6.8,-9999,6.8,-9999
,17.10.2009,2.180397188,6.64,-9999,6.6,-9999
,18.10.2009,2.180397188,6.66,-9999,6.7,-9999
,19.10.2009,2.180397188,6.51,-9999,6.5,-9999
,20.10.2009,2.123763495,6.36,-9999,6.4,-9999
,21.10.2009,2.123763495,6,-9999,6,-9999
,22.10.2009,4.445744916,5.47,-9999,5.383333333,-9999
,23.10.2009,24.06931961,6.75,-9999,6.9,-9999
,24.10.2009,25.23031032,9.04,-9999,9.3,-9999
,25.10.2009,17.44317751,9.79,-9999,9.8,-9999
,26.10.2009,13.08238313,10.02,-9999,10.1,-9999
,27.10.2009,10.70376801,9.79,-9999,9.8,-9999
,28.10.2009,9.174658298,9.55,-9999,9.6,-9999
,29.10.2009,23.95605222,7.3,-9999,7.38,-9999
,30.10.2009,57.20003013,6.25,-9999,6.45,-9999
,31.10.2009,53.51884007,7.58,-9999,7.75,-9999
,01.11.2009,40.7762591,7.98,-9999,7.8,-9999
,02.11.2009,26.30635049,8.18,-9999,8.25,-9999
,03.11.2009,18.40595029,8.41,-9999,8.5,-9999
,04.11.2009,14.41327492,8.49,-9999,8.4,-9999
,05.11.2009,11.86475873,8.66,-9999,8.7,-9999
,06.11.2009,10.64713432,8.71,-9999,8.7,-9999
,07.11.2009,9.769312077,8.78,-9999,8.8,-9999
,08.11.2009,8.693271906,8.7,-9999,8.7,-9999
,09.11.2009,7.957033895,8.61,-9999,8.6,-9999
,10.11.2009,7.24911273,8.64,-9999,8.6,-9999
,11.11.2009,6.880993724,8.89,-9999,8.9,-9999
,12.11.2009,6.739409491,9.08,-9999,9.1,-9999
,13.11.2009,6.541191565,9.12,-9999,9.1,-9999
,14.11.2009,6.229706252,9.24,-9999,9.3,-9999
,15.11.2009,5.691686167,9.06,-9999,9,-9999
,16.11.2009,5.380200854,9.16,-9999,9.2,-9999
,17.11.2009,5.238616621,9.09,-9999,9.1,-9999
,18.11.2009,5.125349235,8.94,-9999,8.9,-9999
,19.11.2009,5.012081848,9.02,-9999,9,-9999
,20.11.2009,4.813863922,9.21,-9999,9.3,-9999
,21.11.2009,4.672279689,8.94,-9999,8.9,-9999
,22.11.2009,4.587329149,8.81,-9999,8.8,-9999
,23.11.2009,4.474061763,8.91,-9999,8.8,-9999
,24.11.2009,4.474061763,9.56,-9999,9.7,-9999
,25.11.2009,4.559012303,9.44,-9999,9.5,-9999
,26.11.2009,4.33247753,8.95,-9999,8.8,-9999
,27.11.2009,4.190893297,9.16,-9999,9.3,-9999
,28.11.2009,4.134259604,8.76,-9999,8.7,-9999
,29.11.2009,3.992675371,8.61,-9999,8.6,-9999
,30.11.2009,3.822774291,8.56,-9999,8.6,-9999
,01.12.2009,3.766140598,8.29,-9999,8.3,-9999
,02.12.2009,3.709506905,7.99,-9999,7.9,-9999
,03.12.2009,3.624556365,8.19,-9999,-9999,-9999
,04.12.2009,2.775050967,8.46,-9999,8.5,-9999
,05.12.2009,1.529109716,8.5,-9999,-9999,-9999
,06.12.2009,2.548516194,8.5,-9999,-9999,-9999
,07.12.2009,2.378615114,8.5,-9999,8.5,-9999
,08.12.2009,1.783961336,8.49,-9999,-9999,-9999
,09.12.2009,1.217624404,8.48,-9999,-9999,-9999
,10.12.2009,0.821188551,8.48,-9999,-9999,-9999
,11.12.2009,1.160990711,8.47,-9999,-9999,-9999
,12.12.2009,1.897228722,8.46,-9999,-9999,-9999
,13.12.2009,3.766140598,8.45,-9999,-9999,-9999
,14.12.2009,3.539605825,8.44,-9999,-9999,-9999
,15.12.2009,2.123763495,8.43,-9999,-9999,-9999
,16.12.2009,1.868911876,8.43,-9999,-9999,-9999
,17.12.2009,2.576833041,8.42,-9999,-9999,-9999
,18.12.2009,2.350298268,8.41,-9999,-9999,-9999
,19.12.2009,2.321981421,8.4,-9999,-9999,-9999
,20.12.2009,2.406931961,8.39,-9999,-9999,-9999
,21.12.2009,2.463565654,8.38,-9999,-9999,-9999
,22.12.2009,2.803367813,8.38,-9999,-9999,-9999
,23.12.2009,3.00158574,8.37,-9999,-9999,-9999
,24.12.2009,3.851091138,8.36,-9999,-9999,-9999
,25.12.2009,3.511288978,8.35,-9999,-9999,-9999
,26.12.2009,3.228120512,8.34,-9999,-9999,-9999
,27.12.2009,2.9166352,8.33,-9999,-9999,-9999
,28.12.2009,2.690100427,8.32,-9999,-9999,-9999
,29.12.2009,2.350298268,8.32,-9999,-9999,-9999
,30.12.2009,2.83168466,8.31,-9999,-9999,-9999
,31.12.2009,2.520199347,8.3,-9999,-9999,-9999
,01.01.2010,2.180397188,8.29,-9999,-9999,-9999
,02.01.2010,1.925545569,8.28,-9999,-9999,-9999
,03.01.2010,2.067129802,8.27,-9999,-9999,-9999
,04.01.2010,2.123763495,8.27,-9999,-9999,-9999
,05.01.2010,2.095446648,8.26,-9999,-9999,-9999
,06.01.2010,2.265347728,8.25,-9999,-9999,-9999
,07.01.2010,2.237030881,8.24,-9999,-9999,-9999
,08.01.2010,1.783961336,8.23,-9999,-9999,-9999
,09.01.2010,0.736238012,8.22,-9999,-9999,-9999
,10.01.2010,0.877822245,8.22,-9999,-9999,-9999
,11.01.2010,1.132673864,8.21,-9999,-9999,-9999
,12.01.2010,0.934455938,8.2,-9999,8.2,-9999
,13.01.2010,0.849505398,8.16,-9999,-9999,-9999
,14.01.2010,2.208714035,8.13,-9999,-9999,-9999
,15.01.2010,3.029902586,8.1,-9999,-9999,-9999
,16.01.2010,2.605149887,8.06,-9999,-9999,-9999
,17.01.2010,2.9166352,8.03,-9999,-9999,-9999
,18.01.2010,2.633466734,8,-9999,-9999,-9999
,19.01.2010,2.350298268,7.96,-9999,-9999,-9999
,20.01.2010,2.548516194,7.93,-9999,-9999,-9999
,21.01.2010,2.803367813,7.9,-9999,-9999,-9999
,22.01.2010,3.228120512,7.86,-9999,-9999,-9999
,23.01.2010,3.369704745,7.83,-9999,-9999,-9999
,24.01.2010,3.369704745,7.8,-9999,-9999,-9999
,25.01.2010,2.888318353,7.77,-9999,-9999,-9999
,26.01.2010,2.860001507,7.73,-9999,-9999,-9999
,27.01.2010,3.199803666,7.7,-9999,-9999,-9999
,28.01.2010,2.83168466,7.67,-9999,-9999,-9999
,29.01.2010,2.152080342,7.63,-9999,-9999,-9999
,30.01.2010,2.208714035,7.6,-9999,-9999,-9999
,31.01.2010,2.265347728,7.57,-9999,-9999,-9999
,01.02.2010,2.378615114,7.53,-9999,-9999,-9999
,02.02.2010,2.180397188,7.49,-9999,7.5,-9999
,03.02.2010,1.897228722,7.43,-9999,-9999,-9999
,04.02.2010,2.406931961,7.37,-9999,-9999,-9999
,05.02.2010,2.520199347,7.31,-9999,-9999,-9999
,06.02.2010,2.378615114,7.25,-9999,-9999,-9999
,07.02.2010,2.152080342,7.18,-9999,-9999,-9999
,08.02.2010,1.953862415,7.12,-9999,-9999,-9999
,09.02.2010,1.670693949,7.06,-9999,-9999,-9999
,10.02.2010,1.33089179,6.99,-9999,-9999,-9999
,11.02.2010,0.906139091,6.93,-9999,-9999,-9999
,12.02.2010,1.274258097,6.87,-9999,-9999,-9999
,13.02.2010,1.783961336,6.8,-9999,-9999,-9999
,14.02.2010,1.160990711,6.74,-9999,-9999,-9999
,15.02.2010,1.444159177,6.68,-9999,-9999,-9999
,16.02.2010,1.047723324,6.62,-9999,-9999,-9999
,17.02.2010,0.877822245,6.55,-9999,-9999,-9999
,18.02.2010,0.736238012,6.49,-9999,-9999,-9999
,19.02.2010,0.736238012,6.43,-9999,-9999,-9999
,20.02.2010,1.189307557,6.36,-9999,-9999,-9999
,21.02.2010,1.019406478,6.3,-9999,-9999,-9999
,22.02.2010,1.104357017,6.24,-9999,-9999,-9999
,23.02.2010,0.991089631,6.17,-9999,-9999,-9999
,24.02.2010,0.821188551,6.11,-9999,-9999,-9999
,25.02.2010,0.651287472,6.05,-9999,-9999,-9999
,26.02.2010,0.679604318,5.98,-9999,-9999,-9999
,27.02.2010,0.707921165,5.92,-9999,-9999,-9999
,28.02.2010,0.877822245,5.86,-9999,-9999,-9999
,01.03.2010,0.651287472,5.79,-9999,5.8,-9999
,02.03.2010,0.566336932,5.68,-9999,-9999,-9999
,03.03.2010,0.424752699,5.57,-9999,-9999,-9999
,04.03.2010,0.396435852,5.46,-9999,-9999,-9999
,05.03.2010,0.821188551,5.35,-9999,-9999,-9999
,06.03.2010,1.359208637,5.24,-9999,-9999,-9999
,07.03.2010,2.152080342,5.13,-9999,-9999,-9999
,08.03.2010,3.228120512,5.02,-9999,-9999,-9999
,09.03.2010,7.503964349,4.91,-9999,-9999,-9999
,10.03.2010,26.2497168,4.88,-9999,4.8,-9999
,11.03.2010,50.40398695,5.36,-9999,-9999,-9999
,12.03.2010,67.39409491,4.8,25,5,-9999
,13.03.2010,85.23370827,4.58,26,-9999,-9999
,14.03.2010,95.99410997,4.89,28,-9999,-9999
,15.03.2010,98.2594577,5.16,29,5.2,-9999
,16.03.2010,86.93271906,5.23,31,5.2,-9999
,17.03.2010,76.17231735,5.47,33,5.7,-9999
,18.03.2010,58.89904093,5.72,34,-9999,-9999
,19.03.2010,43.60794376,5.93,36,-9999,-9999
,20.03.2010,37.94457444,6.14,38,-9999,-9999
,21.03.2010,30.0158574,6.35,39,-9999,-9999
,22.03.2010,25.25862717,6.56,41,-9999,-9999
,23.03.2010,21.66238765,6.77,42,-9999,-9999
,24.03.2010,18.80238614,6.98,44,-9999,-9999
,25.03.2010,16.53703841,7.19,46,-9999,-9999
,26.03.2010,14.583176,7.39,47,7.4,-9999
,27.03.2010,12.91248205,7.5,43,-9999,-9999
,28.03.2010,11.49663972,7.6,34,-9999,-9999
,29.03.2010,10.16574793,7.69,25,-9999,-9999
,30.03.2010,9.316242531,7.79,15,-9999,-9999
,31.03.2010,8.863172986,7.85,7,7.9,-9999
,01.04.2010,8.381786594,7.81,6,-9999,-9999
,02.04.2010,8.070301281,7.78,8,-9999,-9999
,03.04.2010,7.532281196,7.76,9,-9999,-9999
,04.04.2010,6.937627417,7.74,10,-9999,-9999
,05.04.2010,6.654458951,7.08,17,-9999,-9999
,06.04.2010,18.57585137,5.75,667,5.66,-9999
,07.04.2010,18.83070299,8.41,144,8.455555556,-9999
,08.04.2010,15.17782978,8.84,62,8.75,-9999
,09.04.2010,12.60099674,9.05,37,9.1,-9999
,10.04.2010,11.12852071,8.99,27,-9999,-9999
,11.04.2010,9.854262617,8.87,17,-9999,-9999
,12.04.2010,8.749905599,8.76,14,-9999,-9999
,13.04.2010,7.985350741,8.64,13,-9999,-9999
,14.04.2010,7.220795883,8.52,13,-9999,-9999
,15.04.2010,6.796043184,8.41,13,-9999,-9999
,16.04.2010,6.456241025,8.29,4,8.3,-9999
,17.04.2010,5.974854633,8.18,2,-9999,-9999
,18.04.2010,5.691686167,8.06,2,-9999,-9999
,19.04.2010,5.408517701,7.94,1,-9999,-9999
,20.04.2010,5.181982928,7.82,1,-9999,-9999
,21.04.2010,4.983765002,7.71,0,-9999,-9999
,22.04.2010,4.700596536,7.6,1,7.6,-9999
,23.04.2010,4.643962842,7.56,3,-9999,-9999
,24.04.2010,4.474061763,7.51,6,7.5,-9999
,25.04.2010,4.33247753,7.5,9,-9999,-9999
,26.04.2010,5.49346824,7.5,12,-9999,-9999
,27.04.2010,6.427924178,7.5,15,7.5,-9999
,28.04.2010,6.569508411,7.5,18,-9999,-9999
,29.04.2010,6.512874718,7.5,20,-9999,-9999
,30.04.2010,7.617231735,8.06,23,8,-9999
,01.05.2010,11.80812503,7.51,22,7.3,-9999
,02.05.2010,11.41168918,7.31,20,7.3,-9999
,03.05.2010,9.627727844,8.16,19,-9999,-9999
,04.05.2010,8.438420287,9.01,18,9.066666667,-9999
,05.05.2010,7.815449662,8.82,19,-9999,-9999
,06.05.2010,6.937627417,8.75,19,-9999,-9999
,07.05.2010,6.767726337,8.67,20,-9999,-9999
,08.05.2010,6.342973638,8.6,21,-9999,-9999
,09.05.2010,5.804953553,8.52,21,-9999,-9999
,10.05.2010,5.691686167,8.45,22,-9999,-9999
,11.05.2010,8.49505398,8.14,42,8.15,-9999
,12.05.2010,15.57426563,8.37,169,8.4,-9999
,13.05.2010,45.30695456,9.09,703,9.1,-9999
,14.05.2010,51.81982928,9.8,328,9.8,-9999
,15.05.2010,39.92675371,9.8,212,-9999,-9999
,16.05.2010,27.58060859,9.8,168,9.8,-9999
,17.05.2010,20.24654532,10.11,135,-9999,-9999
,18.05.2010,16.14060256,10.68,110,-9999,-9999
,19.05.2010,13.67703691,11.25,92,-9999,-9999
,20.05.2010,11.89307557,11.72,58,11.8,-9999
,21.05.2010,10.8170354,11.63,60,-9999,-9999
,22.05.2010,9.656044691,11.48,62,-9999,-9999
,23.05.2010,8.806539293,11.32,65,-9999,-9999
,24.05.2010,7.900400201,11.16,67,-9999,-9999
,25.05.2010,7.730499122,9.18,69,8,-9999
,26.05.2010,9.91089631,5,339,5,-9999
,27.05.2010,7.475647502,5.51,57,-9999,-9999
,28.05.2010,6.852676877,6.38,54,-9999,-9999
,29.05.2010,6.399607332,7.26,50,-9999,-9999
,30.05.2010,5.974854633,8.14,45,-9999,-9999
,31.05.2010,5.66336932,9.02,40,-9999,-9999
,01.06.2010,5.295250314,9.8,35,9.9,-9999
,02.06.2010,5.238616621,10,30,-9999,-9999
,03.06.2010,4.955448155,10.1,25,-9999,-9999
,04.06.2010,4.898814462,10.14,21,10.2,-9999
,05.06.2010,4.955448155,9.84,24,-9999,-9999
,06.06.2010,4.927131308,9.48,28,-9999,-9999
,07.06.2010,4.587329149,9.13,32,-9999,-9999
,08.06.2010,4.955448155,8.96,37,8.8,-9999
,09.06.2010,5.66336932,9.61,44,-9999,-9999
,10.06.2010,5.861587246,10.36,51,-9999,-9999
,11.06.2010,5.946537786,11.11,59,-9999,-9999
,12.06.2010,6.682775798,11.82,65,12,-9999
,13.06.2010,15.91406779,12,245,-9999,-9999
,14.06.2010,22.45525935,12,218,12,-9999
,15.06.2010,18.63248506,12,131,-9999,-9999
,16.06.2010,14.46990861,12.04,97,13.4,-9999
,17.06.2010,11.49663972,12.02,97,-9999,-9999
,18.06.2010,11.18515441,11.93,97,11.9,-9999
,19.06.2010,19.566941,11.9,207,-9999,-9999
,20.06.2010,21.2659518,11.9,170,-9999,-9999
,21.06.2010,15.34773086,12.07,112,11.9,-9999
,22.06.2010,12.26119458,13.23,97,13.7,-9999
,23.06.2010,10.61881748,11.89,98,-9999,-9999
,24.06.2010,15.34773086,10.81,181,10.8,-9999
,25.06.2010,13.62040321,10.77,126,10.8,-9999
,26.06.2010,17.41486066,9.32,229,9.3,-9999
,27.06.2010,35.11288978,9.3,347,-9999,-9999
,28.06.2010,45.02378609,9.3,261,9.3,-9999
,29.06.2010,49.83765002,9.3,189,-9999,-9999
,30.06.2010,40.49309064,9.3,120,-9999,-9999
,01.07.2010,27.32575697,9.66,103,9.8,-9999
,02.07.2010,18.49090083,9.43,97,-9999,-9999
,03.07.2010,13.76198745,8.5,90,-9999,-9999
,04.07.2010,13.3655516,7.61,85,7.4,-9999
,05.07.2010,26.73110319,7.4,205,-9999,-9999
,06.07.2010,22.14377404,7.52,117,11.13333333,-9999
,07.07.2010,17.01842481,9.98,106,9.95,-9999
,08.07.2010,16.56535526,12.35,146,-9999,-9999
,09.07.2010,14.35664123,12.2,119,-9999,-9999
,10.07.2010,11.32673864,12.05,91,-9999,-9999
,11.07.2010,9.372876225,11.9,64,-9999,-9999
,12.07.2010,8.211885514,11.75,32,-9999,-9999
,13.07.2010,7.503964349,11.6,30,-9999,-9999
,14.07.2010,6.796043184,11.45,24,-9999,-9999
,15.07.2010,6.031488326,11.31,21,11.3,-9999
,16.07.2010,5.691686167,11.19,30,-9999,-9999
,17.07.2010,5.351884007,11.08,36,-9999,-9999
,18.07.2010,5.49346824,10.97,35,-9999,-9999
,19.07.2010,4.813863922,10.86,27,-9999,-9999
,20.07.2010,4.360794376,10.75,21,-9999,-9999
,21.07.2010,3.992675371,10.64,16,-9999,-9999
,22.07.2010,35.11288978,3.98,678,3.3,-9999
,23.07.2010,76.45548582,3.99,349,4.2,-9999
,24.07.2010,71.92479036,3.57,168,3.3,-9999
,25.07.2010,61.73072559,4.56,123,-9999,-9999
,26.07.2010,48.13863922,5.91,116,-9999,-9999
,27.07.2010,36.81190058,7.03,118,7.3,-9999
,28.07.2010,26.56120211,6.59,114,-9999,-9999
,29.07.2010,19.36872307,5.86,109,-9999,8.25
,30.07.2010,22.28535827,5.26,187,5.2,7.56
,31.07.2010,37.09506905,5.2,196,-9999,8.3
,01.08.2010,35.67922672,5.2,117,-9999,9.84
,02.08.2010,25.06040924,5.75,89,5.2,9.76
,03.08.2010,20.72793171,8.03,77,8.4,9.61
,04.08.2010,19.51030731,8.64,73,-9999,10.37
,05.08.2010,15.97070148,8.18,71,8.9,10.65
,06.08.2010,12.96911574,2.77,69,0.15,10.34
,07.08.2010,11.15683756,1.4,64,-9999,10
,08.08.2010,9.91089631,3.5,52,-9999,-9999
,09.08.2010,13.93188853,4.48,235,4.7,-9999
,10.08.2010,14.69644339,4.27,105,5.116666667,-9999
,11.08.2010,48.98814462,2.9,686,2.9,-9999
,12.08.2010,40.7762591,5.23,251,5.15,-9999
,13.08.2010,30.29902586,7.28,188,-9999,-9999
,14.08.2010,21.03941702,7.15,138,-9999,-9999
,15.08.2010,15.88575094,7.03,81,-9999,-9999
,16.08.2010,12.77089782,6.91,59,-9999,-9999
,17.08.2010,10.59050063,6.82,48,6.8,8.69
,18.08.2010,9.287925685,6.85,36,-9999,8.73
,19.08.2010,8.126934974,6.89,33,-9999,8.81
,20.08.2010,7.220795883,6.93,28,-9999,8.74
,21.08.2010,6.399607332,6.98,21,-9999,8.56
,22.08.2010,5.606735627,7.02,16,-9999,8.38
,23.08.2010,4.927131308,7.06,17,-9999,8.19
,24.08.2010,4.445744916,6.95,17,7.1,8.01
,25.08.2010,4.020992217,6.24,20,-9999,7.77
,26.08.2010,3.652873211,5.47,24,-9999,7.51
,27.08.2010,3.398021592,4.7,28,-9999,7.21
,28.08.2010,3.114853126,3.92,32,-9999,6.95
,29.08.2010,2.860001507,3.15,36,-9999,6.64
,30.08.2010,2.576833041,2.38,40,-9999,6.25
,31.08.2010,2.576833041,1.63,43,1.3,5.71
,01.09.2010,5.238616621,2.72,140,3.3,4.71
,02.09.2010,3.851091138,1.78,43,1.3,5.59
,03.09.2010,3.539605825,1.49,41,1.3,6.03
,04.09.2010,3.114853126,2.23,38,-9999,6.14
,05.09.2010,2.9166352,3,35,-9999,6.32
,06.09.2010,2.74673412,3.77,32,-9999,6.3
,07.09.2010,2.66178358,4.54,29,-9999,6.16
,08.09.2010,2.406931961,5.18,26,5.3,6.06
,09.09.2010,2.321981421,5.09,23,-9999,5.92
,10.09.2010,2.265347728,4.92,21,4.9,5.72
,11.09.2010,2.152080342,4.92,19,-9999,5.71
,12.09.2010,2.123763495,4.94,17,-9999,5.64
,13.09.2010,2.095446648,4.96,15,-9999,5.6
,14.09.2010,2.038812955,4.98,13,-9999,5.6
,15.09.2010,1.982179262,4.94,12,5,5.54
,16.09.2010,1.925545569,4.58,14,-9999,5.54
,17.09.2010,1.925545569,4.18,16,-9999,5.59
,18.09.2010,2.038812955,3.78,18,3.6,5.38
,19.09.2010,3.964358524,3.6,20,-9999,5.25
,20.09.2010,4.757230229,3.6,22,-9999,7.1
,21.09.2010,4.587329149,3.6,24,-9999,7.93
,22.09.2010,4.530695456,3.6,27,-9999,8.3
,23.09.2010,4.502378609,3.6,29,-9999,8.45
,24.09.2010,4.927131308,6.36,30,5.266666667,8.56
,25.09.2010,6.427924178,6.47,27,6.3,8.89
,26.09.2010,8.976440372,6.3,24,-9999,9.46
,27.09.2010,9.033074065,6.3,21,6.3,10.26
,28.09.2010,7.900400201,6.3,18,-9999,10.46
,29.09.2010,6.937627417,7.11,15,6.3,10.49
,30.09.2010,6.173072559,8.75,12,-9999,10.44
,01.10.2010,5.521785087,10.13,10,10.3,10.31
,02.10.2010,5.040398695,10.22,10,-9999,10.19
,03.10.2010,4.700596536,10.14,10,-9999,10.1
,04.10.2010,4.445744916,10.06,10,-9999,10.02
,05.10.2010,4.24752699,9.98,10,-9999,9.94
,06.10.2010,4.049309064,9.87,10,9.9,9.81
,07.10.2010,3.851091138,9.45,9,-9999,9.68
,08.10.2010,3.681190058,8.96,8,-9999,9.5
,09.10.2010,3.511288978,8.48,7,-9999,9.34
,10.10.2010,3.369704745,7.99,6,-9999,9.15
,11.10.2010,3.228120512,7.5,4,-9999,8.98
,12.10.2010,3.086536279,7.12,3,7,8.84
,13.10.2010,2.9166352,7.49,2,-9999,8.73
,14.10.2010,2.803367813,8,1,-9999,8.67
,15.10.2010,2.74673412,8.44,1,8.5,8.66
,16.10.2010,2.690100427,8.47,7,-9999,8.63
,17.10.2010,2.576833041,8.45,13,-9999,8.61
,18.10.2010,2.491882501,8.42,20,-9999,8.56
,19.10.2010,2.406931961,8.38,25,8.4,8.42
,20.10.2010,2.321981421,8.24,22,-9999,8.36
,21.10.2010,2.265347728,8.09,19,-9999,8.23
,22.10.2010,2.180397188,7.94,16,-9999,8.09
,23.10.2010,2.180397188,7.8,13,-9999,7.89
,24.10.2010,2.180397188,7.65,10,-9999,7.73
,25.10.2010,2.123763495,7.5,6,-9999,7.72
,26.10.2010,2.180397188,7.35,3,-9999,7.56
,27.10.2010,2.123763495,7.22,0,7.2,7.5
,28.10.2010,1.953862415,7.22,0,-9999,7.58
,29.10.2010,1.840595029,7.24,0,-9999,7.58
,30.10.2010,1.783961336,7.27,0,-9999,7.52
,31.10.2010,1.783961336,7.29,0,-9999,7.47
,01.11.2010,1.755644489,7.31,0,-9999,7.39
,02.11.2010,1.727327643,7.33,0,-9999,7.36
,03.11.2010,1.670693949,7.36,0,-9999,7.28
,04.11.2010,1.670693949,7.38,0,7.4,7.21
,05.11.2010,1.642377103,7.37,0,-9999,7.27
,06.11.2010,1.614060256,7.2,3,-9999,7.35
,07.11.2010,1.58574341,7.01,6,-9999,7.32
,08.11.2010,1.58574341,6.82,9,6.8,7.2
,09.11.2010,1.557426563,6.69,13,-9999,7.07
,10.11.2010,1.557426563,6.56,16,-9999,6.88
,11.11.2010,1.50079287,6.44,19,-9999,6.75
,12.11.2010,2.038812955,6.39,21,6.3,6.24
,13.11.2010,7.532281196,7.05,17,-9999,6.89
,14.11.2010,21.91723927,7.88,11,-9999,-9999
,15.11.2010,18.66080191,8.71,5,-9999,-9999
,16.11.2010,13.25228421,9.45,1,9.5,-9999
,17.11.2010,10.64713432,9.74,0,-9999,12.55
,18.11.2010,8.749905599,9.97,0,-9999,12.26
,19.11.2010,7.787132815,10.2,0,-9999,12.03
,20.11.2010,6.965944264,10.43,0,-9999,11.93
,21.11.2010,6.371290485,10.65,0,-9999,11.73
,22.11.2010,6.031488326,10.88,0,-9999,11.64
,23.11.2010,5.351884007,11.05,0,11.1,-9999
,24.11.2010,4.898814462,10.93,0,-9999,-9999
,25.11.2010,4.360794376,10.77,0,-9999,-9999
,26.11.2010,2.576833041,10.61,0,-9999,-9999
,27.11.2010,3.114853126,10.45,0,-9999,-9999
,28.11.2010,3.454655285,10.29,0,-9999,-9999
,29.11.2010,2.944952046,10.13,0,-9999,-9999
,30.11.2010,2.152080342,9.97,0,-9999,-9999
,01.12.2010,0.934455938,9.83,0,9.8,-9999
,02.12.2010,2.321981421,9.87,0,-9999,-9999
,03.12.2010,2.152080342,9.96,0,-9999,-9999
,04.12.2010,2.265347728,10.04,1,-9999,-9999
,05.12.2010,1.840595029,10.12,1,-9999,-9999
,06.12.2010,2.378615114,10.18,1,10.2,-9999
,07.12.2010,3.511288978,10.11,1,-9999,-9999
,08.12.2010,3.228120512,10.01,1,-9999,-9999
,09.12.2010,3.624556365,9.92,2,-9999,-9999
,10.12.2010,3.426338439,9.83,2,-9999,-9999
,11.12.2010,2.860001507,9.74,2,-9999,-9999
,12.12.2010,1.41584233,9.64,2,-9999,-9999
,13.12.2010,0.877822245,9.55,3,-9999,-9999
,14.12.2010,1.41584233,9.46,3,-9999,-9999
,15.12.2010,1.699010796,9.36,3,-9999,-9999
,16.12.2010,1.444159177,9.27,3,-9999,-9999
,17.12.2010,1.160990711,9.18,3,-9999,-9999
,18.12.2010,1.019406478,9.09,4,-9999,-9999
,19.12.2010,0.821188551,8.99,4,-9999,-9999
,20.12.2010,1.642377103,8.9,4,-9999,-9999
,21.12.2010,1.160990711,8.81,4,-9999,-9999
,22.12.2010,1.50079287,8.71,5,-9999,-9999
,23.12.2010,2.038812955,8.62,5,-9999,-9999
,24.12.2010,1.189307557,8.53,5,-9999,-9999
,25.12.2010,1.359208637,8.44,5,-9999,-9999
,26.12.2010,1.444159177,8.34,5,-9999,-9999
,27.12.2010,1.019406478,8.25,6,-9999,-9999
,28.12.2010,1.359208637,8.16,6,-9999,-9999
,29.12.2010,1.812278182,8.07,6,-9999,-9999
,30.12.2010,2.321981421,7.97,6,-9999,-9999
,31.12.2010,1.897228722,7.88,6,-9999,-9999
,01.01.2011,1.444159177,7.79,7,-9999,-9999
,02.01.2011,1.529109716,7.69,7,-9999,-9999
,03.01.2011,1.897228722,7.6,7,-9999,-9999
,04.01.2011,1.699010796,7.51,7,-9999,-9999
,05.01.2011,2.152080342,7.42,8,-9999,-9999
,06.01.2011,2.605149887,7.32,8,-9999,-9999
,07.01.2011,2.095446648,7.23,8,-9999,-9999
,08.01.2011,1.614060256,7.14,8,-9999,-9999
,09.01.2011,1.274258097,7.04,8,-9999,-9999
,10.01.2011,2.265347728,6.95,9,-9999,-9999
,11.01.2011,2.010496109,6.86,9,-9999,-9999
,12.01.2011,1.444159177,6.77,9,-9999,-9999
,13.01.2011,1.33089179,6.67,9,-9999,-9999
,14.01.2011,1.529109716,6.58,9,-9999,-9999
,15.01.2011,1.50079287,6.49,10,-9999,-9999
,16.01.2011,1.444159177,6.39,10,-9999,-9999
,17.01.2011,1.699010796,6.3,10,-9999,-9999
,18.01.2011,1.33089179,6.21,10,-9999,-9999
,19.01.2011,1.076040171,6.12,11,-9999,-9999
,20.01.2011,1.019406478,6.02,11,-9999,-9999
,21.01.2011,1.019406478,5.93,11,-9999,-9999
,22.01.2011,1.33089179,5.84,11,-9999,-9999
,23.01.2011,0.934455938,5.74,11,-9999,-9999
,24.01.2011,1.104357017,5.65,12,-9999,-9999
,25.01.2011,0.849505398,5.56,12,-9999,-9999
,26.01.2011,1.302574944,5.47,12,-9999,-9999
,27.01.2011,1.387525483,5.37,12,-9999,-9999
,28.01.2011,1.472476023,5.28,12,-9999,-9999
,29.01.2011,1.217624404,5.19,13,-9999,-9999
,30.01.2011,1.076040171,5.1,13,-9999,-9999
,31.01.2011,1.160990711,5,13,-9999,-9999
,01.02.2011,1.047723324,4.91,13,-9999,-9999
,02.02.2011,0.821188551,4.82,14,-9999,-9999
,03.02.2011,0.707921165,4.72,14,-9999,-9999
,04.02.2011,1.076040171,4.63,14,-9999,-9999
,05.02.2011,0.877822245,4.54,14,-9999,-9999
,06.02.2011,1.160990711,4.45,14,-9999,-9999
,07.02.2011,1.047723324,4.35,15,-9999,-9999
,08.02.2011,0.877822245,4.26,15,-9999,-9999
,09.02.2011,1.019406478,4.17,15,-9999,-9999
,10.02.2011,0.453069546,4.07,15,-9999,-9999
,11.02.2011,0.707921165,3.98,15,-9999,-9999
,12.02.2011,0.849505398,3.89,16,-9999,-9999
,13.02.2011,0.991089631,3.8,16,-9999,-9999
,14.02.2011,0.877822245,3.73,16,3.7,-9999
,15.02.2011,5.691686167,3.89,16,-9999,-9999
,16.02.2011,12.26119458,4.08,17,-9999,-9999
,17.02.2011,23.47466583,4.28,17,-9999,-9999
,18.02.2011,22.65347728,4.47,17,-9999,-9999
,19.02.2011,16.73525634,4.67,17,-9999,-9999
,20.02.2011,17.9245639,4.86,17,-9999,-9999
,21.02.2011,21.57743711,5.06,18,-9999,-9999
,22.02.2011,15.54594878,5.25,18,-9999,-9999
,23.02.2011,11.86475873,5.45,18,-9999,-9999
,24.02.2011,8.438420287,5.64,18,-9999,-9999
,25.02.2011,5.436834547,5.84,19,-9999,-9999
,26.02.2011,5.465151394,6.04,19,-9999,-9999
,27.02.2011,5.181982928,6.23,19,-9999,-9999
,28.02.2011,4.728913382,6.43,19,-9999,-9999
,01.03.2011,4.360794376,6.62,19,-9999,-9999
,02.03.2011,3.029902586,6.82,20,-9999,-9999
,03.03.2011,3.964358524,7.01,20,-9999,-9999
,04.03.2011,3.766140598,7.21,20,-9999,7.9
,05.03.2011,2.775050967,7.4,20,-9999,7.68
,06.03.2011,2.860001507,7.6,20,-9999,7.42
,07.03.2011,3.284754206,7.74,21,7.8,7.62
,08.03.2011,2.690100427,7.5,21,-9999,7.42
,09.03.2011,2.74673412,7.19,21,-9999,6.78
,10.03.2011,2.690100427,6.67,22,6.9,6.71
,11.03.2011,2.9166352,5.17,22,4.7,6.6
,12.03.2011,4.530695456,4.7,121,-9999,6.56
,13.03.2011,3.936041677,4.7,58,-9999,7.26
,14.03.2011,3.029902586,4.7,39,-9999,7.22
,15.03.2011,3.029902586,4.93,30,4.7,7.14
,16.03.2011,3.058219433,5.86,31,-9999,7.23
,17.03.2011,3.426338439,6.84,33,-9999,7.17
,18.03.2011,4.16257645,7.85,35,7.9,7.71
,19.03.2011,4.24752699,9.18,46,-9999,8.69
,20.03.2011,4.445744916,10.58,88,-9999,9
,21.03.2011,9.486143611,11.3,257,11.3,11.61
,22.03.2011,10.27901532,11.3,207,-9999,14.01
,23.03.2011,10.87366909,11.3,135,-9999,13.24
,24.03.2011,14.04515591,11.3,347,-9999,14.51
,25.03.2011,10.36396586,12.13,133,12.36666667,13.9
,26.03.2011,8.49505398,12.65,121,-9999,13.29
,27.03.2011,7.24911273,12.41,106,-9999,12.97
,28.03.2011,6.229706252,12.17,91,-9999,12.66
,29.03.2011,5.550101934,11.93,76,-9999,12.32
,30.03.2011,5.012081848,11.69,61,-9999,12.03
,31.03.2011,4.728913382,11.45,46,-9999,11.89
,01.04.2011,4.559012303,11.22,33,11.2,11.79
,02.04.2011,4.24752699,11.1,31,-9999,-9999
,03.04.2011,4.049309064,11,32,-9999,-9999
,04.04.2011,4.020992217,10.88,33,10.9,-9999
,05.04.2011,3.482972132,10.6,34,-9999,11.22
,06.04.2011,3.284754206,10.3,35,-9999,11.15
,07.04.2011,3.058219433,9.99,35,-9999,10.97
,08.04.2011,2.944952046,9.69,35,9.7,10.44
,09.04.2011,2.775050967,9.46,28,-9999,10.23
,10.04.2011,2.74673412,9.24,21,-9999,9.94
,11.04.2011,2.548516194,9.02,14,-9999,-9999
,12.04.2011,2.265347728,8.8,7,-9999,9.21
,13.04.2011,2.123763495,8.37,2,8.6,9.06
,14.04.2011,2.095446648,7.83,7,-9999,8.89
,15.04.2011,2.180397188,7.48,14,-9999,8.75
,16.04.2011,2.690100427,7.12,21,-9999,8.52
,17.04.2011,3.652873211,1.6,27,0.5,9.55
,18.04.2011,4.219210143,2.69,34,0.5,10.55
,19.04.2011,5.521785087,9.3,41,10.6,10.32
,20.04.2011,16.33882049,9.76,49,-9999,-9999
,21.04.2011,20.67129802,10.32,56,-9999,-9999
,22.04.2011,15.54594878,10.87,64,-9999,-9999
,23.04.2011,12.68594728,11.54,72,11.3,14.01
,24.04.2011,10.42059955,12.52,80,-9999,13.72
,25.04.2011,9.146341452,13.51,88,14,13.25
,26.04.2011,20.61466432,14,95,-9999,12.28
,27.04.2011,33.41387899,14,103,-9999,16.24
,28.04.2011,27.0992222,14,111,-9999,16.43
,29.04.2011,19.05723776,13.96,116,14.03333333,15.41
,30.04.2011,15.03624554,13.37,105,-9999,14.89
,01.05.2011,12.20456088,12.64,91,-9999,14.61
,02.05.2011,10.0241637,12.04,77,11.9,14.26
,03.05.2011,8.66495506,12.25,62,-9999,14
,04.05.2011,7.758815968,12.61,48,-9999,13.84
,05.05.2011,7.220795883,12.97,34,-9999,13.67
,06.05.2011,6.796043184,13.23,22,13.3,13.52
,07.05.2011,6.314656792,13.04,18,-9999,13.32
,08.05.2011,5.8332704,12.81,15,-9999,13.12
,09.05.2011,5.465151394,12.57,12,-9999,12.82
,10.05.2011,5.295250314,12.34,10,-9999,12.6
,11.05.2011,4.927131308,11.95,8,12.1,12.37
,12.05.2011,4.672279689,10.67,13,-9999,11.96
,13.05.2011,4.530695456,9.23,19,-9999,11.88
,14.05.2011,5.436834547,7.98,25,7.8,12.17
,15.05.2011,6.144755712,7.8,31,-9999,12.79
,16.05.2011,7.815449662,7.8,37,-9999,14.12
,17.05.2011,7.900400201,8.4,42,11.3,15.19
,18.05.2011,7.07921165,8.74,40,-9999,14.8
,19.05.2011,6.399607332,9.68,37,-9999,14.42
,20.05.2011,6.229706252,10.61,34,-9999,13.63
,21.05.2011,6.880993724,11.54,31,-9999,12.92
,22.05.2011,7.645548582,12.48,28,-9999,13.38
,23.05.2011,7.702182275,13.5,28,13.4,14.12
,24.05.2011,7.220795883,14.98,37,-9999,14.1
,25.05.2011,9.429509918,16.27,61,16.4,12.95
,26.05.2011,25.65506302,16.4,296,-9999,17.21
,27.05.2011,32.28120512,16.4,315,-9999,20.29
,28.05.2011,24.09763646,16.4,187,-9999,19.18
,29.05.2011,17.4998112,16.36,239,16.4,18.2
,30.05.2011,14.21505699,16.14,159,15.9,17.54
,31.05.2011,11.58159026,15.91,117,-9999,17.23
,01.06.2011,9.882579463,15.72,103,-9999,17
,02.06.2011,9.174658298,15.53,92,-9999,16.39
,03.06.2011,8.3251529,15.35,89,-9999,16.4
,04.06.2011,7.475647502,15.17,82,-9999,16.31
,05.06.2011,6.711092644,14.98,73,-9999,16.07
,06.06.2011,6.286339945,14.74,60,14.8,15.9
,07.06.2011,5.8332704,13.94,71,14.2,15.81
,08.06.2011,5.323567161,12.55,80,-9999,15.6
,09.06.2011,5.040398695,11.26,79,-9999,15.06
,10.06.2011,10.50555009,8.1,212,8.1,14.16
,11.06.2011,12.34614512,8.1,111,-9999,16.92
,12.06.2011,10.50555009,8.1,76,-9999,17.82
,13.06.2011,8.919806679,8.67,66,8.1,17.45
,14.06.2011,7.900400201,12.71,62,-9999,17.04
,15.06.2011,17.9245639,16.12,382,16.3,16.43
,16.06.2011,30.86536279,16.3,369,-9999,20.58
,17.06.2011,21.94555612,17.42,204,17.7,20.72
,18.06.2011,14.69644339,17.53,150,-9999,20.03
,19.06.2011,11.15683756,16.92,124,-9999,19.36
,20.06.2011,9.174658298,16.36,93,-9999,18.76
,21.06.2011,22.71011097,12.1,611,12.1,15.44
,22.06.2011,27.83546021,12.1,247,-9999,18.62
,23.06.2011,19.96337685,12.67,144,12.1,19.29
,24.06.2011,15.09287924,17.56,101,18.5,19.21
,25.06.2011,12.43109566,18.38,79,-9999,19.06
,26.06.2011,10.70376801,18.26,56,-9999,18.67
,27.06.2011,11.97802611,18.13,75,-9999,17.55
,28.06.2011,12.62931358,17.97,50,18,18.36
,29.06.2011,10.64713432,17.47,48,-9999,18.78
,30.06.2011,8.834856139,16.88,45,-9999,18.51
,01.07.2011,7.532281196,16.29,42,-9999,18.1
,02.07.2011,6.399607332,15.7,39,-9999,17.61
,03.07.2011,5.550101934,15.11,36,-9999,17.05
,04.07.2011,4.955448155,14.52,33,-9999,16.6
,05.07.2011,4.474061763,13.95,31,13.9,16.34
,06.07.2011,4.049309064,13.6,28,-9999,15.93
,07.07.2011,3.681190058,13.28,25,13.3,15.49
,08.07.2011,3.313071052,12.93,23,-9999,-9999
,09.07.2011,3.00158574,12.59,22,-9999,-9999
,10.07.2011,2.775050967,12.24,20,-9999,-9999
,11.07.2011,2.83168466,11.89,19,-9999,11.98
,12.07.2011,2.548516194,11.55,17,-9999,12.06
,13.07.2011,2.265347728,11.2,15,-9999,12
,14.07.2011,2.038812955,10.79,15,10.9,11.67
,15.07.2011,1.868911876,10.11,17,-9999,11.25
,16.07.2011,1.699010796,9.41,19,-9999,10.77
,17.07.2011,1.557426563,8.71,22,-9999,10.07
,18.07.2011,1.387525483,8.01,24,-9999,9.36
,19.07.2011,1.274258097,7.31,26,-9999,8.47
,20.07.2011,1.189307557,6.62,29,-9999,7.47
,21.07.2011,1.189307557,5.88,31,5.9,6.44
,22.07.2011,1.444159177,1.34,31,-9999,5.69
,23.07.2011,1.783961336,0,31,-9999,5.17
,24.07.2011,1.557426563,0,31,-9999,5.45
,25.07.2011,1.274258097,2.91,30,5.1,5.41
,26.07.2011,1.132673864,4.91,30,-9999,5.07
,27.07.2011,1.019406478,4.72,27,-9999,4.62
,28.07.2011,1.444159177,4.53,126,-9999,4.25
,29.07.2011,1.387525483,4.34,66,-9999,4.65
,30.07.2011,1.189307557,4.16,37,-9999,4.72
,31.07.2011,1.076040171,3.97,27,-9999,4.44
,01.08.2011,0.962772784,3.68,28,3.733333333,3.91
,02.08.2011,0.877822245,3.35,33,-9999,3.36
,03.08.2011,0.792871705,3.1,38,-9999,2.87
,04.08.2011,0.736238012,2.84,43,-9999,2.51
,05.08.2011,0.736238012,2.59,48,-9999,2.43
,06.08.2011,0.736238012,2.33,53,-9999,2.28
,07.08.2011,0.707921165,2.08,59,-9999,2.03
,08.08.2011,0.707921165,1.82,64,-9999,1.85
,09.08.2011,0.679604318,1.57,69,-9999,1.7
,10.08.2011,0.622970625,1.33,72,1.3,1.55
,11.08.2011,0.566336932,1.16,62,-9999,1.34
,12.08.2011,0.538020085,1.02,50,-9999,1.21
,13.08.2011,0.509703239,0.87,37,-9999,1.03
,14.08.2011,0.481386392,0.73,24,-9999,0.92
,15.08.2011,0.453069546,0.6,14,0.6,0.87
,16.08.2011,0.424752699,0.57,14,-9999,0.81
,17.08.2011,0.424752699,0.54,14,-9999,0.78
,18.08.2011,0.396435852,0.51,14,-9999,0.76
,19.08.2011,0.396435852,0.48,15,-9999,0.74
,20.08.2011,0.396435852,0.45,15,-9999,0.7
,21.08.2011,0.368119006,0.42,15,-9999,0.67
,22.08.2011,0.368119006,0.39,16,-9999,0.63
,23.08.2011,0.396435852,0.36,16,-9999,0.62
,24.08.2011,0.396435852,0.33,16,-9999,0.62
,25.08.2011,0.368119006,0.31,17,0.3,0.62
,26.08.2011,0.368119006,0.33,17,-9999,0.62
,27.08.2011,0.396435852,0.35,17,-9999,0.6
,28.08.2011,0.368119006,0.37,17,-9999,0.64
,29.08.2011,0.368119006,0.4,17,0.4,0.7
,30.08.2011,0.424752699,0.4,16,-9999,0.72
,31.08.2011,0.453069546,0.4,16,-9999,0.76
,01.09.2011,0.396435852,0.4,16,-9999,0.74
,02.09.2011,0.396435852,0.41,16,0.4,0.69
,03.09.2011,0.679604318,0.87,16,1.3,0.83
,04.09.2011,0.538020085,1.3,15,-9999,0.91
,05.09.2011,0.283168466,1.3,15,-9999,0.92
,06.09.2011,0.226534773,1.01,15,0.966666667,0.96
,07.09.2011,0.201049611,0.7,16,-9999,0.77
,08.09.2011,0.186891188,0.6,17,-9999,0.58
,09.09.2011,0.175564449,0.5,17,-9999,0.52
,10.09.2011,0.167069395,0.4,18,-9999,0.48
,11.09.2011,0.158574341,0.32,19,-9999,0.44
,12.09.2011,0.152910972,0.26,20,-9999,0.4
,13.09.2011,0.141584233,0.21,21,-9999,0.38
,14.09.2011,0.135920864,0.16,22,0.15,0.37
,15.09.2011,0.130257494,0.18,20,-9999,0.37
,16.09.2011,0.133089179,0.21,18,-9999,0.37
,17.09.2011,0.12742581,0.24,17,-9999,0.37
,18.09.2011,0.135920864,0.27,15,-9999,0.41
,19.09.2011,0.150079287,0.29,13,0.3,0.4
,20.09.2011,0.130257494,0.29,12,-9999,0.36
,21.09.2011,0.113267386,0.27,11,-9999,0.29
,22.09.2011,0.113267386,0.26,10,-9999,0.24
,23.09.2011,0.107604017,0.25,9,-9999,0.21
,24.09.2011,0.101940648,0.23,8,-9999,0.21
,25.09.2011,0.107604017,0.22,7,-9999,0.23
,26.09.2011,0.116099071,0.2,6,-9999,0.25
,27.09.2011,0.124594125,0.19,5,-9999,0.26
,28.09.2011,0.12742581,0.18,4,-9999,0.22
,29.09.2011,0.110435702,0.16,3,-9999,0.22
,30.09.2011,0.087782224,0.15,3,0.15,0.21
,01.10.2011,0.07928717,0.15,3,-9999,0.23
,02.10.2011,0.07928717,0.15,5,-9999,0.24
,03.10.2011,0.07928717,0.15,6,0.15,0.24
,04.10.2011,0.07928717,0.15,7,-9999,0.22
,05.10.2011,0.076455486,0.15,8,-9999,0.2
,06.10.2011,0.073623801,0.15,9,-9999,0.2
,07.10.2011,0.073623801,0.15,11,0.15,0.19
,08.10.2011,0.067960432,0.11,18,-9999,0.19
,09.10.2011,0.067960432,0.08,25,-9999,0.2
,10.10.2011,0.073623801,0.04,33,-9999,0.21
,11.10.2011,0.087782224,0.08,39,0.15,0.19
,12.10.2011,0.124594125,0.15,36,-9999,0.19
,13.10.2011,0.257683304,0.15,31,-9999,0.2
,14.10.2011,0.283168466,0.15,26,-9999,0.18
,15.10.2011,0.232198142,0.15,22,-9999,0.19
,16.10.2011,0.263346673,0.15,17,-9999,0.17
,17.10.2011,0.21237635,0.15,12,-9999,0.18
,18.10.2011,0.184059503,0.15,7,-9999,0.19
,19.10.2011,0.181227818,0.15,3,0.15,0.2
,20.10.2011,0.172732764,0.15,5,-9999,0.19
,21.10.2011,0.172732764,0.15,8,-9999,0.18
,22.10.2011,0.16423771,0.15,12,-9999,0.15
,23.10.2011,0.161406026,0.15,15,-9999,0.12
,24.10.2011,0.161406026,0.15,19,-9999,0.12
,25.10.2011,0.161406026,0.15,22,-9999,0.13
,26.10.2011,0.161406026,0.15,25,-9999,0.14
,27.10.2011,0.158574341,0.15,29,-9999,0.16
,28.10.2011,0.155742656,0.15,32,0.15,0.17
,29.10.2011,0.152910972,0.15,30,-9999,0.17
,30.10.2011,0.161406026,0.15,27,-9999,0.18
,31.10.2011,0.167069395,0.15,24,-9999,0.15
,01.11.2011,0.144415918,0.14,21,0.15,0.14
,02.11.2011,0.155742656,0.07,18,-9999,0.17
,03.11.2011,0.203881296,0.11,15,0.15,0.17
,04.11.2011,0.167069395,0.14,12,-9999,0.14
,05.11.2011,0.150079287,0.14,10,-9999,0.14
,06.11.2011,0.141584233,0.13,7,-9999,0.15
,07.11.2011,0.135920864,0.13,5,-9999,0.13
,08.11.2011,0.223703088,0.12,3,-9999,0.13
,09.11.2011,0.877822245,0.02,1,0.4,0.45
,10.11.2011,0.821188551,0.03,4,-9999,0.84
,11.11.2011,0.594653779,0.27,8,-9999,1.25
,12.11.2011,0.453069546,0.55,12,-9999,1.55
,13.11.2011,0.396435852,0.83,16,-9999,1.53
,14.11.2011,0.339802159,1.11,20,-9999,1.68
,15.11.2011,0.311485313,1.39,24,-9999,1.85
,16.11.2011,0.283168466,1.64,27,1.7,1.69
,17.11.2011,0.266178358,1.61,29,-9999,1.47
,18.11.2011,0.263346673,1.51,30,-9999,1.34
,19.11.2011,0.269010043,1.4,31,-9999,1.29
,20.11.2011,0.260514989,1.3,33,-9999,1.26
,21.11.2011,0.252019935,1.2,33,1.2,1.2
,22.11.2011,0.254851619,1.12,32,-9999,1.1
,23.11.2011,0.254851619,1.05,29,-9999,1.03
,24.11.2011,0.246356565,0.97,27,-9999,0.94
,25.11.2011,0.243524881,0.9,25,-9999,0.83
,26.11.2011,0.263346673,0.82,23,-9999,0.81
,27.11.2011,0.252019935,0.75,21,-9999,0.78
,28.11.2011,0.229366457,0.67,19,-9999,0.75
,29.11.2011,0.226534773,0.62,16,0.6,-9999
,30.11.2011,0.218039719,0.69,14,-9999,-9999
,01.12.2011,0.220871403,0.77,12,-9999,-9999
,02.12.2011,0.226534773,0.85,9,-9999,-9999
,03.12.2011,0.311485313,0.93,7,-9999,-9999
,04.12.2011,0.481386392,1.01,5,-9999,-9999
,05.12.2011,0.368119006,1.09,2,1.1,-9999
,06.12.2011,0.201049611,1.16,2,-9999,-9999
,07.12.2011,0.218039719,1.21,2,-9999,-9999
,08.12.2011,0.246356565,1.27,2,-9999,-9999
,09.12.2011,0.20671298,1.33,2,-9999,-9999
,10.12.2011,0.215208034,1.39,2,-9999,-9999
,11.12.2011,0.226534773,1.45,2,-9999,-9999
,12.12.2011,0.240693196,1.51,2,-9999,-9999
,13.12.2011,0.283168466,1.57,2,-9999,-9999
,14.12.2011,0.651287472,1.62,2,-9999,-9999
,15.12.2011,0.594653779,1.68,2,-9999,-9999
,16.12.2011,0.481386392,1.74,2,-9999,-9999
,17.12.2011,0.538020085,1.8,2,-9999,-9999
,18.12.2011,0.453069546,1.86,2,-9999,-9999
,19.12.2011,0.481386392,1.92,2,-9999,-9999
,20.12.2011,0.339802159,1.97,2,-9999,-9999
,21.12.2011,0.396435852,2.03,2,-9999,-9999
,22.12.2011,0.254851619,2.09,2,-9999,-9999
,23.12.2011,0.215208034,2.15,2,-9999,-9999
,24.12.2011,0.240693196,2.21,2,-9999,-9999
,25.12.2011,0.280336781,2.27,2,-9999,-9999
,26.12.2011,0.283168466,2.33,2,-9999,-9999
,27.12.2011,0.283168466,2.38,2,-9999,-9999
,28.12.2011,0.277505097,2.44,2,-9999,-9999
,29.12.2011,0.339802159,2.5,2,-9999,-9999
,30.12.2011,0.481386392,2.56,2,-9999,-9999
,31.12.2011,0.594653779,2.62,2,-9999,-9999
,01.01.2012,0.453069546,2.68,2,-9999,-9999
,02.01.2012,0.311485313,2.74,1,-9999,-9999
,03.01.2012,0.283168466,2.79,1,-9999,-9999
,04.01.2012,0.396435852,2.85,1,-9999,-9999
,05.01.2012,0.396435852,2.91,1,-9999,-9999
,06.01.2012,0.481386392,2.97,1,-9999,-9999
,07.01.2012,0.396435852,3.03,1,-9999,-9999
,08.01.2012,0.339802159,3.09,1,-9999,-9999
,09.01.2012,0.453069546,3.14,1,-9999,-9999
,10.01.2012,0.424752699,3.19,1,3.2,-9999
,11.01.2012,0.396435852,3.18,1,-9999,-9999
,12.01.2012,0.368119006,3.17,1,-9999,-9999
,13.01.2012,0.311485313,3.15,1,-9999,-9999
,14.01.2012,0.269010043,3.14,1,-9999,-9999
,15.01.2012,0.368119006,3.13,1,-9999,-9999
,16.01.2012,0.424752699,3.11,1,-9999,-9999
,17.01.2012,0.368119006,3.1,1,-9999,-9999
,18.01.2012,0.339802159,3.08,1,-9999,-9999
,19.01.2012,0.339802159,3.07,1,-9999,-9999
,20.01.2012,0.240693196,3.05,1,-9999,-9999
,21.01.2012,0.178396134,3.04,1,-9999,-9999
,22.01.2012,0.215208034,3.02,1,-9999,-9999
,23.01.2012,0.246356565,3.01,1,-9999,-9999
,24.01.2012,0.277505097,2.99,1,-9999,-9999
,25.01.2012,0.396435852,2.98,1,-9999,-9999
,26.01.2012,0.453069546,2.96,1,-9999,-9999
,27.01.2012,0.368119006,2.95,1,-9999,-9999
,28.01.2012,0.396435852,2.93,1,-9999,-9999
,29.01.2012,0.368119006,2.92,1,-9999,-9999
,30.01.2012,0.509703239,2.9,1,-9999,-9999
,31.01.2012,0.509703239,2.89,1,-9999,-9999
,01.02.2012,0.453069546,2.87,1,-9999,-9999
,02.02.2012,0.396435852,2.86,1,-9999,-9999
,03.02.2012,0.339802159,2.84,1,-9999,-9999
,04.02.2012,0.396435852,2.83,1,-9999,-9999
,05.02.2012,0.339802159,2.81,1,-9999,-9999
,06.02.2012,0.311485313,2.8,1,2.8,-9999
,07.02.2012,0.368119006,2.75,1,-9999,-9999
,08.02.2012,0.339802159,2.7,1,-9999,-9999
,09.02.2012,0.396435852,2.65,1,-9999,-9999
,10.02.2012,0.339802159,2.6,1,-9999,-9999
,11.02.2012,0.311485313,2.55,1,-9999,-9999
,12.02.2012,0.311485313,2.5,1,-9999,-9999
,13.02.2012,0.339802159,2.45,1,-9999,-9999
,14.02.2012,0.396435852,2.4,1,-9999,-9999
,15.02.2012,0.453069546,2.35,1,-9999,-9999
,16.02.2012,0.396435852,2.3,1,-9999,-9999
,17.02.2012,0.481386392,2.25,0,-9999,-9999
,18.02.2012,0.424752699,2.2,0,-9999,-9999
,19.02.2012,0.396435852,2.15,0,-9999,-9999
,20.02.2012,0.424752699,2.1,0,-9999,-9999
,21.02.2012,0.453069546,2.05,0,-9999,-9999
,22.02.2012,0.424752699,2,0,-9999,-9999
,23.02.2012,0.453069546,1.95,0,-9999,-9999
,24.02.2012,0.424752699,1.94,1,1.9,-9999
,25.02.2012,0.339802159,2.18,3,-9999,-9999
,26.02.2012,0.424752699,2.46,5,-9999,-9999
,27.02.2012,0.424752699,2.74,7,-9999,-9999
,28.02.2012,0.538020085,3.02,9,-9999,-9999
,29.02.2012,1.104357017,3.3,12,-9999,-9999
,01.03.2012,1.727327643,3.58,14,-9999,-9999
,02.03.2012,1.557426563,3.86,16,-9999,-9999
,03.03.2012,1.302574944,4.05,26,4.1,-9999
,04.03.2012,0.934455938,4.05,59,1.7,-9999
,05.03.2012,1.019406478,3.7,56,-9999,-9999
,06.03.2012,1.132673864,5.02,41,4.366666667,-9999
,07.03.2012,1.104357017,4.51,30,4.5,-9999
,08.03.2012,1.302574944,4.39,32,-9999,-9999
,09.03.2012,1.189307557,4.29,36,-9999,-9999
,10.03.2012,1.019406478,4.19,40,-9999,-9999
,11.03.2012,0.934455938,4.09,43,-9999,-9999
,12.03.2012,1.189307557,3.99,47,-9999,-9999
,13.03.2012,1.274258097,3.88,49,3.9,-9999
,14.03.2012,1.274258097,3.74,47,-9999,-9999
,15.03.2012,1.189307557,3.6,45,-9999,-9999
,16.03.2012,1.132673864,3.45,43,-9999,-9999
,17.03.2012,1.047723324,3.31,40,-9999,-9999
,18.03.2012,0.991089631,3.16,38,-9999,-9999
,19.03.2012,0.962772784,3.02,35,-9999,-9999
,20.03.2012,1.076040171,2.88,33,-9999,-9999
,21.03.2012,1.24594125,2.73,31,-9999,-9999
,22.03.2012,1.302574944,2.67,29,2.6,-9999
,23.03.2012,1.50079287,2.97,30,-9999,-9999
,24.03.2012,1.642377103,3.3,31,-9999,-9999
,25.03.2012,1.614060256,3.64,33,-9999,-9999
,26.03.2012,1.472476023,3.98,34,-9999,-9999
,27.03.2012,1.359208637,4.32,36,-9999,-9999
,28.03.2012,1.24594125,4.66,37,-9999,-9999
,29.03.2012,1.189307557,4.95,37,5,-9999
,30.03.2012,1.359208637,4.99,26,-9999,-9999
,31.03.2012,1.274258097,3.3,14,0.6,-9999
,01.04.2012,1.217624404,0.6,12,-9999,-9999
,02.04.2012,1.160990711,0.6,12,-9999,-9999
,03.04.2012,1.104357017,2.72,13,2.35,-9999
,04.04.2012,0.991089631,4,18,-9999,-9999
,05.04.2012,0.934455938,3.91,22,3.9,-9999
,06.04.2012,0.906139091,3.9,20,-9999,-9999
,07.04.2012,0.906139091,3.9,18,-9999,-9999
,08.04.2012,0.877822245,3.9,15,-9999,-9999
,09.04.2012,0.849505398,3.9,13,-9999,-9999
,10.04.2012,0.821188551,3.91,13,3.9,-9999
,11.04.2012,0.764554858,3.95,25,-9999,-9999
,12.04.2012,0.792871705,3.99,39,-9999,-9999
,13.04.2012,0.821188551,4.04,53,-9999,-9999
,14.04.2012,0.991089631,4.08,68,4.1,-9999
,15.04.2012,2.973268893,4.11,97,6.2,-9999
,16.04.2012,3.624556365,4.11,97,-9999,-9999
,17.04.2012,3.228120512,7.75,206,7,-9999
,18.04.2012,2.83168466,9.9,276,-9999,-9999
,19.04.2012,2.973268893,9.9,276,-9999,-9999
,20.04.2012,6.286339945,9.9,276,-9999,-9999
,21.04.2012,6.739409491,9.9,276,-9999,-9999
,22.04.2012,5.74831986,9.9,276,-9999,-9999
,23.04.2012,4.728913382,9.9,276,-9999,-9999
,24.04.2012,4.190893297,13.11,146,12.9,-9999
,25.04.2012,3.907724831,14.46,87,-9999,-9999
,26.04.2012,3.567922672,14.47,80,-9999,-9999
,27.04.2012,3.199803666,14.47,74,-9999,-9999
,28.04.2012,3.341387899,14.47,67,-9999,-9999
,29.04.2012,3.341387899,14.47,61,-9999,-9999
,30.04.2012,3.709506905,14.48,54,-9999,-9999
,01.05.2012,3.851091138,14.48,48,-9999,-9999
,02.05.2012,9.033074065,20.93,605,22,-9999
,03.05.2012,27.01427166,22,678,-9999,-9999
,04.05.2012,23.38971529,22,678,26.6,-9999
,05.05.2012,15.82911725,22,676,-9999,-9999
,06.05.2012,12.65763043,22.13,144,-9999,-9999
,07.05.2012,12.31782827,22.15,132,22.2,-9999
,08.05.2012,9.939213157,21.31,121,-9999,-9999
,09.05.2012,8.353469747,20.38,109,-9999,-9999
,10.05.2012,7.220795883,19.63,98,19.4,-9999
,11.05.2012,6.427924178,20.06,87,20.2,-9999
,12.05.2012,5.606735627,19.99,80,-9999,-9999
,13.05.2012,5.012081848,19.77,73,-9999,-9999
,14.05.2012,4.757230229,19.55,66,-9999,-9999
,15.05.2012,4.502378609,19.34,60,-9999,-9999
,16.05.2012,4.07762591,19.12,53,-9999,-9999
,17.05.2012,3.794457444,18.91,46,-9999,-9999
,18.05.2012,3.596239518,18.69,40,-9999,-9999
,19.05.2012,3.567922672,18.47,33,-9999,-9999
,20.05.2012,3.426338439,18.26,26,-9999,-9999
,21.05.2012,3.228120512,18.04,20,-9999,-9999
,22.05.2012,3.086536279,17.83,13,-9999,-9999
,23.05.2012,3.114853126,17.61,6,-9999,-9999
,24.05.2012,3.114853126,17.39,1,17.4,-9999
,25.05.2012,3.256437359,17.18,0,-9999,-9999
,26.05.2012,3.228120512,16.97,0,-9999,-9999
,27.05.2012,3.256437359,16.76,0,-9999,-9999
,28.05.2012,3.313071052,16.55,0,-9999,-9999
,29.05.2012,3.114853126,16.34,0,-9999,-9999
,30.05.2012,2.803367813,16.13,0,-9999,-9999
,31.05.2012,2.463565654,15.92,0,-9999,-9999
,01.06.2012,2.350298268,15.68,0,15.7,-9999
,02.06.2012,2.293664575,15.28,3,-9999,-9999
,03.06.2012,2.208714035,14.85,6,-9999,-9999
,04.06.2012,2.123763495,14.49,9,14.4,-9999
,05.06.2012,2.010496109,14.65,12,-9999,-9999
,06.06.2012,1.925545569,14.84,15,14.9,-9999
,07.06.2012,1.840595029,14.69,14,-9999,-9999
,08.06.2012,1.727327643,14.47,13,-9999,-9999
,09.06.2012,1.58574341,14.26,11,-9999,-9999
,10.06.2012,1.557426563,14.04,10,-9999,-9999
,11.06.2012,1.642377103,13.83,9,-9999,-9999
,12.06.2012,1.472476023,13.6,8,13.6,-9999
,13.06.2012,1.41584233,13.28,10,-9999,-9999
,14.06.2012,1.359208637,12.93,13,-9999,-9999
,15.06.2012,1.41584233,12.58,16,-9999,-9999
,16.06.2012,1.614060256,12.24,19,-9999,-9999
,17.06.2012,1.642377103,11.89,22,-9999,-9999
,18.06.2012,1.557426563,11.54,25,-9999,-9999
,19.06.2012,1.444159177,11.25,29,11.2,-9999
,20.06.2012,1.359208637,11.08,31,-9999,-9999
,21.06.2012,1.670693949,10.89,29,-9999,-9999
,22.06.2012,1.670693949,10.02,90,0.4,-9999
,23.06.2012,2.237030881,0.4,374,-9999,-9999
,24.06.2012,1.925545569,0.4,374,-9999,-9999
,25.06.2012,1.840595029,0.79,197,0.4,-9999
,26.06.2012,1.727327643,3.06,14,-9999,-9999
,27.06.2012,1.557426563,5.57,10,-9999,-9999
,28.06.2012,1.41584233,8.09,5,-9999,-9999
,29.06.2012,1.217624404,10.12,4,10.6,-9999
,30.06.2012,1.047723324,9.27,7,-9999,-9999
,01.07.2012,0.906139091,7.94,8,-9999,-9999
,02.07.2012,0.821188551,6.61,9,-9999,-9999
,03.07.2012,0.453069546,5.36,10,5.3,-9999
,04.07.2012,0.396435852,4.54,10,-9999,-9999
,05.07.2012,0.368119006,3.78,9,-9999,-9999
,06.07.2012,0.311485313,3.03,9,-9999,-9999
,07.07.2012,0.246356565,2.28,8,-9999,-9999
,08.07.2012,0.218039719,1.52,8,-9999,-9999
,09.07.2012,0.20671298,0.82,7,0.7,-9999
,10.07.2012,0.195386242,0.53,7,-9999,-9999
,11.07.2012,0.184059503,0.34,6,-9999,-9999
,12.07.2012,0.161406026,0.17,6,0.15,-9999
,13.07.2012,0.155742656,0.12,5,-9999,-9999
,14.07.2012,0.152910972,0.09,4,-9999,-9999
,15.07.2012,0.155742656,0.06,2,-9999,-9999
,16.07.2012,0.147247602,0.03,1,-9999,-9999
,17.07.2012,0.135920864,0,1,-9999,-9999
,18.07.2012,0.12742581,0,4,-9999,-9999
,19.07.2012,0.12176244,0,8,-9999,-9999
,20.07.2012,0.113267386,0,12,-9999,-9999
,21.07.2012,0.113267386,0,16,-9999,-9999
,22.07.2012,0.113267386,0,19,-9999,-9999
,23.07.2012,0.107604017,0,22,-9999,-9999
,24.07.2012,0.107604017,0,20,-9999,-9999
,25.07.2012,0.096277278,0,18,-9999,-9999
,26.07.2012,0.104772332,0,15,-9999,-9999
,27.07.2012,0.101940648,0,13,-9999,-9999
,28.07.2012,0.118930756,0,10,-9999,-9999
,29.07.2012,0.161406026,0,7,-9999,-9999
,30.07.2012,0.195386242,0,5,-9999,-9999
,31.07.2012,0.175564449,0,6,-9999,-9999
,01.08.2012,0.155742656,0,6,-9999,-9999
,02.08.2012,0.135920864,0,7,-9999,-9999
,03.08.2012,0.116099071,0,8,-9999,-9999
,04.08.2012,0.178396134,0,9,-9999,-9999
,05.08.2012,0.150079287,0,10,-9999,-9999
,06.08.2012,0.116099071,0,11,-9999,-9999
,07.08.2012,0.110435702,0,11,-9999,-9999
,08.08.2012,0.087782224,0,12,-9999,-9999
,09.08.2012,0.073623801,0,13,-9999,-9999
,10.08.2012,0.059465378,0,14,-9999,-9999
,11.08.2012,0.053802009,0,15,-9999,-9999
,12.08.2012,0.056633693,0,16,-9999,-9999
,13.08.2012,0.067960432,0,16,-9999,-9999
,14.08.2012,0.062297063,0,17,-9999,-9999
,15.08.2012,0.056633693,0,17,-9999,-9999
,16.08.2012,0.050970324,0,16,-9999,-9999
,17.08.2012,0.04247527,0,16,-9999,-9999
,18.08.2012,0.033980216,0,16,-9999,-9999
,19.08.2012,0.025201993,0,15,-9999,-9999
,20.08.2012,0.018972287,0,15,-9999,-9999
,21.08.2012,0.016990108,0,15,-9999,-9999
,22.08.2012,0.016140603,0,14,-9999,-9999
,23.08.2012,0.015291097,0,14,-9999,-9999
,24.08.2012,0.014158423,0,14,-9999,-9999
,25.08.2012,0.015007929,0,14,-9999,-9999
,26.08.2012,0.016140603,0,14,-9999,-9999
,27.08.2012,0.019538624,0,14,-9999,-9999
,28.08.2012,0.016140603,0,14,-9999,-9999
,29.08.2012,0.013025749,0,14,-9999,-9999
,30.08.2012,0.010194065,0,13,-9999,-9999
,31.08.2012,0.008211886,0,13,-9999,-9999
,01.09.2012,0.007645549,0,13,-9999,-9999
,02.09.2012,0.007079212,0,13,-9999,-9999
,03.09.2012,0.00736238,0,13,-9999,-9999
,04.09.2012,0.007645549,0,13,-9999,-9999
,05.09.2012,0.016990108,0,12,-9999,-9999
,06.09.2012,0.01472476,0,12,-9999,-9999
,07.09.2012,0.031148531,0,14,-9999,-9999
,08.09.2012,0.031148531,0,16,-9999,-9999
,09.09.2012,0.019255456,0,18,-9999,-9999
,10.09.2012,0.011609907,0,19,-9999,-9999
,11.09.2012,0.008778222,0,21,-9999,-9999
,12.09.2012,0.007079212,0,23,-9999,-9999
,13.09.2012,0.012459413,0,24,-9999,-9999
,14.09.2012,0.015007929,0,22,-9999,-9999
,15.09.2012,0.011326739,0,19,-9999,-9999
,16.09.2012,0.010477233,0,16,-9999,-9999
,17.09.2012,0.010477233,0,13,-9999,-9999
,18.09.2012,0.010477233,0,11,-9999,-9999
,19.09.2012,0.009910896,0,8,-9999,-9999
,20.09.2012,0.008495054,0,7,-9999,-9999
,21.09.2012,0.007645549,0,7,-9999,-9999
,22.09.2012,0.005380201,0,7,-9999,-9999
,23.09.2012,0.004247527,0,6,-9999,-9999
,24.09.2012,0.004813864,0,6,-9999,-9999
,25.09.2012,0.005946538,0,6,-9999,-9999
,26.09.2012,0.003964359,0,5,-9999,-9999
,27.09.2012,0.002831685,0,6,-9999,-9999
,28.09.2012,0.002831685,0,6,-9999,-9999
,29.09.2012,0.002831685,0,7,-9999,-9999
,30.09.2012,0.002548516,0,7,-9999,-9999
,01.10.2012,0.003114853,0,8,-9999,-9999
,02.10.2012,0.00368119,0,8,-9999,-9999
,03.10.2012,0.004530695,0,9,-9999,-9999
,04.10.2012,0.005097032,0,9,-9999,-9999
,05.10.2012,0.005097032,0,9,-9999,-9999
,06.10.2012,0.007645549,0,9,-9999,-9999
,07.10.2012,0.010194065,0,9,-9999,-9999
,08.10.2012,0.007645549,0,9,-9999,-9999
,09.10.2012,0.015574266,0,8,-9999,-9999
,10.10.2012,0.011609907,0,8,-9999,-9999
,11.10.2012,0.020671298,0,8,-9999,-9999
,12.10.2012,0.018689119,0,7,-9999,-9999
,13.10.2012,0.12176244,0,5,-9999,-9999
,14.10.2012,0.339802159,0,3,-9999,-9999
,15.10.2012,0.218039719,0,2,-9999,-9999
,16.10.2012,0.147247602,0,1,-9999,-9999
,17.10.2012,0.110435702,0,2,-9999,-9999
,18.10.2012,0.096277278,0,4,-9999,-9999
,19.10.2012,0.073623801,0,6,-9999,-9999
,20.10.2012,0.065128747,0,8,-9999,-9999
,21.10.2012,0.067960432,0,9,-9999,-9999
,22.10.2012,0.082118855,0,11,-9999,-9999
,23.10.2012,0.048138639,0,13,-9999,-9999
,24.10.2012,0.045306955,0,15,-9999,-9999
,25.10.2012,0.065128747,0,17,-9999,-9999
,26.10.2012,0.065128747,0,18,-9999,-9999
,27.10.2012,0.062297063,0,18,-9999,-9999
,28.10.2012,0.059465378,0,17,-9999,-9999
,29.10.2012,0.062297063,0,17,-9999,-9999
,30.10.2012,0.065128747,0,17,-9999,-9999
,31.10.2012,0.062297063,0,16,-9999,-9999
,01.11.2012,0.067960432,0,16,-9999,-9999
,02.11.2012,0.073623801,0,14,-9999,-9999
,03.11.2012,0.076455486,0,12,-9999,-9999
,04.11.2012,0.090613909,0,10,-9999,-9999
,05.11.2012,0.107604017,0,7,-9999,-9999
,06.11.2012,0.113267386,0,6,-9999,-9999
,07.11.2012,0.116099071,0,5,-9999,-9999
,08.11.2012,0.110435702,0,4,-9999,-9999
,09.11.2012,0.110435702,0,4,-9999,-9999
,10.11.2012,0.110435702,0,3,-9999,-9999
,11.11.2012,0.138752548,0,3,-9999,-9999
,12.11.2012,0.110435702,0,2,-9999,-9999
,13.11.2012,0.101940648,0,2,-9999,-9999
,14.11.2012,0.110435702,0,1,-9999,-9999
,15.11.2012,0.101940648,0,1,-9999,-9999
,16.11.2012,0.101940648,0,0,-9999,-9999
,17.11.2012,0.099108963,0,0,-9999,-9999
,18.11.2012,0.087782224,0,0,-9999,-9999
,19.11.2012,0.073623801,0,0,-9999,-9999
,20.11.2012,0.070792117,0,0,-9999,-9999
,21.11.2012,0.070792117,0,0,-9999,-9999
,22.11.2012,0.067960432,0,0,-9999,-9999
,23.11.2012,0.065128747,0,0,-9999,-9999
,24.11.2012,0.056633693,0,0,-9999,-9999
,25.11.2012,0.059465378,0,0,-9999,-9999
,26.11.2012,0.065128747,0,0,-9999,-9999
,27.11.2012,0.056633693,0,0,-9999,-9999
,28.11.2012,0.059465378,0,0,-9999,-9999
,29.11.2012,0.065128747,0,0,-9999,-9999
,30.11.2012,0.065128747,0,0,-9999,-9999
,01.12.2012,0.070792117,0,0,-9999,-9999
,02.12.2012,0.076455486,0,0,-9999,-9999
,03.12.2012,0.07928717,0,0,-9999,-9999
,04.12.2012,0.067960432,0,0,-9999,-9999
,05.12.2012,0.059465378,0,0,-9999,-9999
,06.12.2012,0.08495054,0,0,-9999,-9999
,07.12.2012,0.08495054,0,0,-9999,-9999
,08.12.2012,0.08495054,0,0,-9999,-9999
,09.12.2012,0.082118855,0,0,-9999,-9999
,10.12.2012,0.056633693,0,0,-9999,-9999
,11.12.2012,0.073623801,0,0,-9999,-9999
,12.12.2012,0.082118855,0,0,-9999,-9999
,13.12.2012,0.093445594,0,0,-9999,-9999
,14.12.2012,0.093445594,0,0,-9999,-9999
,15.12.2012,0.12742581,0,0,-9999,-9999
,16.12.2012,0.135920864,0,0,-9999,-9999
,17.12.2012,0.12176244,0,0,-9999,-9999
,18.12.2012,0.110435702,0,0,-9999,-9999
,19.12.2012,0.130257494,0,0,-9999,-9999
,20.12.2012,0.099108963,0,0,-9999,-9999
,21.12.2012,0.059465378,0,0,-9999,-9999
,22.12.2012,0.067960432,0,0,-9999,-9999
,23.12.2012,0.087782224,0,0,-9999,-9999
,24.12.2012,0.073623801,0,0,-9999,-9999
,25.12.2012,0.04247527,0,0,-9999,-9999
,26.12.2012,0.050970324,0,0,-9999,-9999
,27.12.2012,0.053802009,0,0,-9999,-9999
,28.12.2012,0.059465378,0,0,-9999,-9999
,29.12.2012,0.050970324,0,0,-9999,-9999
,30.12.2012,0.048138639,0,0,-9999,-9999
,31.12.2012,0.04247527,0,0,-9999,-9999
