@T,climate ,
name,tmax ,
descr,max temperature ,
,,
missing_val,-9999,
date_start,21.11.2001,
date_end,14.02.2014,
date_format,dd.MM.yyyy ,
,,
tres,d ,
unit,C ,
,,
@H,date,tmax[1]
name,-,Drake
ID,-,1
elevation,-,1572
x,-,512701
y,-,4495474
,21.11.2001,13.82
,22.11.2001,12.76
,23.11.2001,6.45
,24.11.2001,9.04
,25.11.2001,-0.69
,26.11.2001,-0.93
,27.11.2001,-3.89
,28.11.2001,-5.09
,29.11.2001,2.83
,30.11.2001,5.73
,01.12.2001,4.84
,02.12.2001,12.27
,03.12.2001,16.73
,04.12.2001,6.78
,05.12.2001,7.26
,06.12.2001,13.33
,07.12.2001,5.73
,08.12.2001,6.05
,09.12.2001,11.79
,10.12.2001,4.28
,11.12.2001,7.59
,12.12.2001,-2.13
,13.12.2001,1.14
,14.12.2001,7.26
,15.12.2001,8.47
,16.12.2001,2.59
,17.12.2001,13.82
,18.12.2001,7.26
,19.12.2001,8.8
,20.12.2001,5.57
,21.12.2001,10.58
,22.12.2001,3.31
,23.12.2001,7.5
,24.12.2001,5.24
,25.12.2001,8.47
,26.12.2001,9.04
,27.12.2001,7.59
,28.12.2001,9.92
,29.12.2001,-0.61
,30.12.2001,-5.64
,31.12.2001,-0.05
,01.01.2002,-3.1
,02.01.2002,-3.82
,03.01.2002,11.55
,04.01.2002,5
,05.01.2002,2.83
,06.01.2002,5.73
,07.01.2002,17.21
,08.01.2002,16.53
,09.01.2002,12.12
,10.01.2002,2.59
,11.01.2002,11.79
,12.01.2002,9.59
,13.01.2002,5.73
,14.01.2002,0.58
,15.01.2002,-4.78
,16.01.2002,-3.58
,17.01.2002,-2.13
,18.01.2002,0.34
,19.01.2002,2.11
,20.01.2002,3.56
,21.01.2002,9.28
,22.01.2002,11.79
,23.01.2002,-1.41
,24.01.2002,0.43
,25.01.2002,11.46
,26.01.2002,12.27
,27.01.2002,14.54
,28.01.2002,2.11
,29.01.2002,1.14
,30.01.2002,-3.26
,31.01.2002,-1.17
,01.02.2002,2.83
,02.02.2002,5.09
,03.02.2002,6.05
,04.02.2002,8.8
,05.02.2002,3.8
,06.02.2002,11.79
,07.02.2002,10.25
,08.02.2002,10.25
,09.02.2002,0.82
,10.02.2002,7.02
,11.02.2002,17.6
,12.02.2002,0.1
,13.02.2002,9.52
,14.02.2002,7.98
,15.02.2002,10.34
,16.02.2002,11.79
,17.02.2002,16.48
,18.02.2002,11.55
,19.02.2002,9.76
,20.02.2002,11.21
,21.02.2002,9.76
,22.02.2002,19.01
,23.02.2002,21.43
,24.02.2002,7.42
,25.02.2002,-7.08
,26.02.2002,-5.81
,27.02.2002,1.06
,28.02.2002,8.23
,01.03.2002,-7.08
,02.03.2002,-11.53
,03.03.2002,-3.65
,04.03.2002,6.38
,05.03.2002,10
,06.03.2002,5.24
,07.03.2002,13.82
,08.03.2002,-0.69
,09.03.2002,3.56
,10.03.2002,12.03
,11.03.2002,13.82
,12.03.2002,18.76
,13.03.2002,10.25
,14.03.2002,-1.58
,15.03.2002,-0.13
,16.03.2002,4.28
,17.03.2002,5.81
,18.03.2002,5.33
,19.03.2002,8.8
,20.03.2002,16.24
,21.03.2002,-4.06
,22.03.2002,15.03
,23.03.2002,20.22
,24.03.2002,1.55
,25.03.2002,-1.17
,26.03.2002,14.06
,27.03.2002,18.18
,28.03.2002,19.63
,29.03.2002,11.55
,30.03.2002,12.76
,31.03.2002,17.69
,01.04.2002,23.48
,02.04.2002,-2.93
,03.04.2002,8.55
,04.04.2002,13.82
,05.04.2002,17.21
,06.04.2002,22.75
,07.04.2002,19.15
,08.04.2002,11.06
,09.04.2002,20.95
,10.04.2002,20.7
,11.04.2002,17.21
,12.04.2002,20.08
,13.04.2002,24.31
,14.04.2002,22.75
,15.04.2002,26.85
,16.04.2002,16.73
,17.04.2002,25.04
,18.04.2002,18.76
,19.04.2002,4.76
,20.04.2002,3.8
,21.04.2002,12.76
,22.04.2002,20.22
,23.04.2002,25.04
,24.04.2002,14.54
,25.04.2002,12.85
,26.04.2002,18.42
,27.04.2002,17.21
,28.04.2002,20.7
,29.04.2002,22.51
,30.04.2002,21.78
,01.05.2002,10.49
,02.05.2002,14.79
,03.05.2002,21.78
,04.05.2002,20.46
,05.05.2002,24.55
,06.05.2002,25.39
,07.05.2002,16.73
,08.05.2002,17.94
,09.05.2002,15.03
,10.05.2002,16.73
,11.05.2002,16.97
,12.05.2002,13.58
,13.05.2002,20.32
,14.05.2002,24.8
,15.05.2002,22.26
,16.05.2002,9.76
,17.05.2002,13.82
,18.05.2002,22.75
,19.05.2002,20.81
,20.05.2002,16.73
,21.05.2002,29.29
,22.05.2002,19.49
,23.05.2002,15.51
,24.05.2002,9.76
,25.05.2002,20.56
,26.05.2002,24.9
,27.05.2002,27.09
,28.05.2002,27.82
,29.05.2002,29.53
,30.05.2002,31.83
,31.05.2002,32.57
,01.06.2002,30.26
,02.06.2002,32.08
,03.06.2002,23.58
,04.06.2002,16.24
,05.06.2002,23.23
,06.06.2002,28.8
,07.06.2002,31.83
,08.06.2002,33.78
,09.06.2002,33.41
,10.06.2002,24.55
,11.06.2002,24.8
,12.06.2002,28.31
,13.06.2002,22.51
,14.06.2002,26.01
,15.06.2002,27.82
,16.06.2002,28.07
,17.06.2002,32.92
,18.06.2002,32.92
,19.06.2002,30.37
,20.06.2002,25.77
,21.06.2002,31.83
,22.06.2002,31.83
,23.06.2002,32.92
,24.06.2002,34.39
,25.06.2002,32.44
,26.06.2002,32.19
,27.06.2002,34.02
,28.06.2002,33.17
,29.06.2002,35.97
,30.06.2002,33.9
,01.07.2002,37.07
,02.07.2002,34.63
,03.07.2002,31.35
,04.07.2002,30.37
,05.07.2002,30.37
,06.07.2002,27.58
,07.07.2002,31.83
,08.07.2002,31.1
,09.07.2002,33.41
,10.07.2002,28.56
,11.07.2002,28.8
,12.07.2002,35.48
,13.07.2002,34.39
,14.07.2002,33.9
,15.07.2002,34.14
,16.07.2002,35.24
,17.07.2002,34.14
,18.07.2002,34.39
,19.07.2002,34.26
,20.07.2002,34.51
,21.07.2002,28.31
,22.07.2002,25.77
,23.07.2002,29.53
,24.07.2002,35.73
,25.07.2002,33.9
,26.07.2002,31.35
,27.07.2002,32.08
,28.07.2002,29.4
,29.07.2002,32.92
,30.07.2002,35.24
,31.07.2002,36.95
,01.08.2002,24.69
,02.08.2002,29.4
,03.08.2002,30.62
,04.08.2002,29.88
,05.08.2002,29.29
,06.08.2002,32.19
,07.08.2002,31.46
,08.08.2002,30.13
,09.08.2002,27.82
,10.08.2002,31.35
,11.08.2002,33.41
,12.08.2002,18.91
,13.08.2002,23.34
,14.08.2002,32.44
,15.08.2002,25.04
,16.08.2002,36.46
,17.08.2002,22.51
,18.08.2002,29.29
,19.08.2002,28.56
,20.08.2002,28.56
,21.08.2002,29.88
,22.08.2002,27.82
,23.08.2002,29.53
,24.08.2002,26.12
,25.08.2002,29.88
,26.08.2002,32.92
,27.08.2002,24.55
,28.08.2002,23.58
,29.08.2002,24.55
,30.08.2002,28.56
,31.08.2002,31.59
,01.09.2002,30.13
,02.09.2002,26.36
,03.09.2002,29.77
,04.09.2002,30.86
,05.09.2002,33.17
,06.09.2002,33.9
,07.09.2002,32.44
,08.09.2002,28.31
,09.09.2002,22.75
,10.09.2002,18.42
,11.09.2002,22.02
,12.09.2002,22.02
,13.09.2002,19.25
,14.09.2002,24.31
,15.09.2002,27.82
,16.09.2002,28.8
,17.09.2002,23.48
,18.09.2002,19.73
,19.09.2002,21.43
,20.09.2002,25.88
,21.09.2002,15.76
,22.09.2002,19.25
,23.09.2002,18.52
,24.09.2002,26.85
,25.09.2002,14.93
,26.09.2002,15.76
,27.09.2002,22.75
,28.09.2002,18.76
,29.09.2002,23.48
,30.09.2002,23.34
,01.10.2002,14.54
,02.10.2002,4.52
,03.10.2002,10.97
,04.10.2002,14.79
,05.10.2002,19.01
,06.10.2002,13.09
,07.10.2002,22.26
,08.10.2002,20.46
,09.10.2002,20.32
,10.10.2002,24.8
,11.10.2002,26.85
,12.10.2002,9.76
,13.10.2002,17.45
,14.10.2002,16
,15.10.2002,14.06
,16.10.2002,14.06
,17.10.2002,17.21
,18.10.2002,21.29
,19.10.2002,16.48
,20.10.2002,21.29
,21.10.2002,13.09
,22.10.2002,4.28
,23.10.2002,-3.17
,24.10.2002,-1.17
,25.10.2002,12.85
,26.10.2002,14.06
,27.10.2002,9.28
,28.10.2002,13.82
,29.10.2002,1.06
,30.10.2002,-7.56
,31.10.2002,-7.56
,01.11.2002,-6.05
,02.11.2002,-2.3
,03.11.2002,1.31
,04.11.2002,1.63
,05.11.2002,8.8
,06.11.2002,10.82
,07.11.2002,12.66
,08.11.2002,16.73
,09.11.2002,13.97
,10.11.2002,10
,11.11.2002,7.74
,12.11.2002,9.04
,13.11.2002,14.21
,14.11.2002,8.8
,15.11.2002,8.47
,16.11.2002,12.51
,17.11.2002,14.54
,18.11.2002,10.34
,19.11.2002,14.06
,20.11.2002,17.21
,21.11.2002,18.04
,22.11.2002,22.26
,23.11.2002,9.28
,24.11.2002,-1.89
,25.11.2002,-1.49
,26.11.2002,-1.58
,27.11.2002,7.26
,28.11.2002,11.3
,29.11.2002,12.51
,30.11.2002,5.33
,01.12.2002,11.21
,02.12.2002,12.76
,03.12.2002,-0.69
,04.12.2002,-0.45
,05.12.2002,7.26
,06.12.2002,8.8
,07.12.2002,7.5
,08.12.2002,4.76
,09.12.2002,10.34
,10.12.2002,12.61
,11.12.2002,8.55
,12.12.2002,3.8
,13.12.2002,13.33
,14.12.2002,13.09
,15.12.2002,15.66
,16.12.2002,10.25
,17.12.2002,9.52
,18.12.2002,2.35
,19.12.2002,1.87
,20.12.2002,3.8
,21.12.2002,5.24
,22.12.2002,4.04
,23.12.2002,-1.17
,24.12.2002,-0.37
,25.12.2002,1.14
,26.12.2002,2.11
,27.12.2002,12.03
,28.12.2002,10.4
,29.12.2002,16
,30.12.2002,7.02
,31.12.2002,10.25
,01.01.2003,7.02
,02.01.2003,10.82
,03.01.2003,17.69
,04.01.2003,9.28
,05.01.2003,10.73
,06.01.2003,8.8
,07.01.2003,16.48
,08.01.2003,19.01
,09.01.2003,2.83
,10.01.2003,-5.88
,11.01.2003,0.1
,12.01.2003,8.55
,13.01.2003,16.73
,14.01.2003,8.07
,15.01.2003,10.64
,16.01.2003,6.78
,17.01.2003,7.02
,18.01.2003,6.29
,19.01.2003,20.22
,20.01.2003,17.69
,21.01.2003,7.74
,22.01.2003,-5.16
,23.01.2003,8.14
,24.01.2003,8.8
,25.01.2003,11.79
,26.01.2003,10.25
,27.01.2003,17.94
,28.01.2003,9.19
,29.01.2003,8.8
,30.01.2003,15.76
,31.01.2003,18.91
,01.02.2003,22.51
,02.02.2003,14.69
,03.02.2003,0.82
,04.02.2003,1.87
,05.02.2003,-2.61
,06.02.2003,-7.08
,07.02.2003,-0.13
,08.02.2003,-0.13
,09.02.2003,0.34
,10.02.2003,7.74
,11.02.2003,7.02
,12.02.2003,9.76
,13.02.2003,7.5
,14.02.2003,11.7
,15.02.2003,1.31
,16.02.2003,5.73
,17.02.2003,10.73
,18.02.2003,6.78
,19.02.2003,8.07
,20.02.2003,9.76
,21.02.2003,10.73
,22.02.2003,7.74
,23.02.2003,-10.99
,24.02.2003,-14.05
,25.02.2003,-1.17
,26.02.2003,2.83
,27.02.2003,-0.45
,28.02.2003,-1.17
,01.03.2003,2.83
,02.03.2003,5.57
,03.03.2003,10.09
,04.03.2003,-0.21
,05.03.2003,5.81
,06.03.2003,13
,07.03.2003,15.51
,08.03.2003,16.73
,09.03.2003,13.58
,10.03.2003,17.31
,11.03.2003,18.52
,12.03.2003,19.25
,13.03.2003,21.78
,14.03.2003,23.34
,15.03.2003,20.08
,16.03.2003,18.04
,17.03.2003,9.76
,18.03.2003,0.51
,19.03.2003,2.83
,20.03.2003,6.38
,21.03.2003,10.49
,22.03.2003,11.55
,23.03.2003,18.76
,24.03.2003,8.23
,25.03.2003,10.09
,26.03.2003,18.18
,27.03.2003,5.24
,28.03.2003,4.76
,29.03.2003,6.69
,30.03.2003,16.24
,31.03.2003,21.53
,01.04.2003,23.82
,02.04.2003,22.99
,03.04.2003,13
,04.04.2003,8.07
,05.04.2003,8.95
,06.04.2003,3.07
,07.04.2003,6.21
,08.04.2003,13.24
,09.04.2003,22.02
,10.04.2003,23.72
,11.04.2003,23.82
,12.04.2003,26.12
,13.04.2003,26.12
,14.04.2003,24.8
,15.04.2003,22.26
,16.04.2003,16
,17.04.2003,19.49
,18.04.2003,17.69
,19.04.2003,12.51
,20.04.2003,14.79
,21.04.2003,19.73
,22.04.2003,18.52
,23.04.2003,10.73
,24.04.2003,7.42
,25.04.2003,12.76
,26.04.2003,22.26
,27.04.2003,16.73
,28.04.2003,17.21
,29.04.2003,17.45
,30.04.2003,15.27
,01.05.2003,14.3
,02.05.2003,17.55
,03.05.2003,24.31
,04.05.2003,19.25
,05.05.2003,17.45
,06.05.2003,16.48
,07.05.2003,18.28
,08.05.2003,15.03
,09.05.2003,8.47
,10.05.2003,8.23
,11.05.2003,13.48
,12.05.2003,21.05
,13.05.2003,24.07
,14.05.2003,22.75
,15.05.2003,18.76
,16.05.2003,24.8
,17.05.2003,29.77
,18.05.2003,24.8
,19.05.2003,9.28
,20.05.2003,16.48
,21.05.2003,24.31
,22.05.2003,25.15
,23.05.2003,24.8
,24.05.2003,22.02
,25.05.2003,22.26
,26.05.2003,24.55
,27.05.2003,28.8
,28.05.2003,27.58
,29.05.2003,34.88
,30.05.2003,29.88
,31.05.2003,22.51
,01.06.2003,23.58
,02.06.2003,23.82
,03.06.2003,18.66
,04.06.2003,13.48
,05.06.2003,16.48
,06.06.2003,17.45
,07.06.2003,17.45
,08.06.2003,23.34
,09.06.2003,26.74
,10.06.2003,24.8
,11.06.2003,26.85
,12.06.2003,25.77
,13.06.2003,21.05
,14.06.2003,24.8
,15.06.2003,28.07
,16.06.2003,26.85
,17.06.2003,23.1
,18.06.2003,20.46
,19.06.2003,23.96
,20.06.2003,23.82
,21.06.2003,28.31
,22.06.2003,25.28
,23.06.2003,22.85
,24.06.2003,14.79
,25.06.2003,19.01
,26.06.2003,24.8
,27.06.2003,28.07
,28.06.2003,30.13
,29.06.2003,23.82
,30.06.2003,30.62
,01.07.2003,34.88
,02.07.2003,35.24
,03.07.2003,35.97
,04.07.2003,34.51
,05.07.2003,34.88
,06.07.2003,34.14
,07.07.2003,30.75
,08.07.2003,37.44
,09.07.2003,29.4
,10.07.2003,34.39
,11.07.2003,32.44
,12.07.2003,31.83
,13.07.2003,38.29
,14.07.2003,34.75
,15.07.2003,31.83
,16.07.2003,38.78
,17.07.2003,36.46
,18.07.2003,34.88
,19.07.2003,32.08
,20.07.2003,33.17
,21.07.2003,37.93
,22.07.2003,29.53
,23.07.2003,34.63
,24.07.2003,38.54
,25.07.2003,35.97
,26.07.2003,33.9
,27.07.2003,30.62
,28.07.2003,27.34
,29.07.2003,27.34
,30.07.2003,29.53
,31.07.2003,34.27
,01.08.2003,29.53
,02.08.2003,32.44
,03.08.2003,31.83
,04.08.2003,33.66
,05.08.2003,31.59
,06.08.2003,35.97
,07.08.2003,33.05
,08.08.2003,30.86
,09.08.2003,32.08
,10.08.2003,32.44
,11.08.2003,32.68
,12.08.2003,32.68
,13.08.2003,32.08
,14.08.2003,30.37
,15.08.2003,31.1
,16.08.2003,32.68
,17.08.2003,28.8
,18.08.2003,25.63
,19.08.2003,30.37
,20.08.2003,36.71
,21.08.2003,30.62
,22.08.2003,33.9
,23.08.2003,32.44
,24.08.2003,32.08
,25.08.2003,31.35
,26.08.2003,30.37
,27.08.2003,32.44
,28.08.2003,29.4
,29.08.2003,24.8
,30.08.2003,15.51
,31.08.2003,21.19
,01.09.2003,26.61
,02.09.2003,28.31
,03.09.2003,22.51
,04.09.2003,26.85
,05.09.2003,30.02
,06.09.2003,27.82
,07.09.2003,23.23
,08.09.2003,27.58
,09.09.2003,23.23
,10.09.2003,20.81
,11.09.2003,19.73
,12.09.2003,26.61
,13.09.2003,16.97
,14.09.2003,18.52
,15.09.2003,27.09
,16.09.2003,29.53
,17.09.2003,22.99
,18.09.2003,14.3
,19.09.2003,20.56
,20.09.2003,24.8
,21.09.2003,22.26
,22.09.2003,23.58
,23.09.2003,30.86
,24.09.2003,18.76
,25.09.2003,28.8
,26.09.2003,24.07
,27.09.2003,21.29
,28.09.2003,18.52
,29.09.2003,17.31
,30.09.2003,8.8
,01.10.2003,17.21
,02.10.2003,20.22
,03.10.2003,20.32
,04.10.2003,21.78
,05.10.2003,24.9
,06.10.2003,24.9
,07.10.2003,26.85
,08.10.2003,26.85
,09.10.2003,27.82
,10.10.2003,27.82
,11.10.2003,15.51
,12.10.2003,24.9
,13.10.2003,17.69
,14.10.2003,16.73
,15.10.2003,20.7
,16.10.2003,20.7
,17.10.2003,29.04
,18.10.2003,27.82
,19.10.2003,27.82
,20.10.2003,26.36
,21.10.2003,29.88
,22.10.2003,28.56
,23.10.2003,29.77
,24.10.2003,17.69
,25.10.2003,10.34
,26.10.2003,16.73
,27.10.2003,21.43
,28.10.2003,12.51
,29.10.2003,26.85
,30.10.2003,3.56
,31.10.2003,-1.41
,01.11.2003,3.31
,02.11.2003,2.27
,03.11.2003,1.06
,04.11.2003,7.1
,05.11.2003,-0.69
,06.11.2003,4.04
,07.11.2003,7.83
,08.11.2003,9.85
,09.11.2003,11.3
,10.11.2003,16.97
,11.11.2003,15.27
,12.11.2003,7.66
,13.11.2003,12.51
,14.11.2003,13
,15.11.2003,11.79
,16.11.2003,9.04
,17.11.2003,11.55
,18.11.2003,14.06
,19.11.2003,19.49
,20.11.2003,19.98
,21.11.2003,1.31
,22.11.2003,-2.93
,23.11.2003,-4.13
,24.11.2003,6.78
,25.11.2003,1.38
,26.11.2003,6.05
,27.11.2003,2.59
,28.11.2003,5.81
,29.11.2003,19.73
,30.11.2003,13.15
,01.12.2003,6.05
,02.12.2003,16
,03.12.2003,7.74
,04.12.2003,4.2
,05.12.2003,0.82
,06.12.2003,13.15
,07.12.2003,15.76
,08.12.2003,5.73
,09.12.2003,1.06
,10.12.2003,-1.41
,11.12.2003,-0.37
,12.12.2003,0.58
,13.12.2003,8.23
,14.12.2003,9.92
,15.12.2003,4.76
,16.12.2003,3.07
,17.12.2003,13
,18.12.2003,6.29
,19.12.2003,10.58
,20.12.2003,12.57
,21.12.2003,9.52
,22.12.2003,4.76
,23.12.2003,9.28
,24.12.2003,9.76
,25.12.2003,9.76
,26.12.2003,7.5
,27.12.2003,2.83
,28.12.2003,1.55
,29.12.2003,5
,30.12.2003,10.49
,31.12.2003,6.78
,01.01.2004,10.49
,02.01.2004,8.14
,03.01.2004,-3.17
,04.01.2004,-7.02
,05.01.2004,-14.17
,06.01.2004,-9.25
,07.01.2004,3.72
,08.01.2004,9.28
,09.01.2004,8.07
,10.01.2004,12.85
,11.01.2004,9.85
,12.01.2004,10.34
,13.01.2004,12.27
,14.01.2004,11.79
,15.01.2004,12.03
,16.01.2004,9.67
,17.01.2004,9.37
,18.01.2004,2.83
,19.01.2004,5.73
,20.01.2004,1.87
,21.01.2004,5.81
,22.01.2004,5.57
,23.01.2004,16.73
,24.01.2004,8.8
,25.01.2004,6.78
,26.01.2004,0.1
,27.01.2004,7.74
,28.01.2004,8.8
,29.01.2004,7.26
,30.01.2004,11.55
,31.01.2004,0.99
,01.02.2004,-1.09
,02.02.2004,-0.85
,03.02.2004,0.82
,04.02.2004,-3.1
,05.02.2004,-3.17
,06.02.2004,2.11
,07.02.2004,0.58
,08.02.2004,2.11
,09.02.2004,2.83
,10.02.2004,4.52
,11.02.2004,-3.41
,12.02.2004,-5.81
,13.02.2004,9.04
,14.02.2004,5.81
,15.02.2004,8.55
,16.02.2004,9.52
,17.02.2004,11.3
,18.02.2004,15.76
,19.02.2004,8.71
,20.02.2004,8.8
,21.02.2004,8.8
,22.02.2004,8.8
,23.02.2004,9.85
,24.02.2004,9.52
,25.02.2004,13.82
,26.02.2004,15.51
,27.02.2004,12.76
,28.02.2004,5.24
,29.02.2004,1.55
,01.03.2004,7.74
,02.03.2004,6.78
,03.03.2004,8.8
,04.03.2004,9.04
,05.03.2004,5.81
,06.03.2004,12.76
,07.03.2004,16.24
,08.03.2004,20.56
,09.03.2004,19.73
,10.03.2004,12.66
,11.03.2004,11.79
,12.03.2004,17.79
,13.03.2004,16.73
,14.03.2004,12.66
,15.03.2004,12.76
,16.03.2004,16.73
,17.03.2004,20.56
,18.03.2004,19.25
,19.03.2004,26.61
,20.03.2004,15.42
,21.03.2004,15.51
,22.03.2004,23.82
,23.03.2004,20.7
,24.03.2004,23.1
,25.03.2004,22.26
,26.03.2004,25.28
,27.03.2004,12.76
,28.03.2004,10.73
,29.03.2004,18.52
,30.03.2004,20.08
,31.03.2004,24.55
,01.04.2004,25.77
,02.04.2004,15.51
,03.04.2004,6.05
,04.04.2004,17.79
,05.04.2004,20.95
,06.04.2004,18.28
,07.04.2004,15.76
,08.04.2004,15.76
,09.04.2004,6.45
,10.04.2004,1.87
,11.04.2004,10.73
,12.04.2004,8.8
,13.04.2004,20.56
,14.04.2004,22.99
,15.04.2004,20.81
,16.04.2004,22.75
,17.04.2004,25.04
,18.04.2004,20.46
,19.04.2004,18.76
,20.04.2004,18.04
,21.04.2004,8.71
,22.04.2004,5.24
,23.04.2004,9.76
,24.04.2004,18.42
,25.04.2004,16.73
,26.04.2004,22.51
,27.04.2004,26.85
,28.04.2004,25.39
,29.04.2004,3.07
,30.04.2004,5.24
,01.05.2004,16.73
,02.05.2004,22.99
,03.05.2004,27.82
,04.05.2004,25.53
,05.05.2004,32.08
,06.05.2004,30.86
,07.05.2004,29.88
,08.05.2004,28.31
,09.05.2004,28.91
,10.05.2004,25.53
,11.05.2004,28.07
,12.05.2004,8.55
,13.05.2004,5.49
,14.05.2004,16.73
,15.05.2004,19.49
,16.05.2004,24.55
,17.05.2004,19.73
,18.05.2004,22.51
,19.05.2004,27.34
,20.05.2004,21.53
,21.05.2004,26.85
,22.05.2004,17.94
,23.05.2004,25.77
,24.05.2004,19.73
,25.05.2004,13.48
,26.05.2004,24.31
,27.05.2004,25.77
,28.05.2004,27.58
,29.05.2004,21.05
,30.05.2004,16.97
,31.05.2004,23.23
,01.06.2004,22.51
,02.06.2004,23.82
,03.06.2004,29.53
,04.06.2004,28.56
,05.06.2004,27.82
,06.06.2004,33.66
,07.06.2004,36.95
,08.06.2004,26.12
,09.06.2004,21.57
,10.06.2004,27.34
,11.06.2004,22.99
,12.06.2004,22.75
,13.06.2004,30.5
,14.06.2004,26.85
,15.06.2004,30.37
,16.06.2004,16.73
,17.06.2004,13
,18.06.2004,9.76
,19.06.2004,16.73
,20.06.2004,21.92
,21.06.2004,14.3
,22.06.2004,22.51
,23.06.2004,25.53
,24.06.2004,21.78
,25.06.2004,24.31
,26.06.2004,20.7
,27.06.2004,20.22
,28.06.2004,22.75
,29.06.2004,26.01
,30.06.2004,24.8
,01.07.2004,25.28
,02.07.2004,28.8
,03.07.2004,29.53
,04.07.2004,28.31
,05.07.2004,26.85
,06.07.2004,24.55
,07.07.2004,34.14
,08.07.2004,33.9
,09.07.2004,32.08
,10.07.2004,29.77
,11.07.2004,34.39
,12.07.2004,35
,13.07.2004,36.95
,14.07.2004,30.86
,15.07.2004,32.92
,16.07.2004,24.07
,17.07.2004,28.8
,18.07.2004,32.19
,19.07.2004,31.95
,20.07.2004,34.39
,21.07.2004,32.92
,22.07.2004,22.26
,23.07.2004,14.21
,24.07.2004,15.03
,25.07.2004,22.75
,26.07.2004,27.34
,27.07.2004,26.85
,28.07.2004,23.23
,29.07.2004,28.56
,30.07.2004,28.56
,31.07.2004,33.41
,01.08.2004,35.24
,02.08.2004,32.92
,03.08.2004,32.81
,04.08.2004,31.1
,05.08.2004,28.91
,06.08.2004,31.1
,07.08.2004,32.57
,08.08.2004,27.82
,09.08.2004,24.07
,10.08.2004,28.31
,11.08.2004,23.34
,12.08.2004,25.15
,13.08.2004,26.12
,14.08.2004,27.82
,15.08.2004,29.29
,16.08.2004,29.88
,17.08.2004,30.86
,18.08.2004,22.99
,19.08.2004,15.76
,20.08.2004,22.26
,21.08.2004,25.28
,22.08.2004,28.07
,23.08.2004,28.8
,24.08.2004,27.82
,25.08.2004,28.8
,26.08.2004,21.78
,27.08.2004,16.73
,28.08.2004,21.78
,29.08.2004,26.85
,30.08.2004,28.56
,31.08.2004,28.8
,01.09.2004,29.04
,02.09.2004,32.44
,03.09.2004,28.56
,04.09.2004,21.78
,05.09.2004,22.02
,06.09.2004,23.82
,07.09.2004,27.58
,08.09.2004,29.64
,09.09.2004,30.62
,10.09.2004,26.36
,11.09.2004,29.64
,12.09.2004,30.02
,13.09.2004,26.85
,14.09.2004,24.8
,15.09.2004,20.81
,16.09.2004,29.88
,17.09.2004,30.86
,18.09.2004,32.08
,19.09.2004,28.8
,20.09.2004,26.12
,21.09.2004,7.74
,22.09.2004,13.82
,23.09.2004,20.22
,24.09.2004,21.05
,25.09.2004,22.26
,26.09.2004,24.07
,27.09.2004,22.02
,28.09.2004,15.27
,29.09.2004,22.85
,30.09.2004,12.76
,01.10.2004,8.71
,02.10.2004,20.7
,03.10.2004,21.78
,04.10.2004,20.08
,05.10.2004,18.04
,06.10.2004,14.21
,07.10.2004,22.75
,08.10.2004,19.01
,09.10.2004,23.34
,10.10.2004,20.22
,11.10.2004,16
,12.10.2004,22.26
,13.10.2004,10.97
,14.10.2004,20.81
,15.10.2004,7.74
,16.10.2004,19.01
,17.10.2004,21.19
,18.10.2004,19.15
,19.10.2004,15.03
,20.10.2004,17.94
,21.10.2004,19.73
,22.10.2004,15.03
,23.10.2004,16.48
,24.10.2004,16.73
,25.10.2004,14.06
,26.10.2004,15.76
,27.10.2004,14.06
,28.10.2004,19.73
,29.10.2004,10.97
,30.10.2004,13.33
,31.10.2004,11.79
,01.11.2004,2.83
,02.11.2004,10.25
,03.11.2004,16.24
,04.11.2004,8.55
,05.11.2004,21.05
,06.11.2004,22.85
,07.11.2004,18.76
,08.11.2004,18.28
,09.11.2004,17.45
,10.11.2004,9.19
,11.11.2004,4.76
,12.11.2004,7.02
,13.11.2004,4.76
,14.11.2004,6.29
,15.11.2004,13.58
,16.11.2004,16
,17.11.2004,14.21
,18.11.2004,9.52
,19.11.2004,12.51
,20.11.2004,-0.69
,21.11.2004,-0.85
,22.11.2004,12.03
,23.11.2004,2.35
,24.11.2004,5
,25.11.2004,11.79
,26.11.2004,7.98
,27.11.2004,-1.17
,28.11.2004,-4.13
,29.11.2004,-4.54
,30.11.2004,-1.09
,01.12.2004,-0.61
,02.12.2004,-1.33
,03.12.2004,4.76
,04.12.2004,6.29
,05.12.2004,3.8
,06.12.2004,4.84
,07.12.2004,3.8
,08.12.2004,6.78
,09.12.2004,8.8
,10.12.2004,15.51
,11.12.2004,20.7
,12.12.2004,12.42
,13.12.2004,2.11
,14.12.2004,4.76
,15.12.2004,9.04
,16.12.2004,7.02
,17.12.2004,12.42
,18.12.2004,9.28
,19.12.2004,12.85
,20.12.2004,11.3
,21.12.2004,2.35
,22.12.2004,-5.09
,23.12.2004,-10.45
,24.12.2004,5.73
,25.12.2004,8.47
,26.12.2004,10.73
,27.12.2004,10.73
,28.12.2004,12.03
,29.12.2004,7.98
,30.12.2004,10.82
,31.12.2004,10
,01.01.2005,5.33
,02.01.2005,2.35
,03.01.2005,-0.13
,04.01.2005,-2.93
,05.01.2005,-14.59
,06.01.2005,-1.17
,07.01.2005,-4.13
,08.01.2005,7.98
,09.01.2005,13.82
,10.01.2005,7.17
,11.01.2005,1.31
,12.01.2005,3.8
,13.01.2005,0.82
,14.01.2005,-6.12
,15.01.2005,-5.81
,16.01.2005,-0.37
,17.01.2005,7.5
,18.01.2005,17.21
,19.01.2005,16
,20.01.2005,19.73
,21.01.2005,17.69
,22.01.2005,2.35
,23.01.2005,16.82
,24.01.2005,15.76
,25.01.2005,16.24
,26.01.2005,8.8
,27.01.2005,7.1
,28.01.2005,7.26
,29.01.2005,7.59
,30.01.2005,4.76
,31.01.2005,4.28
,01.02.2005,6.05
,02.02.2005,9.52
,03.02.2005,13.33
,04.02.2005,14.79
,05.02.2005,12.85
,06.02.2005,0.51
,07.02.2005,-1.17
,08.02.2005,0.18
,09.02.2005,5.57
,10.02.2005,11.06
,11.02.2005,12.85
,12.02.2005,16.48
,13.02.2005,14.54
,14.02.2005,16.48
,15.02.2005,0.02
,16.02.2005,1.14
,17.02.2005,7.26
,18.02.2005,5.81
,19.02.2005,14.06
,20.02.2005,13.24
,21.02.2005,13.82
,22.02.2005,6.53
,23.02.2005,8.8
,24.02.2005,10.82
,25.02.2005,11.55
,26.02.2005,12.12
,27.02.2005,9.13
,28.02.2005,9.52
,01.03.2005,12.27
,02.03.2005,12.27
,03.03.2005,14.79
,04.03.2005,16
,05.03.2005,15.51
,06.03.2005,19.01
,07.03.2005,14.3
,08.03.2005,10.25
,09.03.2005,19.98
,10.03.2005,11.79
,11.03.2005,20.32
,12.03.2005,17.94
,13.03.2005,0.1
,14.03.2005,-0.61
,15.03.2005,5.33
,16.03.2005,11.06
,17.03.2005,13
,18.03.2005,7.02
,19.03.2005,14.54
,20.03.2005,14.54
,21.03.2005,9.76
,22.03.2005,11.39
,23.03.2005,7.5
,24.03.2005,3.31
,25.03.2005,0.1
,26.03.2005,8.31
,27.03.2005,16.73
,28.03.2005,22.51
,29.03.2005,11.55
,30.03.2005,11.06
,31.03.2005,8.47
,01.04.2005,17.55
,02.04.2005,19.25
,03.04.2005,22.51
,04.04.2005,20.81
,05.04.2005,12.51
,06.04.2005,18.04
,07.04.2005,22.26
,08.04.2005,20.95
,09.04.2005,15.27
,10.04.2005,4.76
,11.04.2005,12.76
,12.04.2005,18.28
,13.04.2005,18.52
,14.04.2005,20.81
,15.04.2005,12.36
,16.04.2005,19.01
,17.04.2005,24.07
,18.04.2005,24.8
,19.04.2005,19.49
,20.04.2005,8.23
,21.04.2005,15.27
,22.04.2005,13.48
,23.04.2005,16.73
,24.04.2005,10.73
,25.04.2005,14.79
,26.04.2005,18.18
,27.04.2005,11.55
,28.04.2005,0.02
,29.04.2005,-0.61
,30.04.2005,4.28
,01.05.2005,5
,02.05.2005,10.34
,03.05.2005,15.03
,04.05.2005,19.83
,05.05.2005,23.34
,06.05.2005,23.58
,07.05.2005,15.03
,08.05.2005,18.52
,09.05.2005,22.99
,10.05.2005,22.99
,11.05.2005,8.71
,12.05.2005,13.72
,13.05.2005,18.66
,14.05.2005,20.22
,15.05.2005,23.1
,16.05.2005,25.63
,17.05.2005,20.95
,18.05.2005,24.31
,19.05.2005,29.4
,20.05.2005,33.41
,21.05.2005,31.7
,22.05.2005,30.37
,23.05.2005,30.02
,24.05.2005,26.36
,25.05.2005,20.81
,26.05.2005,19.25
,27.05.2005,22.85
,28.05.2005,25.88
,29.05.2005,12.76
,30.05.2005,8.23
,31.05.2005,20.46
,01.06.2005,26.85
,02.06.2005,19.73
,03.06.2005,18.76
,04.06.2005,15.27
,05.06.2005,22.75
,06.06.2005,28.8
,07.06.2005,25.28
,08.06.2005,24.55
,09.06.2005,20.81
,10.06.2005,14.21
,11.06.2005,19.98
,12.06.2005,15.76
,13.06.2005,21.29
,14.06.2005,22.26
,15.06.2005,28.56
,16.06.2005,27.09
,17.06.2005,30.13
,18.06.2005,29.88
,19.06.2005,31.83
,20.06.2005,31.83
,21.06.2005,30.62
,22.06.2005,32.92
,23.06.2005,30.37
,24.06.2005,27.09
,25.06.2005,29.29
,26.06.2005,29.4
,27.06.2005,30.86
,28.06.2005,31.83
,29.06.2005,28.31
,30.06.2005,26.36
,01.07.2005,31.1
,02.07.2005,32.44
,03.07.2005,28.31
,04.07.2005,27.58
,05.07.2005,30.37
,06.07.2005,32.44
,07.07.2005,34.14
,08.07.2005,35.97
,09.07.2005,35.24
,10.07.2005,34.02
,11.07.2005,33.17
,12.07.2005,33.17
,13.07.2005,33.41
,14.07.2005,35.97
,15.07.2005,33.66
,16.07.2005,35.97
,17.07.2005,27.58
,18.07.2005,30.13
,19.07.2005,37.19
,20.07.2005,37.56
,21.07.2005,39.27
,22.07.2005,37.44
,23.07.2005,39.03
,24.07.2005,31.95
,25.07.2005,30.62
,26.07.2005,19.25
,27.07.2005,28.07
,28.07.2005,32.92
,29.07.2005,35.73
,30.07.2005,35.97
,31.07.2005,32.92
,01.08.2005,33.9
,02.08.2005,33.66
,03.08.2005,30.86
,04.08.2005,16.24
,05.08.2005,24.8
,06.08.2005,32.19
,07.08.2005,32.19
,08.08.2005,33.41
,09.08.2005,30.86
,10.08.2005,26.99
,11.08.2005,29.53
,12.08.2005,22.75
,13.08.2005,15.18
,14.08.2005,22.26
,15.08.2005,27.82
,16.08.2005,27.82
,17.08.2005,30.62
,18.08.2005,30.86
,19.08.2005,30.62
,20.08.2005,30.86
,21.08.2005,29.15
,22.08.2005,27.58
,23.08.2005,27.58
,24.08.2005,31.35
,25.08.2005,30.86
,26.08.2005,31.59
,27.08.2005,31.35
,28.08.2005,31.35
,29.08.2005,32.44
,30.08.2005,35
,31.08.2005,21.78
,01.09.2005,27.82
,02.09.2005,30.86
,03.09.2005,32.92
,04.09.2005,31.35
,05.09.2005,31.83
,06.09.2005,24.07
,07.09.2005,31.1
,08.09.2005,31.59
,09.09.2005,31.1
,10.09.2005,29.88
,11.09.2005,30.13
,12.09.2005,29.04
,13.09.2005,18.28
,14.09.2005,20.81
,15.09.2005,24.8
,16.09.2005,26.36
,17.09.2005,28.8
,18.09.2005,23.82
,19.09.2005,25.63
,20.09.2005,30.37
,21.09.2005,27.82
,22.09.2005,17.79
,23.09.2005,25.63
,24.09.2005,18.76
,25.09.2005,19.73
,26.09.2005,23.1
,27.09.2005,28.07
,28.09.2005,15.66
,29.09.2005,20.46
,30.09.2005,29.4
,01.10.2005,29.15
,02.10.2005,29.88
,03.10.2005,25.77
,04.10.2005,11.7
,05.10.2005,15.03
,06.10.2005,11.06
,07.10.2005,18.28
,08.10.2005,24.55
,09.10.2005,11.7
,10.10.2005,3.31
,11.10.2005,9.28
,12.10.2005,16.73
,13.10.2005,19.73
,14.10.2005,22.26
,15.10.2005,21.78
,16.10.2005,25.04
,17.10.2005,23.34
,18.10.2005,24.55
,19.10.2005,8.71
,20.10.2005,20.22
,21.10.2005,12.76
,22.10.2005,15.27
,23.10.2005,8.8
,24.10.2005,19.73
,25.10.2005,19.25
,26.10.2005,19.25
,27.10.2005,16.48
,28.10.2005,18.52
,29.10.2005,13.82
,30.10.2005,9.04
,31.10.2005,10.82
,01.11.2005,18.42
,02.11.2005,20.46
,03.11.2005,19.98
,04.11.2005,15.03
,05.11.2005,10
,06.11.2005,14.06
,07.11.2005,16.97
,08.11.2005,22.99
,09.11.2005,10.34
,10.11.2005,18.76
,11.11.2005,20.22
,12.11.2005,14.06
,13.11.2005,5
,14.11.2005,9.76
,15.11.2005,1.79
,16.11.2005,4.36
,17.11.2005,6.78
,18.11.2005,13.58
,19.11.2005,8.23
,20.11.2005,16.97
,21.11.2005,16.24
,22.11.2005,14.06
,23.11.2005,16.48
,24.11.2005,11.79
,25.11.2005,14.06
,26.11.2005,15.27
,27.11.2005,3.8
,28.11.2005,1.55
,29.11.2005,3.56
,30.11.2005,2.83
,01.12.2005,1.06
,02.12.2005,12.76
,03.12.2005,3.8
,04.12.2005,0.82
,05.12.2005,2.27
,06.12.2005,-1.65
,07.12.2005,-15.31
,08.12.2005,-4.06
,09.12.2005,1.38
,10.12.2005,6.05
,11.12.2005,8.8
,12.12.2005,9.85
,13.12.2005,10.25
,14.12.2005,1.31
,15.12.2005,1.87
,16.12.2005,-4.85
,17.12.2005,-9.49
,18.12.2005,-10.62
,19.12.2005,1.55
,20.12.2005,4.76
,21.12.2005,12.51
,22.12.2005,16.24
,23.12.2005,13.97
,24.12.2005,9.04
,25.12.2005,15.76
,26.12.2005,13.82
,27.12.2005,11.79
,28.12.2005,12.27
,29.12.2005,9.52
,30.12.2005,4.76
,31.12.2005,14.54
,01.01.2006,11.55
,02.01.2006,13.58
,03.01.2006,12.27
,04.01.2006,9.43
,05.01.2006,11.79
,06.01.2006,20.22
,07.01.2006,19.73
,08.01.2006,10.25
,09.01.2006,6.05
,10.01.2006,9.67
,11.01.2006,15.76
,12.01.2006,7.66
,13.01.2006,8.8
,14.01.2006,15.76
,15.01.2006,14.06
,16.01.2006,2.03
,17.01.2006,8.23
,18.01.2006,14.79
,19.01.2006,2.51
,20.01.2006,4.28
,21.01.2006,5.81
,22.01.2006,3.8
,23.01.2006,7.83
,24.01.2006,12.85
,25.01.2006,11.79
,26.01.2006,11.46
,27.01.2006,8.31
,28.01.2006,5.81
,29.01.2006,5
,30.01.2006,8.07
,31.01.2006,13.48
,01.02.2006,10.34
,02.02.2006,7.74
,03.02.2006,7.74
,04.02.2006,7.5
,05.02.2006,6.45
,06.02.2006,6.62
,07.02.2006,10.82
,08.02.2006,17.45
,09.02.2006,12.66
,10.02.2006,-2.85
,11.02.2006,4.76
,12.02.2006,12.76
,13.02.2006,12.61
,14.02.2006,15.27
,15.02.2006,-3.41
,16.02.2006,-7.74
,17.02.2006,-14.89
,18.02.2006,-16.03
,19.02.2006,-8.39
,20.02.2006,2.83
,21.02.2006,4.04
,22.02.2006,5.81
,23.02.2006,10.82
,24.02.2006,13.58
,25.02.2006,4.84
,26.02.2006,14.3
,27.02.2006,21.78
,28.02.2006,20.7
,01.03.2006,15.66
,02.03.2006,12.85
,03.03.2006,14.54
,04.03.2006,18.52
,05.03.2006,15.76
,06.03.2006,17.21
,07.03.2006,17.18
,08.03.2006,7.41
,09.03.2006,3.526
,10.03.2006,-0.222
,11.03.2006,1.788
,12.03.2006,-0.692
,13.03.2006,2.661
,14.03.2006,10.02
,15.03.2006,14.11
,16.03.2006,10.09
,17.03.2006,10.49
,18.03.2006,11.7
,19.03.2006,4.265
,20.03.2006,-4.913
,21.03.2006,-5.653
,22.03.2006,-3.442
,23.03.2006,4.191
,24.03.2006,11.42
,25.03.2006,12.49
,26.03.2006,11.76
,27.03.2006,11.55
,28.03.2006,18.44
,29.03.2006,19.85
,30.03.2006,15.7
,31.03.2006,16.71
,01.04.2006,18.05
,02.04.2006,14.37
,03.04.2006,15.84
,04.04.2006,22.84
,05.04.2006,25.12
,06.04.2006,14.3
,07.04.2006,10.89
,08.04.2006,18.17
,09.04.2006,24.52
,10.04.2006,25.52
,11.04.2006,19.51
,12.04.2006,23.31
,13.04.2006,29.26
,14.04.2006,26.26
,15.04.2006,20.79
,16.04.2006,24.18
,17.04.2006,28.74
,18.04.2006,10.41
,19.04.2006,15.57
,20.04.2006,18.17
,21.04.2006,23.78
,22.04.2006,27.18
,23.04.2006,19.79
,24.04.2006,3.459
,25.04.2006,5.527
,26.04.2006,21.9
,27.04.2006,25.17
,28.04.2006,14.56
,29.04.2006,17.92
,30.04.2006,18.91
,01.05.2006,22.64
,02.05.2006,24.59
,03.05.2006,11.96
,04.05.2006,11.1
,05.05.2006,9.42
,06.05.2006,20.11
,07.05.2006,21.44
,08.05.2006,19.58
,09.05.2006,16.83
,10.05.2006,16.04
,11.05.2006,20.31
,12.05.2006,27.34
,13.05.2006,24.58
,14.05.2006,21.57
,15.05.2006,21.3
,16.05.2006,26.64
,17.05.2006,26.66
,18.05.2006,29.46
,19.05.2006,30.46
,20.05.2006,29.26
,21.05.2006,30.79
,22.05.2006,28.99
,23.05.2006,24.92
,24.05.2006,28.18
,25.05.2006,29.64
,26.05.2006,29.19
,27.05.2006,33.19
,28.05.2006,28.86
,29.05.2006,22.17
,30.05.2006,21.23
,31.05.2006,24.45
,01.06.2006,26.52
,02.06.2006,33.12
,03.06.2006,33.86
,04.06.2006,30.71
,05.06.2006,33.73
,06.06.2006,33.59
,07.06.2006,35.87
,08.06.2006,33.59
,09.06.2006,30.98
,10.06.2006,29.13
,11.06.2006,31.87
,12.06.2006,32.86
,13.06.2006,35.07
,14.06.2006,37.41
,15.06.2006,29.3
,16.06.2006,24.91
,17.06.2006,29.59
,18.06.2006,31.05
,19.06.2006,33.86
,20.06.2006,32.66
,21.06.2006,26.58
,22.06.2006,21.71
,23.06.2006,33.79
,24.06.2006,26.59
,25.06.2006,24.91
,26.06.2006,28.19
,27.06.2006,29.44
,28.06.2006,30.53
,29.06.2006,32.86
,30.06.2006,33.12
,01.07.2006,30.39
,02.07.2006,29.39
,03.07.2006,27.78
,04.07.2006,29.77
,05.07.2006,25.78
,06.07.2006,28.52
,07.07.2006,31.92
,08.07.2006,23.19
,09.07.2006,18.1
,10.07.2006,27.52
,11.07.2006,32.25
,12.07.2006,33.12
,13.07.2006,34.26
,14.07.2006,36.14
,15.07.2006,36.94
,16.07.2006,40.03
,17.07.2006,32.99
,18.07.2006,35.07
,19.07.2006,35.94
,20.07.2006,30.24
,21.07.2006,31.65
,22.07.2006,30.64
,23.07.2006,33.86
,24.07.2006,35.6
,25.07.2006,29.99
,26.07.2006,32.05
,27.07.2006,33.19
,28.07.2006,34.6
,29.07.2006,35.2
,30.07.2006,35.74
,31.07.2006,32.79
,01.08.2006,28.12
,02.08.2006,27.12
,03.08.2006,28.86
,04.08.2006,32.32
,05.08.2006,31.47
,06.08.2006,28.44
,07.08.2006,30.11
,08.08.2006,33.66
,09.08.2006,34.87
,10.08.2006,33.66
,11.08.2006,33.99
,12.08.2006,30.4
,13.08.2006,29.25
,14.08.2006,27.46
,15.08.2006,30.4
,16.08.2006,30.53
,17.08.2006,32.65
,18.08.2006,26.53
,19.08.2006,24.24
,20.08.2006,29.58
,21.08.2006,28.79
,22.08.2006,32.86
,23.08.2006,35.4
,24.08.2006,32.99
,25.08.2006,23.78
,26.08.2006,22.31
,27.08.2006,20.32
,28.08.2006,24.92
,29.08.2006,26.91
,30.08.2006,32.86
,31.08.2006,28.4
,01.09.2006,24.99
,02.09.2006,18.37
,03.09.2006,24.38
,04.09.2006,21.97
,05.09.2006,26.58
,06.09.2006,26.71
,07.09.2006,26.72
,08.09.2006,20.5
,09.09.2006,20.97
,10.09.2006,20.3
,11.09.2006,21.72
,12.09.2006,23.58
,13.09.2006,28.19
,14.09.2006,29.26
,15.09.2006,26.25
,16.09.2006,17.79
,17.09.2006,18.11
,18.09.2006,18.24
,19.09.2006,23.18
,20.09.2006,23.58
,21.09.2006,19.04
,22.09.2006,14.1
,23.09.2006,13.03
,24.09.2006,19.17
,25.09.2006,21.23
,26.09.2006,25.18
,27.09.2006,19.66
,28.09.2006,24.05
,29.09.2006,28.12
,30.09.2006,27.59
,01.10.2006,29.27
,02.10.2006,26.4
,03.10.2006,22.85
,04.10.2006,15.83
,05.10.2006,23.91
,06.10.2006,25.99
,07.10.2006,27.38
,08.10.2006,12.35
,09.10.2006,4.198
,10.10.2006,8.55
,11.10.2006,18.26
,12.10.2006,18.05
,13.10.2006,18.5
,14.10.2006,14.36
,15.10.2006,20.18
,16.10.2006,19.31
,17.10.2006,9.29
,18.10.2006,4.797
,19.10.2006,13.1
,20.10.2006,17.73
,21.10.2006,9.02
,22.10.2006,10.96
,23.10.2006,17.44
,24.10.2006,16.37
,25.10.2006,18.91
,26.10.2006,8.89
,27.10.2006,14.77
,28.10.2006,20.32
,29.10.2006,20.73
,30.10.2006,17.85
,31.10.2006,2.385
,01.11.2006,1.78
,02.11.2006,10.56
,03.11.2006,16.85
,04.11.2006,15.77
,05.11.2006,17.11
,06.11.2006,17.18
,07.11.2006,23.74
,08.11.2006,24.99
,09.11.2006,9.29
,10.11.2006,10.03
,11.11.2006,8.56
,12.11.2006,6.496
,13.11.2006,9.03
,14.11.2006,11.46
,15.11.2006,7.75
,16.11.2006,13.18
,17.11.2006,11.62
,18.11.2006,13.3
,19.11.2006,10.96
,20.11.2006,10.46
,21.11.2006,16.47
,22.11.2006,17.69
,23.11.2006,16.73
,24.11.2006,6.78
,25.11.2006,12.03
,26.11.2006,8.71
,27.11.2006,-1.58
,28.11.2006,2.99
,29.11.2006,-7.19
,30.11.2006,1.23
,01.12.2006,-0.61
,02.12.2006,-5.33
,03.12.2006,-3.34
,04.12.2006,4.84
,05.12.2006,10.73
,06.12.2006,2.83
,07.12.2006,0.9
,08.12.2006,11.55
,09.12.2006,11.55
,10.12.2006,10.82
,11.12.2006,8.55
,12.12.2006,7.5
,13.12.2006,11.79
,14.12.2006,15.76
,15.12.2006,14.69
,16.12.2006,12.42
,17.12.2006,-1.65
,18.12.2006,2.11
,19.12.2006,2.59
,20.12.2006,-0.45
,21.12.2006,2.35
,22.12.2006,3.72
,23.12.2006,0.9
,24.12.2006,2.19
,25.12.2006,1.71
,26.12.2006,4.04
,27.12.2006,7.74
,28.12.2006,3.23
,29.12.2006,-3.1
,30.12.2006,-1.41
,31.12.2006,0.58
,01.01.2007,1.79
,02.01.2007,4.28
,03.01.2007,8.62
,04.01.2007,13.58
,05.01.2007,-0.69
,06.01.2007,0.02
,07.01.2007,-1.25
,08.01.2007,7.74
,09.01.2007,1.95
,10.01.2007,6.29
,11.01.2007,1.06
,12.01.2007,-16.57
,13.01.2007,-15.01
,14.01.2007,-10.93
,15.01.2007,-6.05
,16.01.2007,-1.58
,17.01.2007,2.35
,18.01.2007,-1.73
,19.01.2007,-0.37
,20.01.2007,-1.17
,21.01.2007,-1.89
,22.01.2007,-2.06
,23.01.2007,2.83
,24.01.2007,8.8
,25.01.2007,11.79
,26.01.2007,7.26
,27.01.2007,-2.21
,28.01.2007,2.83
,29.01.2007,-2.06
,30.01.2007,-6.05
,31.01.2007,-3.1
,01.02.2007,-4.37
,02.02.2007,-3.1
,03.02.2007,5
,04.02.2007,3.31
,05.02.2007,9.28
,06.02.2007,13.48
,07.02.2007,4.52
,08.02.2007,7.66
,09.02.2007,5.24
,10.02.2007,6.05
,11.02.2007,10.34
,12.02.2007,5.24
,13.02.2007,-7.26
,14.02.2007,-6.77
,15.02.2007,-6.77
,16.02.2007,8.71
,17.02.2007,5.57
,18.02.2007,8.8
,19.02.2007,8.62
,20.02.2007,8.8
,21.02.2007,13.58
,22.02.2007,5.81
,23.02.2007,12.76
,24.02.2007,5.24
,25.02.2007,1.63
,26.02.2007,8.8
,27.02.2007,6.86
,28.02.2007,0.82
,01.03.2007,3.56
,02.03.2007,-0.61
,03.03.2007,4.84
,04.03.2007,9.76
,05.03.2007,12.76
,06.03.2007,17.21
,07.03.2007,16.82
,08.03.2007,16.73
,09.03.2007,14.06
,10.03.2007,12.27
,11.03.2007,15.76
,12.03.2007,21.78
,13.03.2007,22.85
,14.03.2007,13.33
,15.03.2007,10.64
,16.03.2007,19.25
,17.03.2007,22.61
,18.03.2007,24.55
,19.03.2007,17.79
,20.03.2007,22.37
,21.03.2007,19.59
,22.03.2007,19.98
,23.03.2007,18.52
,24.03.2007,7.74
,25.03.2007,19.83
,26.03.2007,18.04
,27.03.2007,17.21
,28.03.2007,17.21
,29.03.2007,-0.37
,30.03.2007,3.31
,31.03.2007,12.76
,01.04.2007,18.04
,02.04.2007,20.56
,03.04.2007,10.82
,04.04.2007,11.79
,05.04.2007,11.46
,06.04.2007,1.31
,07.04.2007,-3.41
,08.04.2007,1.55
,09.04.2007,19.25
,10.04.2007,9.28
,11.04.2007,9.76
,12.04.2007,6.29
,13.04.2007,7.83
,14.04.2007,19.25
,15.04.2007,22.99
,16.04.2007,15.03
,17.04.2007,15.27
,18.04.2007,20.81
,19.04.2007,16
,20.04.2007,21.78
,21.04.2007,19.01
,22.04.2007,17.79
,23.04.2007,15.51
,24.04.2007,5.24
,25.04.2007,12.36
,26.04.2007,18.28
,27.04.2007,18.52
,28.04.2007,24.31
,29.04.2007,28.8
,30.04.2007,27.09
,01.05.2007,20.08
,02.05.2007,22.51
,03.05.2007,24.8
,04.05.2007,12.27
,05.05.2007,13.48
,06.05.2007,12.03
,07.05.2007,13.82
,08.05.2007,20.08
,09.05.2007,23.34
,10.05.2007,25.63
,11.05.2007,28.91
,12.05.2007,27.82
,13.05.2007,30.86
,14.05.2007,21.05
,15.05.2007,15.76
,16.05.2007,22.85
,17.05.2007,23.34
,18.05.2007,26.85
,19.05.2007,27.34
,20.05.2007,27.09
,21.05.2007,26.36
,22.05.2007,14.54
,23.05.2007,16.48
,24.05.2007,17.79
,25.05.2007,23.82
,26.05.2007,20.7
,27.05.2007,28.07
,28.05.2007,29.88
,29.05.2007,18.04
,30.05.2007,16.24
,31.05.2007,23.23
,01.06.2007,19.73
,02.06.2007,23.58
,03.06.2007,23.82
,04.06.2007,23.82
,05.06.2007,25.63
,06.06.2007,27.82
,07.06.2007,17.21
,08.06.2007,22.37
,09.06.2007,28.07
,10.06.2007,31.1
,11.06.2007,31.83
,12.06.2007,22.02
,13.06.2007,25.63
,14.06.2007,27.09
,15.06.2007,30.86
,16.06.2007,31.83
,17.06.2007,36.95
,18.06.2007,26.85
,19.06.2007,30.37
,20.06.2007,35.48
,21.06.2007,34.88
,22.06.2007,29.64
,23.06.2007,32.19
,24.06.2007,36.46
,25.06.2007,36.22
,26.06.2007,25.53
,27.06.2007,25.53
,28.06.2007,29.4
,29.06.2007,30.37
,30.06.2007,33.9
,01.07.2007,35.97
,02.07.2007,35.48
,03.07.2007,35.12
,04.07.2007,30.86
,05.07.2007,32.19
,06.07.2007,33.17
,07.07.2007,34.26
,08.07.2007,30.13
,09.07.2007,31.1
,10.07.2007,26.12
,11.07.2007,28.56
,12.07.2007,26.36
,13.07.2007,29.4
,14.07.2007,32.92
,15.07.2007,35.73
,16.07.2007,34.51
,17.07.2007,35
,18.07.2007,36.22
,19.07.2007,28.07
,20.07.2007,31.95
,21.07.2007,34.26
,22.07.2007,35.73
,23.07.2007,33.9
,24.07.2007,33.9
,25.07.2007,35
,26.07.2007,28.91
,27.07.2007,24.9
,28.07.2007,25.88
,29.07.2007,28.07
,30.07.2007,29.15
,31.07.2007,30.62
,01.08.2007,30.86
,02.08.2007,26.61
,03.08.2007,29.64
,04.08.2007,30.13
,05.08.2007,32.19
,06.08.2007,28.07
,07.08.2007,26.85
,08.08.2007,31.59
,09.08.2007,32.92
,10.08.2007,33.9
,11.08.2007,33.41
,12.08.2007,32.19
,13.08.2007,35.97
,14.08.2007,33.77
,15.08.2007,26.85
,16.08.2007,28.8
,17.08.2007,28.31
,18.08.2007,30.97
,19.08.2007,30.62
,20.08.2007,33.41
,21.08.2007,33.9
,22.08.2007,29.4
,23.08.2007,20.81
,24.08.2007,25.39
,25.08.2007,28.07
,26.08.2007,33.78
,27.08.2007,30.13
,28.08.2007,30.37
,29.08.2007,26.12
,30.08.2007,28.56
,31.08.2007,31.1
,01.09.2007,31.1
,02.09.2007,31.22
,03.09.2007,32.08
,04.09.2007,31.35
,05.09.2007,29.88
,06.09.2007,27.34
,07.09.2007,25.63
,08.09.2007,25.77
,09.09.2007,13.72
,10.09.2007,18.28
,11.09.2007,24.9
,12.09.2007,30.13
,13.09.2007,20.56
,14.09.2007,18.28
,15.09.2007,30.13
,16.09.2007,28.8
,17.09.2007,21.29
,18.09.2007,23.82
,19.09.2007,25.88
,20.09.2007,29.88
,21.09.2007,29.88
,22.09.2007,29.88
,23.09.2007,22.75
,24.09.2007,13.82
,25.09.2007,16.24
,26.09.2007,20.81
,27.09.2007,21.53
,28.09.2007,25.04
,29.09.2007,23.34
,30.09.2007,19.25
,01.10.2007,23.48
,02.10.2007,20.08
,03.10.2007,25.63
,04.10.2007,25.63
,05.10.2007,27.09
,06.10.2007,28.8
,07.10.2007,14.54
,08.10.2007,20.56
,09.10.2007,22.85
,10.10.2007,21.53
,11.10.2007,24.9
,12.10.2007,15.76
,13.10.2007,11.79
,14.10.2007,8.23
,15.10.2007,13.33
,16.10.2007,15.76
,17.10.2007,15.76
,18.10.2007,12.27
,19.10.2007,21.29
,20.10.2007,25.28
,21.10.2007,6.78
,22.10.2007,11.79
,23.10.2007,20.81
,24.10.2007,22.37
,25.10.2007,24.31
,26.10.2007,11.94
,27.10.2007,7.02
,28.10.2007,20.56
,29.10.2007,21.78
,30.10.2007,23.1
,31.10.2007,9.13
,01.11.2007,16.24
,02.11.2007,9.67
,03.11.2007,16.73
,04.11.2007,23.82
,05.11.2007,11.7
,06.11.2007,12.12
,07.11.2007,22.75
,08.11.2007,21.78
,09.11.2007,18.86
,10.11.2007,16.97
,11.11.2007,18.76
,12.11.2007,11.79
,13.11.2007,20.22
,14.11.2007,7.83
,15.11.2007,11.61
,16.11.2007,19.01
,17.11.2007,16.48
,18.11.2007,20.56
,19.11.2007,23.48
,20.11.2007,11.7
,21.11.2007,-3.99
,22.11.2007,-4.3
,23.11.2007,-1.09
,24.11.2007,3.07
,25.11.2007,12.03
,26.11.2007,4.84
,27.11.2007,14.79
,28.11.2007,3.8
,29.11.2007,8.8
,30.11.2007,-2.85
,01.12.2007,1.31
,02.12.2007,6.53
,03.12.2007,14.93
,04.12.2007,18.91
,05.12.2007,10.73
,06.12.2007,10.82
,07.12.2007,0.82
,08.12.2007,-5.02
,09.12.2007,-5.26
,10.12.2007,-1.09
,11.12.2007,-2.37
,12.12.2007,-3.58
,13.12.2007,-0.13
,14.12.2007,-6.22
,15.12.2007,-4.06
,16.12.2007,-0.05
,17.12.2007,2.67
,18.12.2007,1.87
,19.12.2007,5.33
,20.12.2007,5.57
,21.12.2007,2.83
,22.12.2007,-4.95
,23.12.2007,3.8
,24.12.2007,0.82
,25.12.2007,2.03
,26.12.2007,-4.78
,27.12.2007,-7.26
,28.12.2007,-9.18
,29.12.2007,-4.54
,30.12.2007,-1.17
,31.12.2007,-3.34
,01.01.2008,-6.46
,02.01.2008,-0.05
,03.01.2008,4.76
,04.01.2008,8.8
,05.01.2008,10.97
,06.01.2008,1.87
,07.01.2008,3.8
,08.01.2008,0.26
,09.01.2008,2.75
,10.01.2008,1.06
,11.01.2008,5.73
,12.01.2008,5
,13.01.2008,4.76
,14.01.2008,3.8
,15.01.2008,8.86
,16.01.2008,-6.77
,17.01.2008,-4.37
,18.01.2008,-3.34
,19.01.2008,-4.71
,20.01.2008,1.31
,21.01.2008,-11.89
,22.01.2008,-5.19
,23.01.2008,-1.89
,24.01.2008,-0.61
,25.01.2008,6.05
,26.01.2008,11.79
,27.01.2008,8.8
,28.01.2008,10.25
,29.01.2008,-0.13
,30.01.2008,2.27
,31.01.2008,1.38
,01.02.2008,7.5
,02.02.2008,1.38
,03.02.2008,2.83
,04.02.2008,-0.93
,05.02.2008,-0.61
,06.02.2008,5.73
,07.02.2008,7.26
,08.02.2008,3.8
,09.02.2008,12.76
,10.02.2008,4.68
,11.02.2008,10.25
,12.02.2008,6.93
,13.02.2008,15.42
,14.02.2008,-1.25
,15.02.2008,3.07
,16.02.2008,12.27
,17.02.2008,1.79
,18.02.2008,8.07
,19.02.2008,13.09
,20.02.2008,2.19
,21.02.2008,9.37
,22.02.2008,10
,23.02.2008,12.03
,24.02.2008,15.76
,25.02.2008,8.55
,26.02.2008,6.78
,27.02.2008,11.55
,28.02.2008,16.24
,29.02.2008,15.03
,01.03.2008,22.51
,02.03.2008,8.8
,03.03.2008,6.05
,04.03.2008,8.71
,05.03.2008,1.38
,06.03.2008,4.84
,07.03.2008,12.51
,08.03.2008,10.82
,09.03.2008,10.58
,10.03.2008,12.12
,11.03.2008,18.76
,12.03.2008,14.79
,13.03.2008,11.3
,14.03.2008,9.28
,15.03.2008,7.83
,16.03.2008,1.31
,17.03.2008,3.8
,18.03.2008,10.09
,19.03.2008,15.51
,20.03.2008,17.69
,21.03.2008,12.76
,22.03.2008,7.02
,23.03.2008,8.8
,24.03.2008,19.49
,25.03.2008,14.79
,26.03.2008,20.7
,27.03.2008,6.78
,28.03.2008,8.8
,29.03.2008,18.18
,30.03.2008,6.53
,31.03.2008,3.56
,01.04.2008,5.81
,02.04.2008,12.12
,03.04.2008,8.8
,04.04.2008,15.03
,05.04.2008,15.76
,06.04.2008,11.3
,07.04.2008,4.76
,08.04.2008,11.79
,09.04.2008,10
,10.04.2008,5
,11.04.2008,7.02
,12.04.2008,10.82
,13.04.2008,16.58
,14.04.2008,23.23
,15.04.2008,27.82
,16.04.2008,8.95
,17.04.2008,10.97
,18.04.2008,18.76
,19.04.2008,24.69
,20.04.2008,23.1
,21.04.2008,11.55
,22.04.2008,19.01
,23.04.2008,24.8
,24.04.2008,20.56
,25.04.2008,13.24
,26.04.2008,9.28
,27.04.2008,17.69
,28.04.2008,22.26
,29.04.2008,24.8
,30.04.2008,25.77
,01.05.2008,7.17
,02.05.2008,5.49
,03.05.2008,14.06
,04.05.2008,20.32
,05.05.2008,23.82
,06.05.2008,26.12
,07.05.2008,19.01
,08.05.2008,17.94
,09.05.2008,20.32
,10.05.2008,12.76
,11.05.2008,23.58
,12.05.2008,24.31
,13.05.2008,12.36
,14.05.2008,17.79
,15.05.2008,16.48
,16.05.2008,24.55
,17.05.2008,26.61
,18.05.2008,29.64
,19.05.2008,27.09
,20.05.2008,28.31
,21.05.2008,30.62
,22.05.2008,19.88
,23.05.2008,22.75
,24.05.2008,20.81
,25.05.2008,23.1
,26.05.2008,12.76
,27.05.2008,11.3
,28.05.2008,21.78
,29.05.2008,26.85
,30.05.2008,24.31
,31.05.2008,26.85
,01.06.2008,28.07
,02.06.2008,29.64
,03.06.2008,25.53
,04.06.2008,18.04
,05.06.2008,15.27
,06.06.2008,24.31
,07.06.2008,20.81
,08.06.2008,20.7
,09.06.2008,22.61
,10.06.2008,29.88
,11.06.2008,17.94
,12.06.2008,22.02
,13.06.2008,24.9
,14.06.2008,29.88
,15.06.2008,27.34
,16.06.2008,23.58
,17.06.2008,32.08
,18.06.2008,29.77
,19.06.2008,26.61
,20.06.2008,26.61
,21.06.2008,29.53
,22.06.2008,30.97
,23.06.2008,27.58
,24.06.2008,32.19
,25.06.2008,31.1
,26.06.2008,30.86
,27.06.2008,28.91
,28.06.2008,26.85
,29.06.2008,27.34
,30.06.2008,32.92
,01.07.2008,32.92
,02.07.2008,29.4
,03.07.2008,23.82
,04.07.2008,34.02
,05.07.2008,35.24
,06.07.2008,29.04
,07.07.2008,28.07
,08.07.2008,29.64
,09.07.2008,31.95
,10.07.2008,35.24
,11.07.2008,35.48
,12.07.2008,25.39
,13.07.2008,31.95
,14.07.2008,34.14
,15.07.2008,34.51
,16.07.2008,34.26
,17.07.2008,29.64
,18.07.2008,31.1
,19.07.2008,35.24
,20.07.2008,36.22
,21.07.2008,33.9
,22.07.2008,35.48
,23.07.2008,32.19
,24.07.2008,34.75
,25.07.2008,31.35
,26.07.2008,30.37
,27.07.2008,34.75
,28.07.2008,32.92
,29.07.2008,32.92
,30.07.2008,35.24
,31.07.2008,33.17
,01.08.2008,38.05
,02.08.2008,37.56
,03.08.2008,34.39
,04.08.2008,34.14
,05.08.2008,29.4
,06.08.2008,30.62
,07.08.2008,24.55
,08.08.2008,25.63
,09.08.2008,31.35
,10.08.2008,26.36
,11.08.2008,28.91
,12.08.2008,30.62
,13.08.2008,32.08
,14.08.2008,25.88
,15.08.2008,11.7
,16.08.2008,13.72
,17.08.2008,20.08
,18.08.2008,23.82
,19.08.2008,27.09
,20.08.2008,27.34
,21.08.2008,31.95
,22.08.2008,25.04
,23.08.2008,26.01
,24.08.2008,26.36
,25.08.2008,28.8
,26.08.2008,31.7
,27.08.2008,23.58
,28.08.2008,23.1
,29.08.2008,27.58
,30.08.2008,30.86
,31.08.2008,30.86
,01.09.2008,28.8
,02.09.2008,17.55
,03.09.2008,21.29
,04.09.2008,21.53
,05.09.2008,14.06
,06.09.2008,19.35
,07.09.2008,23.82
,08.09.2008,10.82
,09.09.2008,23.58
,10.09.2008,26.12
,11.09.2008,15.76
,12.09.2008,15.27
,13.09.2008,24.9
,14.09.2008,15.76
,15.09.2008,22.85
,16.09.2008,26.36
,17.09.2008,26.61
,18.09.2008,25.39
,19.09.2008,24.9
,20.09.2008,24.8
,21.09.2008,24.31
,22.09.2008,26.12
,23.09.2008,21.78
,24.09.2008,23.93
,25.09.2008,28.8
,26.09.2008,27.82
,27.09.2008,20.81
,28.09.2008,29.4
,29.09.2008,19.11
,30.09.2008,25.88
,01.10.2008,24.07
,02.10.2008,25.63
,03.10.2008,22.51
,04.10.2008,20.46
,05.10.2008,20.81
,06.10.2008,18.76
,07.10.2008,19.83
,08.10.2008,23.1
,09.10.2008,11.88
,10.10.2008,10.82
,11.10.2008,3.8
,12.10.2008,8.31
,13.10.2008,11.15
,14.10.2008,11.06
,15.10.2008,13.82
,16.10.2008,21.53
,17.10.2008,20.32
,18.10.2008,24.42
,19.10.2008,24.07
,20.10.2008,12.03
,21.10.2008,12.76
,22.10.2008,7.5
,23.10.2008,16.24
,24.10.2008,18.04
,25.10.2008,23.34
,26.10.2008,12.76
,27.10.2008,12.61
,28.10.2008,22.37
,29.10.2008,22.37
,30.10.2008,22.61
,31.10.2008,23.34
,01.11.2008,22.85
,02.11.2008,23.1
,03.11.2008,19.35
,04.11.2008,17.79
,05.11.2008,8.8
,06.11.2008,7.83
,07.11.2008,15.76
,08.11.2008,10.58
,09.11.2008,12.85
,10.11.2008,5.57
,11.11.2008,14.3
,12.11.2008,13.09
,13.11.2008,17.21
,14.11.2008,3.8
,15.11.2008,7.83
,16.11.2008,18.04
,17.11.2008,18.76
,18.11.2008,23.82
,19.11.2008,21.05
,20.11.2008,-0.37
,21.11.2008,10
,22.11.2008,12.61
,23.11.2008,12.03
,24.11.2008,13.33
,25.11.2008,12.18
,26.11.2008,14.79
,27.11.2008,3.56
,28.11.2008,9.52
,29.11.2008,8.71
,30.11.2008,4.52
,01.12.2008,8.86
,02.12.2008,18.76
,03.12.2008,-2.54
,04.12.2008,-7.98
,05.12.2008,-0.21
,06.12.2008,6.86
,07.12.2008,12.51
,08.12.2008,7.9
,09.12.2008,-0.37
,10.12.2008,11.55
,11.12.2008,11.06
,12.12.2008,2.35
,13.12.2008,12.76
,14.12.2008,-12.13
,15.12.2008,-16.27
,16.12.2008,-0.13
,17.12.2008,0.1
,18.12.2008,-0.37
,19.12.2008,3.56
,20.12.2008,-3.26
,21.12.2008,-9.66
,22.12.2008,-1.25
,23.12.2008,-2.3
,24.12.2008,1.79
,25.12.2008,7.74
,26.12.2008,7.26
,27.12.2008,2.43
,28.12.2008,12.76
,29.12.2008,12.91
,30.12.2008,14.3
,31.12.2008,8.86
,01.01.2009,12.27
,02.01.2009,13.24
,03.01.2009,-0.93
,04.01.2009,-4.23
,05.01.2009,0.82
,06.01.2009,6.45
,07.01.2009,12.27
,08.01.2009,16.24
,09.01.2009,6.53
,10.01.2009,4.84
,11.01.2009,5.33
,12.01.2009,0.1
,13.01.2009,7.74
,14.01.2009,3.31
,15.01.2009,2.91
,16.01.2009,15.76
,17.01.2009,14.54
,18.01.2009,16.73
,19.01.2009,17.45
,20.01.2009,20.81
,21.01.2009,18.28
,22.01.2009,17.79
,23.01.2009,-1.58
,24.01.2009,0.42
,25.01.2009,-10.69
,26.01.2009,-14.53
,27.01.2009,-1.17
,28.01.2009,2.11
,29.01.2009,1.63
,30.01.2009,9.85
,31.01.2009,15.76
,01.02.2009,4.52
,02.02.2009,6.05
,03.02.2009,14.3
,04.02.2009,16.73
,05.02.2009,17.31
,06.02.2009,15.76
,07.02.2009,9.85
,08.02.2009,4.52
,09.02.2009,11.21
,10.02.2009,7.5
,11.02.2009,6.62
,12.02.2009,7.26
,13.02.2009,0.58
,14.02.2009,-2.54
,15.02.2009,5.33
,16.02.2009,13.82
,17.02.2009,11.79
,18.02.2009,8.23
,19.02.2009,8.55
,20.02.2009,10.82
,21.02.2009,8.8
,22.02.2009,10.49
,23.02.2009,14.79
,24.02.2009,19.01
,25.02.2009,17.94
,26.02.2009,13
,27.02.2009,4.52
,28.02.2009,6.78
,01.03.2009,15.27
,02.03.2009,20.46
,03.03.2009,22.51
,04.03.2009,22.75
,05.03.2009,15.03
,06.03.2009,12.85
,07.03.2009,4.36
,08.03.2009,16.24
,09.03.2009,3.31
,10.03.2009,3.07
,11.03.2009,4.84
,12.03.2009,7.74
,13.03.2009,9.61
,14.03.2009,15.51
,15.03.2009,16.48
,16.03.2009,19.98
,17.03.2009,20.22
,18.03.2009,13.58
,19.03.2009,17.69
,20.03.2009,20.22
,21.03.2009,23.58
,22.03.2009,23.1
,23.03.2009,9.28
,24.03.2009,10
,25.03.2009,8.55
,26.03.2009,-2.54
,27.03.2009,-3.74
,28.03.2009,4.36
,29.03.2009,14.69
,30.03.2009,3.07
,31.03.2009,8.8
,01.04.2009,6.78
,02.04.2009,11.3
,03.04.2009,15.76
,04.04.2009,-3.82
,05.04.2009,1.63
,06.04.2009,9.28
,07.04.2009,20.22
,08.04.2009,21.78
,09.04.2009,13.82
,10.04.2009,15.03
,11.04.2009,13.72
,12.04.2009,10
,13.04.2009,19.25
,14.04.2009,21.05
,15.04.2009,21.05
,16.04.2009,6.45
,17.04.2009,5
,18.04.2009,7.5
,19.04.2009,17.45
,20.04.2009,22.02
,21.04.2009,23.1
,22.04.2009,23.82
,23.04.2009,25.88
,24.04.2009,16.82
,25.04.2009,7.74
,26.04.2009,13.33
,27.04.2009,5
,28.04.2009,17.94
,29.04.2009,22.37
,30.04.2009,13.82
,01.05.2009,5.24
,02.05.2009,8.71
,03.05.2009,14.79
,04.05.2009,18.76
,05.05.2009,21.78
,06.05.2009,23.34
,07.05.2009,23.82
,08.05.2009,19.01
,09.05.2009,16.82
,10.05.2009,10.34
,11.05.2009,20.32
,12.05.2009,28.31
,13.05.2009,17.31
,14.05.2009,22.51
,15.05.2009,19.25
,16.05.2009,19.73
,17.05.2009,25.88
,18.05.2009,30.26
,19.05.2009,30.02
,20.05.2009,28.31
,21.05.2009,15.76
,22.05.2009,22.26
,23.05.2009,16.24
,24.05.2009,19.73
,25.05.2009,18.91
,26.05.2009,17.69
,27.05.2009,22.75
,28.05.2009,24.45
,29.05.2009,26.36
,30.05.2009,23.34
,31.05.2009,25.04
,01.06.2009,21.78
,02.06.2009,9.19
,03.06.2009,16.48
,04.06.2009,19.49
,05.06.2009,22.02
,06.06.2009,25.04
,07.06.2009,17.45
,08.06.2009,14.93
,09.06.2009,19.15
,10.06.2009,19.01
,11.06.2009,18.28
,12.06.2009,20.46
,13.06.2009,23.58
,14.06.2009,22.02
,15.06.2009,21.53
,16.06.2009,25.77
,17.06.2009,26.26
,18.06.2009,26.5
,19.06.2009,23.96
,20.06.2009,24.21
,21.06.2009,28.56
,22.06.2009,29.29
,23.06.2009,27.09
,24.06.2009,28.31
,25.06.2009,29.53
,26.06.2009,27.82
,27.06.2009,27.09
,28.06.2009,28.8
,29.06.2009,30.86
,30.06.2009,30.86
,01.07.2009,31.1
,02.07.2009,25.88
,03.07.2009,28.31
,04.07.2009,23.34
,05.07.2009,24.07
,06.07.2009,27.82
,07.07.2009,30.5
,08.07.2009,33.41
,09.07.2009,25.63
,10.07.2009,28.31
,11.07.2009,33.9
,12.07.2009,30.86
,13.07.2009,30.62
,14.07.2009,34.14
,15.07.2009,28.07
,16.07.2009,29.04
,17.07.2009,29.88
,18.07.2009,28.8
,19.07.2009,33.9
,20.07.2009,31.46
,21.07.2009,22.75
,22.07.2009,28.8
,23.07.2009,32.44
,24.07.2009,34.51
,25.07.2009,24.07
,26.07.2009,28.56
,27.07.2009,28.07
,28.07.2009,22.26
,29.07.2009,19.73
,30.07.2009,18.76
,31.07.2009,27.96
,01.08.2009,26.12
,02.08.2009,32.92
,03.08.2009,32.92
,04.08.2009,31.35
,05.08.2009,29.88
,06.08.2009,31.95
,07.08.2009,31.35
,08.08.2009,27.09
,09.08.2009,24.8
,10.08.2009,26.85
,11.08.2009,29.88
,12.08.2009,32.92
,13.08.2009,32.92
,14.08.2009,26.26
,15.08.2009,26.12
,16.08.2009,23.1
,17.08.2009,23.58
,18.08.2009,25.88
,19.08.2009,29.04
,20.08.2009,30.62
,21.08.2009,27.58
,22.08.2009,32.92
,23.08.2009,32.68
,24.08.2009,29.04
,25.08.2009,25.63
,26.08.2009,29.53
,27.08.2009,31.83
,28.08.2009,28.67
,29.08.2009,26.12
,30.08.2009,20.22
,31.08.2009,25.53
,01.09.2009,32.32
,02.09.2009,31.59
,03.09.2009,30.02
,04.09.2009,26.85
,05.09.2009,27.82
,06.09.2009,27.09
,07.09.2009,29.88
,08.09.2009,30.86
,09.09.2009,25.28
,10.09.2009,30.37
,11.09.2009,23.58
,12.09.2009,13.97
,13.09.2009,21.53
,14.09.2009,26.61
,15.09.2009,27.82
,16.09.2009,23.82
,17.09.2009,23.82
,18.09.2009,24.17
,19.09.2009,24.9
,20.09.2009,29.04
,21.09.2009,12.03
,22.09.2009,13.72
,23.09.2009,13.72
,24.09.2009,18.76
,25.09.2009,19.83
,26.09.2009,29.4
,27.09.2009,28.8
,28.09.2009,19.25
,29.09.2009,27.34
,30.09.2009,28.31
,01.10.2009,12.51
,02.10.2009,16.82
,03.10.2009,15.76
,04.10.2009,7.5
,05.10.2009,11.79
,06.10.2009,13.82
,07.10.2009,17.79
,08.10.2009,1.87
,09.10.2009,6.62
,10.10.2009,-5.26
,11.10.2009,0.9
,12.10.2009,3.8
,13.10.2009,4.76
,14.10.2009,19.98
,15.10.2009,20.81
,16.10.2009,18.86
,17.10.2009,18.52
,18.10.2009,28.07
,19.10.2009,22.85
,20.10.2009,9.76
,21.10.2009,5.24
,22.10.2009,10.34
,23.10.2009,14.79
,24.10.2009,18.76
,25.10.2009,7.83
,26.10.2009,12.12
,27.10.2009,12.64
,28.10.2009,-0.801
,29.10.2009,-2.356
,30.10.2009,5.216
,31.10.2009,10.72
,01.11.2009,16.15
,02.11.2009,5.93
,03.11.2009,19.19
,04.11.2009,12.4
,05.11.2009,21.23
,06.11.2009,23.64
,07.11.2009,19.83
,08.11.2009,16.04
,09.11.2009,14.01
,10.11.2009,12.15
,11.11.2009,16.3
,12.11.2009,20.8
,13.11.2009,5.462
,14.11.2009,2.596
,15.11.2009,0.205
,16.11.2009,2.05
,17.11.2009,5.087
,18.11.2009,10.92
,19.11.2009,10.39
,20.11.2009,10.16
,21.11.2009,15.24
,22.11.2009,5.167
,23.11.2009,3.985
,24.11.2009,5.531
,25.11.2009,5.884
,26.11.2009,14.67
,27.11.2009,16.79
,28.11.2009,8.59
,29.11.2009,5.82
,30.11.2009,11.87
,01.12.2009,7.523
,02.12.2009,-5.034
,03.12.2009,-7.734
,04.12.2009,-1.776
,05.12.2009,2.632
,06.12.2009,-7.465
,07.12.2009,-13.77
,08.12.2009,-14.43
,09.12.2009,-11.05
,10.12.2009,-7.309
,11.12.2009,-1.746
,12.12.2009,6.904
,13.12.2009,6.46
,14.12.2009,4.871
,15.12.2009,3.985
,16.12.2009,6.134
,17.12.2009,9.38
,18.12.2009,5.113
,19.12.2009,5.961
,20.12.2009,11.45
,21.12.2009,12.58
,22.12.2009,3.957
,23.12.2009,-1.844
,24.12.2009,-7.961
,25.12.2009,-5.58
,26.12.2009,-1.734
,27.12.2009,-1.711
,28.12.2009,-0.56
,29.12.2009,-0.066
,30.12.2009,-1.61
,31.12.2009,0.311
,01.01.2010,2.95
,02.01.2010,6.308
,03.01.2010,2.736
,04.01.2010,1.422
,05.01.2010,2.66
,06.01.2010,1.578
,07.01.2010,-15.65
,08.01.2010,-4.127
,09.01.2010,4.166
,10.01.2010,7.377
,11.01.2010,6.087
,12.01.2010,10.07
,13.01.2010,11.02
,14.01.2010,5.52
,15.01.2010,5.492
,16.01.2010,10.27
,17.01.2010,9.76
,18.01.2010,9.26
,19.01.2010,6.616
,20.01.2010,4.297
,21.01.2010,3.311
,22.01.2010,5.034
,23.01.2010,6.867
,24.01.2010,4.028
,25.01.2010,3.003
,26.01.2010,3.715
,27.01.2010,1.802
,28.01.2010,-1
,29.01.2010,4.524
,30.01.2010,6.185
,31.01.2010,4.95
,01.02.2010,7.732
,02.02.2010,6.694
,03.02.2010,7.117
,04.02.2010,6.821
,05.02.2010,7.391
,06.02.2010,4.619
,07.02.2010,0.287
,08.02.2010,-3.066
,09.02.2010,-2.631
,10.02.2010,4.458
,11.02.2010,6.445
,12.02.2010,5.249
,13.02.2010,9.95
,14.02.2010,-1.241
,15.02.2010,2.437
,16.02.2010,4.987
,17.02.2010,8.31
,18.02.2010,3.203
,19.02.2010,-3.287
,20.02.2010,-3.924
,21.02.2010,-6.809
,22.02.2010,-5.84
,23.02.2010,0.509
,24.02.2010,5.2
,25.02.2010,4.874
,26.02.2010,6.954
,27.02.2010,7.833
,28.02.2010,0.802
,01.03.2010,6.727
,02.03.2010,11.42
,03.03.2010,11.94
,04.03.2010,12.63
,05.03.2010,6.941
,06.03.2010,12.4
,07.03.2010,8.04
,08.03.2010,9.93
,09.03.2010,12.42
,10.03.2010,4.442
,11.03.2010,8.21
,12.03.2010,14.5
,13.03.2010,14.76
,14.03.2010,5.277
,15.03.2010,12.84
,16.03.2010,18.87
,17.03.2010,20.75
,18.03.2010,17.29
,19.03.2010,-0.544
,20.03.2010,2.718
,21.03.2010,14.91
,22.03.2010,17.98
,23.03.2010,6.825
,24.03.2010,4.25
,25.03.2010,8.34
,26.03.2010,8.05
,27.03.2010,8.87
,28.03.2010,16
,29.03.2010,19.37
,30.03.2010,26.23
,31.03.2010,14.38
,01.04.2010,14.8
,02.04.2010,7.965
,03.04.2010,13.95
,04.04.2010,15.95
,05.04.2010,17.57
,06.04.2010,8.63
,07.04.2010,10.13
,08.04.2010,16.23
,09.04.2010,17.15
,10.04.2010,12.64
,11.04.2010,21.91
,12.04.2010,24.48
,13.04.2010,18.13
,14.04.2010,19.8
,15.04.2010,18.71
,16.04.2010,11.35
,17.04.2010,12.03
,18.04.2010,19.44
,19.04.2010,21
,20.04.2010,16.65
,21.04.2010,16.23
,22.04.2010,9.72
,23.04.2010,7.671
,24.04.2010,13.2
,25.04.2010,15.43
,26.04.2010,11.66
,27.04.2010,18.88
,28.04.2010,24.26
,29.04.2010,9.39
,30.04.2010,9.43
,01.05.2010,12.6
,02.05.2010,11.45
,03.05.2010,18.93
,04.05.2010,21.3
,05.05.2010,16.89
,06.05.2010,12.39
,07.05.2010,12.38
,08.05.2010,14.11
,09.05.2010,21.25
,10.05.2010,19.06
,11.05.2010,7.236
,12.05.2010,5.189
,13.05.2010,11.27
,14.05.2010,16.86
,15.05.2010,13.76
,16.05.2010,18.04
,17.05.2010,22.64
,18.05.2010,22.02
,19.05.2010,17.52
,20.05.2010,17.69
,21.05.2010,23.37
,22.05.2010,30.96
,23.05.2010,21.49
,24.05.2010,23.98
,25.05.2010,20.83
,26.05.2010,22.15
,27.05.2010,30.21
,28.05.2010,33.33
,29.05.2010,25.58
,30.05.2010,20.97
,31.05.2010,26.18
,01.06.2010,27.7
,02.06.2010,23.46
,03.06.2010,25.44
,04.06.2010,30.99
,05.06.2010,28.39
,06.06.2010,31.73
,07.06.2010,29.79
,08.06.2010,24.52
,09.06.2010,27.85
,10.06.2010,27.66
,11.06.2010,23.19
,12.06.2010,11.36
,13.06.2010,12.48
,14.06.2010,18.07
,15.06.2010,24.92
,16.06.2010,28.48
,17.06.2010,28.44
,18.06.2010,27.17
,19.06.2010,28.47
,20.06.2010,24.89
,21.06.2010,30.46
,22.06.2010,30.48
,23.06.2010,25.82
,24.06.2010,33.47
,25.06.2010,36.01
,26.06.2010,31.81
,27.06.2010,26.92
,28.06.2010,31.2
,29.06.2010,33.68
,30.06.2010,32.73
,01.07.2010,33.47
,02.07.2010,32.26
,03.07.2010,33.76
,04.07.2010,25.54
,05.07.2010,25.18
,06.07.2010,29.74
,07.07.2010,16.51
,08.07.2010,21.21
,09.07.2010,25.45
,10.07.2010,29.34
,11.07.2010,28.84
,12.07.2010,31.32
,13.07.2010,34.44
,14.07.2010,33.03
,15.07.2010,31.99
,16.07.2010,36.29
,17.07.2010,36.73
,18.07.2010,32.8
,19.07.2010,34.46
,20.07.2010,24.65
,21.07.2010,27.35
,22.07.2010,30.78
,23.07.2010,33.92
,24.07.2010,27.06
,25.07.2010,30.3
,26.07.2010,33.99
,27.07.2010,35.38
,28.07.2010,28.3
,29.07.2010,32.31
,30.07.2010,30.9
,31.07.2010,30.23
,01.08.2010,31.49
,02.08.2010,30.54
,03.08.2010,30.67
,04.08.2010,27
,05.08.2010,29.46
,06.08.2010,29.94
,07.08.2010,32.87
,08.08.2010,29.66
,09.08.2010,28.67
,10.08.2010,30.07
,11.08.2010,32.01
,12.08.2010,30.84
,13.08.2010,28.94
,14.08.2010,24.66
,15.08.2010,26.6
,16.08.2010,26.93
,17.08.2010,27.93
,18.08.2010,33.95
,19.08.2010,28.14
,20.08.2010,30.27
,21.08.2010,32.81
,22.08.2010,33.01
,23.08.2010,27.61
,24.08.2010,25.66
,25.08.2010,29.59
,26.08.2010,32.61
,27.08.2010,33.49
,28.08.2010,32.67
,29.08.2010,31
,30.08.2010,28.54
,31.08.2010,25.66
,01.09.2010,28.33
,02.09.2010,22.45
,03.09.2010,24.19
,04.09.2010,32.9
,05.09.2010,32.48
,06.09.2010,22.53
,07.09.2010,27
,08.09.2010,28.13
,09.09.2010,30.87
,10.09.2010,23.87
,11.09.2010,25.33
,12.09.2010,27.46
,13.09.2010,29.8
,14.09.2010,30.34
,15.09.2010,27.73
,16.09.2010,28.07
,17.09.2010,26.26
,18.09.2010,15.92
,19.09.2010,30.28
,20.09.2010,32.29
,21.09.2010,22.98
,22.09.2010,22.33
,23.09.2010,24.46
,24.09.2010,25.46
,25.09.2010,24.05
,26.09.2010,30
,27.09.2010,28.41
,28.09.2010,30.75
,29.09.2010,26.53
,30.09.2010,24.52
,01.10.2010,25.86
,02.10.2010,18.05
,03.10.2010,24.39
,04.10.2010,26.8
,05.10.2010,27.67
,06.10.2010,19.98
,07.10.2010,26.8
,08.10.2010,21.99
,09.10.2010,19.06
,10.10.2010,16.99
,11.10.2010,21.05
,12.10.2010,14.37
,13.10.2010,17.45
,14.10.2010,23.26
,15.10.2010,24.79
,16.10.2010,17.51
,17.10.2010,22.13
,18.10.2010,12.9
,19.10.2010,20.27
,20.10.2010,21.79
,21.10.2010,21.79
,22.10.2010,11.84
,23.10.2010,16.99
,24.10.2010,17.39
,25.10.2010,15.8
,26.10.2010,9.63
,27.10.2010,9.9
,28.10.2010,14.84
,29.10.2010,21.26
,30.10.2010,21.73
,31.10.2010,15.52
,01.11.2010,15.65
,02.11.2010,20.74
,03.11.2010,15.18
,04.11.2010,12.44
,05.11.2010,21.52
,06.11.2010,22.66
,07.11.2010,21.96
,08.11.2010,17.79
,09.11.2010,11.48
,10.11.2010,4.456
,11.11.2010,0.195
,12.11.2010,2.655
,13.11.2010,2.488
,14.11.2010,2.788
,15.11.2010,5.512
,16.11.2010,0.378
,17.11.2010,3.047
,18.11.2010,9.03
,19.11.2010,9.27
,20.11.2010,-1.888
,21.11.2010,4.274
,22.11.2010,4.483
,23.11.2010,8.07
,24.11.2010,0.68
,25.11.2010,1.077
,26.11.2010,8.02
,27.11.2010,9.88
,28.11.2010,10.68
,29.11.2010,-1.394
,30.11.2010,2.271
,01.12.2010,12.99
,02.12.2010,8.48
,03.12.2010,17.79
,04.12.2010,3.436
,05.12.2010,1.789
,06.12.2010,5.908
,07.12.2010,10.67
,08.12.2010,8.59
,09.12.2010,14.36
,10.12.2010,13.82
,11.12.2010,3.607
,12.12.2010,5.458
,13.12.2010,19.25
,14.12.2010,13.75
,15.12.2010,7.608
,16.12.2010,2.243
,17.12.2010,-1.413
,18.12.2010,0.553
,19.12.2010,9.7
,20.12.2010,9.16
,21.12.2010,2.197
,22.12.2010,3.172
,23.12.2010,7.447
,24.12.2010,7.729
,25.12.2010,8.25
,26.12.2010,7.867
,27.12.2010,7.178
,28.12.2010,6.402
,29.12.2010,-3.54
,30.12.2010,-0.054
,31.12.2010,-12.08
,01.01.2011,-14.91
,02.01.2011,0.36
,03.01.2011,-2.847
,04.01.2011,0.559
,05.01.2011,3.393
,06.01.2011,7.422
,07.01.2011,4.615
,08.01.2011,6.182
,09.01.2011,-0.818
,10.01.2011,-11.08
,11.01.2011,-13.78
,12.01.2011,-5.224
,13.01.2011,9.06
,14.01.2011,10.56
,15.01.2011,7.374
,16.01.2011,9.78
,17.01.2011,13.58
,18.01.2011,10.76
,19.01.2011,1.352
,20.01.2011,0.389
,21.01.2011,7.417
,22.01.2011,7.377
,23.01.2011,8.12
,24.01.2011,4.243
,25.01.2011,6.832
,26.01.2011,9.3
,27.01.2011,12.9
,28.01.2011,16.92
,29.01.2011,15.91
,30.01.2011,3.713
,31.01.2011,-2.893
,01.02.2011,-17.36
,02.02.2011,-12.97
,03.02.2011,4.242
,04.02.2011,9.16
,05.02.2011,5.904
,06.02.2011,1.328
,07.02.2011,1.927
,08.02.2011,-12.99
,09.02.2011,-8.68
,10.02.2011,-2.499
,11.02.2011,3.476
,12.02.2011,13.32
,13.02.2011,18.83
,14.02.2011,9.61
,15.02.2011,16.1
,16.02.2011,18.72
,17.02.2011,9.63
,18.02.2011,11.96
,19.02.2011,15.95
,20.02.2011,9.56
,21.02.2011,5.711
,22.02.2011,9.82
,23.02.2011,8.67
,24.02.2011,4.535
,25.02.2011,-8.07
,26.02.2011,8.94
,27.02.2011,7.994
,28.02.2011,13.99
,01.03.2011,16.41
,02.03.2011,10.81
,03.03.2011,16.8
,04.03.2011,10.13
,05.03.2011,5.887
,06.03.2011,6.952
,07.03.2011,-3.761
,08.03.2011,4.234
,09.03.2011,12.54
,10.03.2011,19.57
,11.03.2011,18.31
,12.03.2011,12.4
,13.03.2011,13.68
,14.03.2011,17.54
,15.03.2011,14.11
,16.03.2011,21.58
,17.03.2011,16.82
,18.03.2011,13.56
,19.03.2011,19.29
,20.03.2011,17.77
,21.03.2011,19.68
,22.03.2011,12
,23.03.2011,14.18
,24.03.2011,10.65
,25.03.2011,14.44
,26.03.2011,12.85
,27.03.2011,10.13
,28.03.2011,13.86
,29.03.2011,9.93
,30.03.2011,13.24
,31.03.2011,19.79
,01.04.2011,21.79
,02.04.2011,27.65
,03.04.2011,19.29
,04.04.2011,9.5
,05.04.2011,23.15
,06.04.2011,10.66
,07.04.2011,17.34
,08.04.2011,22.54
,09.04.2011,22.28
,10.04.2011,12.79
,11.04.2011,16.79
,12.04.2011,18.21
,13.04.2011,11.08
,14.04.2011,9.98
,15.04.2011,13.37
,16.04.2011,18.8
,17.04.2011,20.68
,18.04.2011,14.87
,19.04.2011,15.28
,20.04.2011,10.55
,21.04.2011,18.84
,22.04.2011,13.24
,23.04.2011,7.102
,24.04.2011,10
,25.04.2011,13.35
,26.04.2011,13.48
,27.04.2011,14.01
,28.04.2011,20.37
,29.04.2011,16.02
,30.04.2011,9.05
,01.05.2011,9.68
,02.05.2011,10.78
,03.05.2011,18.28
,04.05.2011,16.79
,05.05.2011,19.1
,06.05.2011,23.89
,07.05.2011,27.62
,08.05.2011,29.06
,09.05.2011,28.98
,10.05.2011,22.59
,11.05.2011,5.966
,12.05.2011,7.552
,13.05.2011,18.05
,14.05.2011,8.98
,15.05.2011,8.05
,16.05.2011,19.18
,17.05.2011,14.86
,18.05.2011,10.5
,19.05.2011,9.37
,20.05.2011,14.02
,21.05.2011,18.49
,22.05.2011,24.28
,23.05.2011,22.45
,24.05.2011,12.46
,25.05.2011,18.01
,26.05.2011,19.36
,27.05.2011,18.97
,28.05.2011,14.72
,29.05.2011,21.97
,30.05.2011,20.57
,31.05.2011,23.88
,01.06.2011,23.03
,02.06.2011,33.03
,03.06.2011,23.73
,04.06.2011,24.47
,05.06.2011,30.95
,06.06.2011,32.41
,07.06.2011,29.78
,08.06.2011,24.72
,09.06.2011,13.32
,10.06.2011,21.49
,11.06.2011,25.84
,12.06.2011,28.75
,13.06.2011,28.32
,14.06.2011,27.19
,15.06.2011,28.75
,16.06.2011,29.26
,17.06.2011,24
,18.06.2011,26.12
,19.06.2011,22.6
,20.06.2011,19.63
,21.06.2011,26.26
,22.06.2011,28.05
,23.06.2011,31.75
,24.06.2011,30.04
,25.06.2011,31.16
,26.06.2011,32.21
,27.06.2011,25.86
,28.06.2011,35.05
,29.06.2011,35.73
,30.06.2011,31.05
,01.07.2011,30.44
,02.07.2011,29.65
,03.07.2011,34.69
,04.07.2011,37
,05.07.2011,30.92
,06.07.2011,26.02
,07.07.2011,27.39
,08.07.2011,31.4
,09.07.2011,30.84
,10.07.2011,31.51
,11.07.2011,31.86
,12.07.2011,26.94
,13.07.2011,26.47
,14.07.2011,28.36
,15.07.2011,31.77
,16.07.2011,29.92
,17.07.2011,31.97
,18.07.2011,33.53
,19.07.2011,34.22
,20.07.2011,33.6
,21.07.2011,33.57
,22.07.2011,35.41
,23.07.2011,35.08
,24.07.2011,32.36
,25.07.2011,35.16
,26.07.2011,31.15
,27.07.2011,30.6
,28.07.2011,31.28
,29.07.2011,32.18
,30.07.2011,35.85
,31.07.2011,35.74
,01.08.2011,34.24
,02.08.2011,30.34
,03.08.2011,30.35
,04.08.2011,30.37
,05.08.2011,32.22
,06.08.2011,34.3
,07.08.2011,34.58
,08.08.2011,33.95
,09.08.2011,33.33
,10.08.2011,28.76
,11.08.2011,33.84
,12.08.2011,29.49
,13.08.2011,29.87
,14.08.2011,32.93
,15.08.2011,33.22
,16.08.2011,30.68
,17.08.2011,33.52
,18.08.2011,35.21
,19.08.2011,26.72
,20.08.2011,29.07
,21.08.2011,32.46
,22.08.2011,34.2
,23.08.2011,36.9
,24.08.2011,34.22
,25.08.2011,35.21
,26.08.2011,33.47
,27.08.2011,33.91
,28.08.2011,34.89
,29.08.2011,28.07
,30.08.2011,32.78
,31.08.2011,35.18
,01.09.2011,34.82
,02.09.2011,26.67
,03.09.2011,22.28
,04.09.2011,23.16
,05.09.2011,30.29
,06.09.2011,22.88
,07.09.2011,14.54
,08.09.2011,23.51
,09.09.2011,24.1
,10.09.2011,24.77
,11.09.2011,28.05
,12.09.2011,29.8
,13.09.2011,27.15
,14.09.2011,13.86
,15.09.2011,13.93
,16.09.2011,23.1
,17.09.2011,21.45
,18.09.2011,22.85
,19.09.2011,26.1
,20.09.2011,16.72
,21.09.2011,18.17
,22.09.2011,25.16
,23.09.2011,29.64
,24.09.2011,30.73
,25.09.2011,30.79
,26.09.2011,31.51
,27.09.2011,28.45
,28.09.2011,32.01
,29.09.2011,17.68
,30.09.2011,20.96
,01.10.2011,29.89
,02.10.2011,29.85
,03.10.2011,27.79
,04.10.2011,27.1
,05.10.2011,23.45
,06.10.2011,24.59
,07.10.2011,18.1
,08.10.2011,7.213
,09.10.2011,9.91
,10.10.2011,16.72
,11.10.2011,19.05
,12.10.2011,18.45
,13.10.2011,21.5
,14.10.2011,17.87
,15.10.2011,27.11
,16.10.2011,15.3
,17.10.2011,11.26
,18.10.2011,13.89
,19.10.2011,13.86
,20.10.2011,22.05
,21.10.2011,20.5
,22.10.2011,19.89
,23.10.2011,21.1
,24.10.2011,23.64
,25.10.2011,15.84
,26.10.2011,-1.007
,27.10.2011,-0.069
,28.10.2011,3.84
,29.10.2011,10.75
,30.10.2011,11.46
,31.10.2011,19.02
,01.11.2011,9.67
,02.11.2011,0.203
,03.11.2011,2.89
,04.11.2011,8.74
,05.11.2011,11.44
,06.11.2011,6.977
,07.11.2011,3.63
,08.11.2011,7.187
,09.11.2011,6.71
,10.11.2011,13.44
,11.11.2011,14.07
,12.11.2011,15.96
,13.11.2011,13.02
,14.11.2011,12.65
,15.11.2011,10.33
,16.11.2011,4.921
,17.11.2011,10.69
,18.11.2011,17.47
,19.11.2011,6.215
,20.11.2011,5.338
,21.11.2011,9.44
,22.11.2011,12.03
,23.11.2011,14.94
,24.11.2011,18.31
,25.11.2011,13.79
,26.11.2011,4.803
,27.11.2011,11.69
,28.11.2011,17.2
,29.11.2011,10.37
,30.11.2011,14.48
,01.12.2011,0.266
,02.12.2011,-0.811
,03.12.2011,-3.142
,04.12.2011,-1.895
,05.12.2011,-12.45
,06.12.2011,-2.687
,07.12.2011,3.477
,08.12.2011,1.631
,09.12.2011,-1.03
,10.12.2011,4.751
,11.12.2011,5.603
,12.12.2011,3.984
,13.12.2011,0.238
,14.12.2011,9.13
,15.12.2011,3.561
,16.12.2011,3.09
,17.12.2011,6.26
,18.12.2011,12.85
,19.12.2011,3.05
,20.12.2011,3.808
,21.12.2011,4.189
,22.12.2011,-3.396
,23.12.2011,3.145
,24.12.2011,2.563
,25.12.2011,3.632
,26.12.2011,10.91
,27.12.2011,7.969
,28.12.2011,14.43
,29.12.2011,14.61
,30.12.2011,10.64
,31.12.2011,10.14
,01.01.2012,1.977
,02.01.2012,8.2
,03.01.2012,14.5
,04.01.2012,12.83
,05.01.2012,16.49
,06.01.2012,11.77
,07.01.2012,4.651
,08.01.2012,3.597
,09.01.2012,9.9
,10.01.2012,12.33
,11.01.2012,4.582
,12.01.2012,6.581
,13.01.2012,10.66
,14.01.2012,13.22
,15.01.2012,11.36
,16.01.2012,5.95
,17.01.2012,-2.019
,18.01.2012,8.88
,19.01.2012,15.48
,20.01.2012,12.79
,21.01.2012,10.67
,22.01.2012,7.036
,23.01.2012,5.933
,24.01.2012,4.034
,25.01.2012,18
,26.01.2012,10.4
,27.01.2012,4.905
,28.01.2012,4.407
,29.01.2012,15.94
,30.01.2012,12.96
,31.01.2012,7.949
,01.02.2012,8.68
,02.02.2012,7.098
,03.02.2012,-1.277
,04.02.2012,-0.783
,05.02.2012,0.383
,06.02.2012,4.514
,07.02.2012,-3.954
,08.02.2012,1.402
,09.02.2012,6.072
,10.02.2012,3.887
,11.02.2012,-10.12
,12.02.2012,-5.511
,13.02.2012,6.08
,14.02.2012,6.198
,15.02.2012,1.122
,16.02.2012,6.411
,17.02.2012,5.288
,18.02.2012,4.449
,19.02.2012,6.63
,20.02.2012,5.253
,21.02.2012,11.05
,22.02.2012,15.45
,23.02.2012,7.832
,24.02.2012,4.721
,25.02.2012,16.78
,26.02.2012,3.262
,27.02.2012,8.12
,28.02.2012,5.906
,29.02.2012,12.55
,01.03.2012,6.398
,02.03.2012,1.123
,03.03.2012,10.04
,04.03.2012,17.21
,05.03.2012,19.67
,06.03.2012,21.74
,07.03.2012,2.402
,08.03.2012,7.746
,09.03.2012,15.13
,10.03.2012,19.69
,11.03.2012,18.39
,12.03.2012,18.99
,13.03.2012,22.14
,14.03.2012,22.15
,15.03.2012,21.04
,16.03.2012,23.08
,17.03.2012,23.14
,18.03.2012,21.78
,19.03.2012,10.71
,20.03.2012,11.62
,21.03.2012,18.37
,22.03.2012,20.89
,23.03.2012,23.67
,24.03.2012,22.79
,25.03.2012,19.93
,26.03.2012,26.88
,27.03.2012,19.95
,28.03.2012,22.75
,29.03.2012,20.72
,30.03.2012,23.59
,31.03.2012,26.05
,01.04.2012,26.52
,02.04.2012,10.78
,03.04.2012,5.644
,04.04.2012,16.35
,05.04.2012,22.02
,06.04.2012,25.16
,07.04.2012,14.97
,08.04.2012,21
,09.04.2012,19.76
,10.04.2012,23.76
,11.04.2012,16.26
,12.04.2012,18.13
,13.04.2012,17.19
,14.04.2012,15.5
,15.04.2012,10.69
,16.04.2012,14.56
,17.04.2012,19.34
,18.04.2012,20.25
,19.04.2012,17.08
,20.04.2012,20.31
,21.04.2012,21.83
,22.04.2012,22.19
,23.04.2012,27.16
,24.04.2012,29.38
,25.04.2012,26.54
,26.04.2012,26.14
,27.04.2012,17.91
,28.04.2012,16.05
,29.04.2012,17.98
,30.04.2012,24.11
,01.05.2012,24.13
,02.05.2012,24.25
,03.05.2012,26.71
,04.05.2012,29.42
,05.05.2012,28.54
,06.05.2012,16.4
,07.05.2012,9.94
,08.05.2012,18.24
,09.05.2012,25.74
,10.05.2012,28.48
,11.05.2012,8.77
,12.05.2012,9.26
,13.05.2012,17.32
,14.05.2012,25.06
,15.05.2012,26.34
,16.05.2012,28.76
,17.05.2012,26.84
,18.05.2012,28.21
,19.05.2012,15.29
,20.05.2012,22.43
,21.05.2012,27.86
,22.05.2012,32.07
,23.05.2012,18.11
,24.05.2012,17.74
,25.05.2012,19.25
,26.05.2012,30.5
,27.05.2012,21.3
,28.05.2012,21.91
,29.05.2012,24.35
,30.05.2012,28.08
,31.05.2012,21.8
,01.06.2012,25.15
,02.06.2012,28.84
,03.06.2012,30.56
,04.06.2012,34
,05.06.2012,30.24
,06.06.2012,29.95
,07.06.2012,27.9
,08.06.2012,30.35
,09.06.2012,33.63
,10.06.2012,25.49
,11.06.2012,24.31
,12.06.2012,28.05
,13.06.2012,32.84
,14.06.2012,30.08
,15.06.2012,29.5
,16.06.2012,25.86
,17.06.2012,34.69
,18.06.2012,36.9
,19.06.2012,34.51
,20.06.2012,24.82
,21.06.2012,30.42
,22.06.2012,37.18
,23.06.2012,38.71
,24.06.2012,39.94
,25.06.2012,39.85
,26.06.2012,38.84
,27.06.2012,35.63
,28.06.2012,35.76
,29.06.2012,37.18
,30.06.2012,36.63
,01.07.2012,37.69
,02.07.2012,37.32
,03.07.2012,34.21
,04.07.2012,36.12
,05.07.2012,34.19
,06.07.2012,29.85
,07.07.2012,25.38
,08.07.2012,22.4
,09.07.2012,25.15
,10.07.2012,27.44
,11.07.2012,30.73
,12.07.2012,33.1
,13.07.2012,33.71
,14.07.2012,34.73
,15.07.2012,33.79
,16.07.2012,32.94
,17.07.2012,31.79
,18.07.2012,34.55
,19.07.2012,34.72
,20.07.2012,39.71
,21.07.2012,38.4
,22.07.2012,37.74
,23.07.2012,37.89
,24.07.2012,37.56
,25.07.2012,33.36
,26.07.2012,34.39
,27.07.2012,33.45
,28.07.2012,34.73
,29.07.2012,35.52
,30.07.2012,32.97
,31.07.2012,37.25
,01.08.2012,35.48
,02.08.2012,34.95
,03.08.2012,37.3
,04.08.2012,28.56
,05.08.2012,35.61
,06.08.2012,38.98
,07.08.2012,34.59
,08.08.2012,37.45
,09.08.2012,34.26
,10.08.2012,33.42
,11.08.2012,34.21
,12.08.2012,31.88
,13.08.2012,28.51
,14.08.2012,33.9
,15.08.2012,37.61
,16.08.2012,23.28
,17.08.2012,28.97
,18.08.2012,30.63
,19.08.2012,29.31
,20.08.2012,27.88
,21.08.2012,33.39
,22.08.2012,33.74
,23.08.2012,30.76
,24.08.2012,34.32
,25.08.2012,27.43
,26.08.2012,35.89
,27.08.2012,36.18
,28.08.2012,38.32
,29.08.2012,37.5
,30.08.2012,36.07
,31.08.2012,35.94
,01.09.2012,35.42
,02.09.2012,34.41
,03.09.2012,32.86
,04.09.2012,36.53
,05.09.2012,28.2
,06.09.2012,31.74
,07.09.2012,21.68
,08.09.2012,26.46
,09.09.2012,30.66
,10.09.2012,32.81
,11.09.2012,29.76
,12.09.2012,15.11
,13.09.2012,20.7
,14.09.2012,24.62
,15.09.2012,29.36
,16.09.2012,30.93
,17.09.2012,18.43
,18.09.2012,25.63
,19.09.2012,27.26
,20.09.2012,27.38
,21.09.2012,26.73
,22.09.2012,24.34
,23.09.2012,28.93
,24.09.2012,25.99
,25.09.2012,20.39
,26.09.2012,18.46
,27.09.2012,18.41
,28.09.2012,20.32
,29.09.2012,23.86
,30.09.2012,24.75
,01.10.2012,21.16
,02.10.2012,27.72
,03.10.2012,28.49
,04.10.2012,5.513
,05.10.2012,3.026
,06.10.2012,5.017
,07.10.2012,12.35
,08.10.2012,20.99
,09.10.2012,8.38
,10.10.2012,14.22
,11.10.2012,16.1
,12.10.2012,13.14
,13.10.2012,15.13
,14.10.2012,19.69
,15.10.2012,23.02
,16.10.2012,23.19
,17.10.2012,13.59
,18.10.2012,18.21
,19.10.2012,19.09
,20.10.2012,21.81
,21.10.2012,20.22
,22.10.2012,16.77
,23.10.2012,24.54
,24.10.2012,9.41
,25.10.2012,2.659
,26.10.2012,1.065
,27.10.2012,9.11
,28.10.2012,12.71
,29.10.2012,17.15
,30.10.2012,19.96
,31.10.2012,20.84
,01.11.2012,14.87
,02.11.2012,17.5
,03.11.2012,13.3
,04.11.2012,17.69
,05.11.2012,16.12
,06.11.2012,16.26
,07.11.2012,20.95
,08.11.2012,12.86
,09.11.2012,12.99
,10.11.2012,4.063
,11.11.2012,-1.24
,12.11.2012,1.362
,13.11.2012,8.85
,14.11.2012,8.8
,15.11.2012,7.199
,16.11.2012,9.76
,17.11.2012,14.82
,18.11.2012,16.38
,19.11.2012,9.44
,20.11.2012,15.76
,21.11.2012,19.56
,22.11.2012,14.35
,23.11.2012,6.152
,24.11.2012,19.02
,25.11.2012,9.59
,26.11.2012,0.737
,27.11.2012,14.56
,28.11.2012,5.068
,29.11.2012,14.58
,30.11.2012,14.13
,01.12.2012,14.79
,02.12.2012,14.98
,03.12.2012,13.69
,04.12.2012,8.92
,05.12.2012,17.48
,06.12.2012,9.55
,07.12.2012,8.76
,08.12.2012,6.92
,09.12.2012,-3.821
,10.12.2012,3.633
,11.12.2012,3.919
,12.12.2012,13.6
,13.12.2012,7.434
,14.12.2012,5.34
,15.12.2012,4.215
,16.12.2012,2.733
,17.12.2012,10.26
,18.12.2012,5.45
,19.12.2012,-4.559
,20.12.2012,7.618
,21.12.2012,10.27
,22.12.2012,9.47
,23.12.2012,10.3
,24.12.2012,1.416
,25.12.2012,-10.41
,26.12.2012,-7.909
,27.12.2012,-4.793
,28.12.2012,-2.202
,29.12.2012,-1.899
,30.12.2012,0.804
,31.12.2012,-5.101
,01.01.2013,-4.325
,02.01.2013,-1.779
,03.01.2013,-0.911
,04.01.2013,4.995
,05.01.2013,2.774
,06.01.2013,7.106
,07.01.2013,9.51
,08.01.2013,11.67
,09.01.2013,10.72
,10.01.2013,4.083
,11.01.2013,2.6
,12.01.2013,-11.25
,13.01.2013,-11.55
,14.01.2013,-12.1
,15.01.2013,0.693
,16.01.2013,10.32
,17.01.2013,8.3
,18.01.2013,14.46
,19.01.2013,12.26
,20.01.2013,9.93
,21.01.2013,10.94
,22.01.2013,12.94
,23.01.2013,16.25
,24.01.2013,15.25
,25.01.2013,12.96
,26.01.2013,10.71
,27.01.2013,13.08
,28.01.2013,8.71
,29.01.2013,-1.888
,30.01.2013,1.043
,31.01.2013,1.421
,01.02.2013,6.697
,02.02.2013,11.33
,03.02.2013,11.32
,04.02.2013,9.75
,05.02.2013,11.71
,06.02.2013,10.97
,07.02.2013,7.819
,08.02.2013,9.41
,09.02.2013,4.406
,10.02.2013,1.723
,11.02.2013,-1.3
,12.02.2013,6.875
,13.02.2013,9.62
,14.02.2013,0.372
,15.02.2013,3.904
,16.02.2013,13.87
,17.02.2013,15.11
,18.02.2013,5.498
,19.02.2013,4.151
,20.02.2013,2.58
,21.02.2013,-2.412
,22.02.2013,0.642
,23.02.2013,4.119
,24.02.2013,-2.303
,25.02.2013,-2.288
,26.02.2013,0.745
,27.02.2013,2.448
,28.02.2013,4.561
,01.03.2013,5.301
,02.03.2013,14.19
,03.03.2013,16.07
,04.03.2013,6.827
,05.03.2013,3.616
,06.03.2013,11.36
,07.03.2013,16.81
,08.03.2013,8.44
,09.03.2013,2.599
,10.03.2013,9.46
,11.03.2013,13.66
,12.03.2013,0.014
,13.03.2013,14.05
,14.03.2013,19.45
,15.03.2013,24.15
,16.03.2013,11.6
,17.03.2013,13.39
,18.03.2013,10.1
,19.03.2013,11.79
,20.03.2013,7.753
,21.03.2013,11.43
,22.03.2013,4.842
,23.03.2013,-4.591
,24.03.2013,-2.83
,25.03.2013,-0.564
,26.03.2013,7.956
,27.03.2013,11.39
,28.03.2013,18.5
,29.03.2013,18.74
,30.03.2013,18.35
,31.03.2013,19.73
,01.04.2013,10.77
,02.04.2013,7.143
,03.04.2013,15.49
,04.04.2013,20.06
,05.04.2013,22.4
,06.04.2013,17.1
,07.04.2013,16.57
,08.04.2013,19.83
,09.04.2013,-7.118
,10.04.2013,-1.143
,11.04.2013,13.05
,12.04.2013,12.06
,13.04.2013,15.24
,14.04.2013,7.911
,15.04.2013,0.038
,16.04.2013,-0.788
,17.04.2013,-2.019
,18.04.2013,0.711
,19.04.2013,9.71
,20.04.2013,12.72
,21.04.2013,15.23
,22.04.2013,5.434
,23.04.2013,-0.256
,24.04.2013,11.45
,25.04.2013,11.01
,26.04.2013,19.83
,27.04.2013,23.32
,28.04.2013,25.77
,29.04.2013,26.11
,30.04.2013,13.17
,01.05.2013,0.19
,02.05.2013,4.753
,03.05.2013,15.15
,04.05.2013,14.76
,05.05.2013,14.35
,06.05.2013,20.02
,07.05.2013,20.21
,08.05.2013,18.93
,09.05.2013,15.23
,10.05.2013,19.45
,11.05.2013,17.98
,12.05.2013,26.9
,13.05.2013,30.43
,14.05.2013,29.26
,15.05.2013,28.42
,16.05.2013,26.58
,17.05.2013,29.18
,18.05.2013,24.5
,19.05.2013,20.59
,20.05.2013,17.76
,21.05.2013,20.89
,22.05.2013,22.82
,23.05.2013,18.89
,24.05.2013,28.22
,25.05.2013,29.46
,26.05.2013,28.02
,27.05.2013,27.9
,28.05.2013,26.26
,29.05.2013,17.52
,30.05.2013,20.46
,31.05.2013,21.08
,01.06.2013,21.85
,02.06.2013,27.11
,03.06.2013,31.34
,04.06.2013,23.05
,05.06.2013,16.73
,06.06.2013,26.56
,07.06.2013,26.89
,08.06.2013,26.33
,09.06.2013,30.02
,10.06.2013,36.22
,11.06.2013,35.74
,12.06.2013,31.87
,13.06.2013,29.34
,14.06.2013,32.38
,15.06.2013,27
,16.06.2013,26.82
,17.06.2013,25.77
,18.06.2013,28.24
,19.06.2013,33.92
,20.06.2013,30.94
,21.06.2013,33.69
,22.06.2013,29.2
,23.06.2013,27.76
,24.06.2013,32.22
,25.06.2013,30.89
,26.06.2013,33.94
,27.06.2013,34.79
,28.06.2013,34.51
,29.06.2013,29.01
,30.06.2013,26.66
,01.07.2013,26.01
,02.07.2013,26.81
,03.07.2013,29.53
,04.07.2013,32.86
,05.07.2013,31.05
,06.07.2013,32.08
,07.07.2013,30.76
,08.07.2013,32.69
,09.07.2013,34.15
,10.07.2013,31.87
,11.07.2013,36.28
,12.07.2013,33.56
,13.07.2013,31.63
,14.07.2013,25.95
,15.07.2013,26.64
,16.07.2013,28.79
,17.07.2013,31.82
,18.07.2013,33.53
,19.07.2013,26
,20.07.2013,28.83
,21.07.2013,27.54
,22.07.2013,32.27
,23.07.2013,29.58
,24.07.2013,29.12
,25.07.2013,25.61
,26.07.2013,28.8
,27.07.2013,22.84
,28.07.2013,21.51
,29.07.2013,24.41
,30.07.2013,30.37
,31.07.2013,31.04
,01.08.2013,32.77
,02.08.2013,32.71
,03.08.2013,32.46
,04.08.2013,27.3
,05.08.2013,28.85
,06.08.2013,30.41
,07.08.2013,22.31
,08.08.2013,22.85
,09.08.2013,25.92
,10.08.2013,29
,11.08.2013,27.65
,12.08.2013,26.48
,13.08.2013,25.86
,14.08.2013,28.12
,15.08.2013,29
,16.08.2013,31.08
,17.08.2013,32.73
,18.08.2013,32.39
,19.08.2013,34.37
,20.08.2013,35.74
,21.08.2013,32.67
,22.08.2013,27.2
,23.08.2013,30.12
,24.08.2013,31.97
,25.08.2013,32.89
,26.08.2013,33.43
,27.08.2013,33.31
,28.08.2013,33.24
,29.08.2013,36.1
,30.08.2013,32.19
,31.08.2013,34.63
,01.09.2013,26.78
,02.09.2013,31.74
,03.09.2013,33.94
,04.09.2013,34.26
,05.09.2013,33.8
,06.09.2013,35.73
,07.09.2013,33.24
,08.09.2013,34.34
,09.09.2013,29.17
,10.09.2013,19.86
,11.09.2013,20.13
,12.09.2013,16.84
,13.09.2013,22.76
,14.09.2013,26
,15.09.2013,14.7
,16.09.2013,20.76
,17.09.2013,28.9
,18.09.2013,27.23
,19.09.2013,19.02
,20.09.2013,21.7
,21.09.2013,27.58
,22.09.2013,25.57
,23.09.2013,19.56
,24.09.2013,22.66
,25.09.2013,26.38
,26.09.2013,21.11
,27.09.2013,10.69
,28.09.2013,17.23
,29.09.2013,22.94
,30.09.2013,25.95
,01.10.2013,20.69
,02.10.2013,24.82
,03.10.2013,17.74
,04.10.2013,6.816
,05.10.2013,14.59
,06.10.2013,21.1
,07.10.2013,23.17
,08.10.2013,25.52
,09.10.2013,17.83
,10.10.2013,13.48
,11.10.2013,15.79
,12.10.2013,13.9
,13.10.2013,17.04
,14.10.2013,9.21
,15.10.2013,7.982
,16.10.2013,13.55
,17.10.2013,9.32
,18.10.2013,7.687
,19.10.2013,16.11
,20.10.2013,8.07
,21.10.2013,15.55
,22.10.2013,18.63
,23.10.2013,18.78
,24.10.2013,13.59
,25.10.2013,21.38
,26.10.2013,16.46
,27.10.2013,21.04
,28.10.2013,8.69
,29.10.2013,3.907
,30.10.2013,5.77
,31.10.2013,12.25
,01.11.2013,11.1
,02.11.2013,14.21
,03.11.2013,18.28
,04.11.2013,5.919
,05.11.2013,5.749
,06.11.2013,12.04
,07.11.2013,12.54
,08.11.2013,19.52
,09.11.2013,14.51
,10.11.2013,17.15
,11.11.2013,15.21
,12.11.2013,11.28
,13.11.2013,18.13
,14.11.2013,12.96
,15.11.2013,16.74
,16.11.2013,12.76
,17.11.2013,12.13
,18.11.2013,14.54
,19.11.2013,10.9
,20.11.2013,13.99
,21.11.2013,-4.904
,22.11.2013,-1.966
,23.11.2013,0.908
,24.11.2013,1.548
,25.11.2013,5.081
,26.11.2013,10.9
,27.11.2013,14.37
,28.11.2013,8.03
,29.11.2013,16.12
,30.11.2013,13.05
,01.12.2013,13.05
,02.12.2013,14.86
,03.12.2013,6.552
,04.12.2013,-11.09
,05.12.2013,-12.66
,06.12.2013,-14.1
,07.12.2013,-13.18
,08.12.2013,-11.22
,09.12.2013,-7.961
,10.12.2013,4.486
,11.12.2013,-2.567
,12.12.2013,7.539
,13.12.2013,9.37
,14.12.2013,5.481
,15.12.2013,10.77
,16.12.2013,16.53
,17.12.2013,12.71
,18.12.2013,14.61
,19.12.2013,5.465
,20.12.2013,-5.454
,21.12.2013,1.034
,22.12.2013,2.135
,23.12.2013,-4.332
,24.12.2013,7.23
,25.12.2013,3.888
,26.12.2013,9.76
,27.12.2013,12.08
,28.12.2013,14.71
,29.12.2013,1.69
,30.12.2013,8.08
,31.12.2013,13.6
,01.01.2014,4.149
,02.01.2014,4.291
,03.01.2014,15.36
,04.01.2014,-1.286
,05.01.2014,-10.99
,06.01.2014,-6.316
,07.01.2014,2.164
,08.01.2014,2.374
,09.01.2014,5.123
,10.01.2014,5.551
,11.01.2014,10.77
,12.01.2014,7.157
,13.01.2014,9.88
,14.01.2014,3.056
,15.01.2014,12.51
,16.01.2014,8.54
,17.01.2014,9.72
,18.01.2014,13.29
,19.01.2014,17.21
,20.01.2014,11.01
,21.01.2014,16.38
,22.01.2014,6.647
,23.01.2014,-8.4
,24.01.2014,14.12
,25.01.2014,12.81
,26.01.2014,14.31
,27.01.2014,-8.98
,28.01.2014,-16.94
,29.01.2014,4.077
,30.01.2014,6.995
,31.01.2014,-3.913
,01.02.2014,-4.252
,02.02.2014,-7.834
,03.02.2014,-3.923
,04.02.2014,-8.58
,05.02.2014,-19.36
,06.02.2014,-18.57
,07.02.2014,-3.22
,08.02.2014,2.786
,09.02.2014,-8.09
,10.02.2014,-3.263
,11.02.2014,4.707
,12.02.2014,5.421
,13.02.2014,11.51
,14.02.2014,5.086
