@T,soils,,,,,,,,,,,,
descr,soils_hor.csv,,,,,,,,,,,,
depth_acc,FALSE,,,,,,,,,,,,
 ,,,,,,,,,,,,,
@H,SID,depth,aircapacity,fieldcapacity,deadcapacity,kf,bulk_density,corg,root,kvalue,A_skel,p_content,initSWC
min,1,0,0,0,0,0,0,0,0,0,0,0,0
max,-9999,-9999,-9999,-9999,-9999,-9999,-9999,-9999,1,1,100,500,1
unit,n/a,cm,Vol.%,Vol.%,Vol.%,cm/d,g/cm,%,n/a,n/a,%,mg/100g_soil,Vol.%
,10101,5,0.45,0.23,0.03,50,1.4,5,1,0.3,6,10,0.160085204
,10102,10,0.45,0.23,0.03,50,1.4,5,1,0.3,6,10,0.160085204
,10103,10,0.45,0.23,0.03,50,1.4,5,1,0.3,6,10,0.160085204
,10104,10,0.45,0.23,0.03,50,1.4,0.5,1,0.3,6,10,0.160085204
,10105,10,0.45,0.23,0.03,50,1.4,0.5,1,0.3,6,10,0.162116318
,10106,10,0.45,0.23,0.03,50,1.4,0.5,1,0.3,6,10,0.160991645
,10107,10,0.45,0.23,0.03,50,1.4,0.5,1,0.3,6,10,0.158717667
,10108,10,0.45,0.23,0.03,50,1.4,0.5,1,0.3,6,10,0.150947924
,10109,10,0.45,0.23,0.03,50,1.4,0.5,1,0.3,6,10,0.144271932
,10110,10,0.45,0.23,0.03,50,1.4,0.5,1,0.3,6,10,0.135101958
,10111,10,0.45,0.23,0.03,50,1.4,0.5,1,0.3,6,10,0.138547734
,10112,10,0.45,0.23,0.03,50,1.4,0.1,1,0.3,6,10,0.141993509
,10113,10,0.45,0.23,0.03,50,1.4,0.1,1,0.3,6,10,0.145439284
,10114,10,0.45,0.23,0.03,50,1.4,0.1,1,0.3,6,10,0.150256211
,10115,10,0.45,0.23,0.03,50,1.4,0.1,1,0.3,6,10,0.155073138
,10116,10,0.45,0.23,0.03,50,1.4,0.1,1,0.3,6,10,0.159890065
,10117,10,0.45,0.23,0.03,50,1.4,0.1,1,0.3,6,10,0.160302796
,10118,10,0.45,0.23,0.03,50,1.4,0.1,1,0.3,6,10,0.160715528
,10119,10,0.45,0.23,0.03,50,1.4,0.1,1,0.3,6,10,0.160715528
,10120,1315,0.45,0.23,0.03,50,1.4,0.1,1,0.3,6,10,0.160715528
,10201,5,0.45,0.23,0.03,50,1.4,5,1,0.3,6,10,0.166088794
,10202,10,0.45,0.23,0.03,50,1.4,5,1,0.3,6,10,0.166088794
,10203,10,0.45,0.23,0.03,50,1.4,5,1,0.3,6,10,0.166088794
,10204,10,0.45,0.23,0.03,50,1.4,0.5,1,0.3,6,10,0.166088794
,10205,10,0.45,0.23,0.03,50,1.4,0.5,1,0.3,6,10,0.160733537
,10206,10,0.45,0.23,0.03,50,1.4,0.5,1,0.3,6,10,0.149066707
,10207,10,0.45,0.23,0.03,50,1.4,0.5,1,0.3,6,10,0.135101265
,10208,10,0.45,0.23,0.03,50,1.4,0.5,1,0.3,6,10,0.124973159
,10209,10,0.45,0.23,0.03,50,1.4,0.5,1,0.3,6,10,0.117032554
,10210,10,0.45,0.23,0.03,50,1.4,0.5,1,0.3,6,10,0.104103985
,10211,10,0.45,0.23,0.03,50,1.4,0.5,1,0.3,6,10,0.106688843
,10212,10,0.45,0.23,0.03,50,1.4,0.1,1,0.3,6,10,0.109273701
,10213,10,0.45,0.23,0.03,50,1.4,0.1,1,0.3,6,10,0.111858558
,10214,10,0.45,0.23,0.03,50,1.4,0.1,1,0.3,6,10,0.11236828
,10215,10,0.45,0.23,0.03,50,1.4,0.1,1,0.3,6,10,0.112878003
,10216,10,0.45,0.23,0.03,50,1.4,0.1,1,0.3,6,10,0.113387725
,10217,10,0.45,0.23,0.03,50,1.4,0.1,1,0.3,6,10,0.114213188
,10218,10,0.45,0.23,0.03,50,1.4,0.1,1,0.3,6,10,0.115038651
,10219,10,0.45,0.23,0.03,50,1.4,0.1,1,0.3,6,10,0.115038651
,10220,1315,0.45,0.23,0.03,50,1.4,0.1,1,0.3,6,10,0.115038651
,10401,5,0.45,0.23,0.03,50,1.4,5,1,0.3,6,10,0.166088794
,10402,10,0.45,0.23,0.03,50,1.4,5,1,0.3,6,10,0.166088794
,10403,10,0.45,0.23,0.03,50,1.4,5,1,0.3,6,10,0.166088794
,10404,10,0.45,0.23,0.03,50,1.4,0.5,1,0.3,6,10,0.166088794
,10405,10,0.45,0.23,0.03,50,1.4,0.5,1,0.3,6,10,0.160733537
,10406,10,0.45,0.23,0.03,50,1.4,0.5,1,0.3,6,10,0.149066707
,10407,10,0.45,0.23,0.03,50,1.4,0.5,1,0.3,6,10,0.135101265
,10408,10,0.45,0.23,0.03,50,1.4,0.5,1,0.3,6,10,0.124973159
,10409,10,0.45,0.23,0.03,50,1.4,0.5,1,0.3,6,10,0.117032554
,10410,10,0.45,0.23,0.03,50,1.4,0.5,1,0.3,6,10,0.104103985
,10411,10,0.45,0.23,0.03,50,1.4,0.5,1,0.3,6,10,0.106688843
,10412,10,0.45,0.23,0.03,50,1.4,0.1,1,0.3,6,10,0.109273701
,10413,10,0.45,0.23,0.03,50,1.4,0.1,1,0.3,6,10,0.111858558
,10414,10,0.45,0.23,0.03,50,1.4,0.1,1,0.3,6,10,0.11236828
,10415,10,0.45,0.23,0.03,50,1.4,0.1,1,0.3,6,10,0.112878003
,10416,10,0.45,0.23,0.03,50,1.4,0.1,1,0.3,6,10,0.113387725
,10417,10,0.45,0.23,0.03,50,1.4,0.1,1,0.3,6,10,0.114213188
,10418,10,0.45,0.23,0.03,50,1.4,0.1,1,0.3,6,10,0.115038651
,10419,10,0.45,0.23,0.03,50,1.4,0.1,1,0.3,6,10,0.115038651
,10420,1315,0.45,0.23,0.03,50,1.4,0.1,1,0.3,6,10,0.115038651
,10501,5,0.45,0.23,0.03,50,1.4,5,1,0.3,6,10,0.166088794
,10502,10,0.45,0.23,0.03,50,1.4,5,1,0.3,6,10,0.166088794
,10503,10,0.45,0.23,0.03,50,1.4,5,1,0.3,6,10,0.166088794
,10504,10,0.45,0.23,0.03,50,1.4,0.5,1,0.3,6,10,0.166088794
,10505,10,0.45,0.23,0.03,50,1.4,0.5,1,0.3,6,10,0.160733537
,10506,10,0.45,0.23,0.03,50,1.4,0.5,1,0.3,6,10,0.149066707
,10507,10,0.45,0.23,0.03,50,1.4,0.5,1,0.3,6,10,0.135101265
,10508,10,0.45,0.23,0.03,50,1.4,0.5,1,0.3,6,10,0.124973159
,10509,10,0.45,0.23,0.03,50,1.4,0.5,1,0.3,6,10,0.117032554
,10510,10,0.45,0.23,0.03,50,1.4,0.5,1,0.3,6,10,0.104103985
,10511,10,0.45,0.23,0.03,50,1.4,0.5,1,0.3,6,10,0.106688843
,10512,10,0.45,0.23,0.03,50,1.4,0.1,1,0.3,6,10,0.109273701
,10513,10,0.45,0.23,0.03,50,1.4,0.1,1,0.3,6,10,0.111858558
,10514,10,0.45,0.23,0.03,50,1.4,0.1,1,0.3,6,10,0.11236828
,10515,10,0.45,0.23,0.03,50,1.4,0.1,1,0.3,6,10,0.112878003
,10516,10,0.45,0.23,0.03,50,1.4,0.1,1,0.3,6,10,0.113387725
,10517,10,0.45,0.23,0.03,50,1.4,0.1,1,0.3,6,10,0.114213188
,10518,10,0.45,0.23,0.03,50,1.4,0.1,1,0.3,6,10,0.115038651
,10519,10,0.45,0.23,0.03,50,1.4,0.1,1,0.3,6,10,0.115038651
,10520,1315,0.45,0.23,0.03,50,1.4,0.1,1,0.3,6,10,0.115038651
,10601,5,0.45,0.23,0.03,50,1.4,5,1,0.3,6,10,0.154081615
,10602,10,0.45,0.23,0.03,50,1.4,5,1,0.3,6,10,0.154081615
,10603,10,0.45,0.23,0.03,50,1.4,5,1,0.3,6,10,0.154081615
,10604,10,0.45,0.23,0.03,50,1.4,0.5,1,0.3,6,10,0.154081615
,10605,10,0.45,0.23,0.03,50,1.4,0.5,1,0.3,6,10,0.163499099
,10606,10,0.45,0.23,0.03,50,1.4,0.5,1,0.3,6,10,0.172916584
,10607,10,0.45,0.23,0.03,50,1.4,0.5,1,0.3,6,10,0.182334068
,10608,10,0.45,0.23,0.03,50,1.4,0.5,1,0.3,6,10,0.176922689
,10609,10,0.45,0.23,0.03,50,1.4,0.5,1,0.3,6,10,0.17151131
,10610,10,0.45,0.23,0.03,50,1.4,0.5,1,0.3,6,10,0.166099931
,10611,10,0.45,0.23,0.03,50,1.4,0.5,1,0.3,6,10,0.170406624
,10612,10,0.45,0.23,0.03,50,1.4,0.1,1,0.3,6,10,0.174713318
,10613,10,0.45,0.23,0.03,50,1.4,0.1,1,0.3,6,10,0.179020011
,10614,10,0.45,0.23,0.03,50,1.4,0.1,1,0.3,6,10,0.188144142
,10615,10,0.45,0.23,0.03,50,1.4,0.1,1,0.3,6,10,0.197268273
,10616,10,0.45,0.23,0.03,50,1.4,0.1,1,0.3,6,10,0.206392404
,10617,10,0.45,0.23,0.03,50,1.4,0.1,1,0.3,6,10,0.206392404
,10618,10,0.45,0.23,0.03,50,1.4,0.1,1,0.3,6,10,0.206392404
,10619,10,0.45,0.23,0.03,50,1.4,0.1,1,0.3,6,10,0.206392404
,10620,1315,0.45,0.23,0.03,50,1.4,0.1,1,0.3,6,10,0.206392404
,10801,5,0.45,0.23,0.03,50,1.4,5,1,0.3,6,10,0.154081615
,10802,10,0.45,0.23,0.03,50,1.4,5,1,0.3,6,10,0.154081615
,10803,10,0.45,0.23,0.03,50,1.4,5,1,0.3,6,10,0.154081615
,10804,10,0.45,0.23,0.03,50,1.4,0.5,1,0.3,6,10,0.154081615
,10805,10,0.45,0.23,0.03,50,1.4,0.5,1,0.3,6,10,0.163499099
,10806,10,0.45,0.23,0.03,50,1.4,0.5,1,0.3,6,10,0.172916584
,10807,10,0.45,0.23,0.03,50,1.4,0.5,1,0.3,6,10,0.182334068
,10808,10,0.45,0.23,0.03,50,1.4,0.5,1,0.3,6,10,0.176922689
,10809,10,0.45,0.23,0.03,50,1.4,0.5,1,0.3,6,10,0.17151131
,10810,10,0.45,0.23,0.03,50,1.4,0.5,1,0.3,6,10,0.166099931
,10811,10,0.45,0.23,0.03,50,1.4,0.5,1,0.3,6,10,0.170406624
,10812,10,0.45,0.23,0.03,50,1.4,0.1,1,0.3,6,10,0.174713318
,10813,10,0.45,0.23,0.03,50,1.4,0.1,1,0.3,6,10,0.179020011
,10814,10,0.45,0.23,0.03,50,1.4,0.1,1,0.3,6,10,0.188144142
,10815,10,0.45,0.23,0.03,50,1.4,0.1,1,0.3,6,10,0.197268273
,10816,10,0.45,0.23,0.03,50,1.4,0.1,1,0.3,6,10,0.206392404
,10817,10,0.45,0.23,0.03,50,1.4,0.1,1,0.3,6,10,0.206392404
,10818,10,0.45,0.23,0.03,50,1.4,0.1,1,0.3,6,10,0.206392404
,10819,10,0.45,0.23,0.03,50,1.4,0.1,1,0.3,6,10,0.206392404
,10820,1315,0.45,0.23,0.03,50,1.4,0.1,1,0.3,6,10,0.206392404
,10901,5,0.45,0.23,0.03,50,1.4,5,1,0.3,6,10,0.154081615
,10902,10,0.45,0.23,0.03,50,1.4,5,1,0.3,6,10,0.154081615
,10903,10,0.45,0.23,0.03,50,1.4,5,1,0.3,6,10,0.154081615
,10904,10,0.45,0.23,0.03,50,1.4,0.5,1,0.3,6,10,0.154081615
,10905,10,0.45,0.23,0.03,50,1.4,0.5,1,0.3,6,10,0.163499099
,10906,10,0.45,0.23,0.03,50,1.4,0.5,1,0.3,6,10,0.172916584
,10907,10,0.45,0.23,0.03,50,1.4,0.5,1,0.3,6,10,0.182334068
,10908,10,0.45,0.23,0.03,50,1.4,0.5,1,0.3,6,10,0.176922689
,10909,10,0.45,0.23,0.03,50,1.4,0.5,1,0.3,6,10,0.17151131
,10910,10,0.45,0.23,0.03,50,1.4,0.5,1,0.3,6,10,0.166099931
,10911,10,0.45,0.23,0.03,50,1.4,0.5,1,0.3,6,10,0.170406624
,10912,10,0.45,0.23,0.03,50,1.4,0.1,1,0.3,6,10,0.174713318
,10913,10,0.45,0.23,0.03,50,1.4,0.1,1,0.3,6,10,0.179020011
,10914,10,0.45,0.23,0.03,50,1.4,0.1,1,0.3,6,10,0.188144142
,10915,10,0.45,0.23,0.03,50,1.4,0.1,1,0.3,6,10,0.197268273
,10916,10,0.45,0.23,0.03,50,1.4,0.1,1,0.3,6,10,0.206392404
,10917,10,0.45,0.23,0.03,50,1.4,0.1,1,0.3,6,10,0.206392404
,10918,10,0.45,0.23,0.03,50,1.4,0.1,1,0.3,6,10,0.206392404
,10919,10,0.45,0.23,0.03,50,1.4,0.1,1,0.3,6,10,0.206392404
,10920,1315,0.45,0.23,0.03,50,1.4,0.1,1,0.3,6,10,0.206392404
,11001,5,0.45,0.23,0.03,50,1.4,5,1,0.3,6,10,0.154081615
,11002,10,0.45,0.23,0.03,50,1.4,5,1,0.3,6,10,0.154081615
,11003,10,0.45,0.23,0.03,50,1.4,5,1,0.3,6,10,0.154081615
,11004,10,0.45,0.23,0.03,50,1.4,0.5,1,0.3,6,10,0.154081615
,11005,10,0.45,0.23,0.03,50,1.4,0.5,1,0.3,6,10,0.163499099
,11006,10,0.45,0.23,0.03,50,1.4,0.5,1,0.3,6,10,0.172916584
,11007,10,0.45,0.23,0.03,50,1.4,0.5,1,0.3,6,10,0.182334068
,11008,10,0.45,0.23,0.03,50,1.4,0.5,1,0.3,6,10,0.176922689
,11009,10,0.45,0.23,0.03,50,1.4,0.5,1,0.3,6,10,0.17151131
,11010,10,0.45,0.23,0.03,50,1.4,0.5,1,0.3,6,10,0.166099931
,11011,10,0.45,0.23,0.03,50,1.4,0.5,1,0.3,6,10,0.170406624
,11012,10,0.45,0.23,0.03,50,1.4,0.1,1,0.3,6,10,0.174713318
,11013,10,0.45,0.23,0.03,50,1.4,0.1,1,0.3,6,10,0.179020011
,11014,10,0.45,0.23,0.03,50,1.4,0.1,1,0.3,6,10,0.188144142
,11015,10,0.45,0.23,0.03,50,1.4,0.1,1,0.3,6,10,0.197268273
,11016,10,0.45,0.23,0.03,50,1.4,0.1,1,0.3,6,10,0.206392404
,11017,10,0.45,0.23,0.03,50,1.4,0.1,1,0.3,6,10,0.206392404
,11018,10,0.45,0.23,0.03,50,1.4,0.1,1,0.3,6,10,0.206392404
,11019,10,0.45,0.23,0.03,50,1.4,0.1,1,0.3,6,10,0.206392404
,11020,1315,0.45,0.23,0.03,50,1.4,0.1,1,0.3,6,10,0.206392404
,11201,5,0.45,0.23,0.03,50,1.4,5,1,0.3,6,10,0.154081615
,11202,10,0.45,0.23,0.03,50,1.4,5,1,0.3,6,10,0.154081615
,11203,10,0.45,0.23,0.03,50,1.4,5,1,0.3,6,10,0.154081615
,11204,10,0.45,0.23,0.03,50,1.4,0.5,1,0.3,6,10,0.154081615
,11205,10,0.45,0.23,0.03,50,1.4,0.5,1,0.3,6,10,0.163499099
,11206,10,0.45,0.23,0.03,50,1.4,0.5,1,0.3,6,10,0.172916584
,11207,10,0.45,0.23,0.03,50,1.4,0.5,1,0.3,6,10,0.182334068
,11208,10,0.45,0.23,0.03,50,1.4,0.5,1,0.3,6,10,0.176922689
,11209,10,0.45,0.23,0.03,50,1.4,0.5,1,0.3,6,10,0.17151131
,11210,10,0.45,0.23,0.03,50,1.4,0.5,1,0.3,6,10,0.166099931
,11211,10,0.45,0.23,0.03,50,1.4,0.5,1,0.3,6,10,0.170406624
,11212,10,0.45,0.23,0.03,50,1.4,0.1,1,0.3,6,10,0.174713318
,11213,10,0.45,0.23,0.03,50,1.4,0.1,1,0.3,6,10,0.179020011
,11214,10,0.45,0.23,0.03,50,1.4,0.1,1,0.3,6,10,0.188144142
,11215,10,0.45,0.23,0.03,50,1.4,0.1,1,0.3,6,10,0.197268273
,11216,10,0.45,0.23,0.03,50,1.4,0.1,1,0.3,6,10,0.206392404
,11217,10,0.45,0.23,0.03,50,1.4,0.1,1,0.3,6,10,0.206392404
,11218,10,0.45,0.23,0.03,50,1.4,0.1,1,0.3,6,10,0.206392404
,11219,10,0.45,0.23,0.03,50,1.4,0.1,1,0.3,6,10,0.206392404
,11220,1315,0.45,0.23,0.03,50,1.4,0.1,1,0.3,6,10,0.206392404
,11301,5,0.45,0.23,0.03,50,1.4,5,1,0.3,6,10,0.199558301
,11302,10,0.45,0.23,0.03,50,1.4,5,1,0.3,6,10,0.199558301
,11303,10,0.45,0.23,0.03,50,1.4,5,1,0.3,6,10,0.199558301
,11304,10,0.45,0.23,0.03,50,1.4,0.5,1,0.3,6,10,0.199558301
,11305,10,0.45,0.23,0.03,50,1.4,0.5,1,0.3,6,10,0.185364593
,11306,10,0.45,0.23,0.03,50,1.4,0.5,1,0.3,6,10,0.171170884
,11307,10,0.45,0.23,0.03,50,1.4,0.5,1,0.3,6,10,0.156977176
,11308,10,0.45,0.23,0.03,50,1.4,0.5,1,0.3,6,10,0.133095403
,11309,10,0.45,0.23,0.03,50,1.4,0.5,1,0.3,6,10,0.109213631
,11310,10,0.45,0.23,0.03,50,1.4,0.5,1,0.3,6,10,0.085331858
,11311,10,0.45,0.23,0.03,50,1.4,0.5,1,0.3,6,10,0.08801894
,11312,10,0.45,0.23,0.03,50,1.4,0.1,1,0.3,6,10,0.090706022
,11313,10,0.45,0.23,0.03,50,1.4,0.1,1,0.3,6,10,0.093393104
,11314,10,0.45,0.23,0.03,50,1.4,0.1,1,0.3,6,10,0.093393104
,11315,10,0.45,0.23,0.03,50,1.4,0.1,1,0.3,6,10,0.093393104
,11316,10,0.45,0.23,0.03,50,1.4,0.1,1,0.3,6,10,0.093393104
,11317,10,0.45,0.23,0.03,50,1.4,0.1,1,0.3,6,10,0.093393104
,11318,10,0.45,0.23,0.03,50,1.4,0.1,1,0.3,6,10,0.093393104
,11319,10,0.45,0.23,0.03,50,1.4,0.1,1,0.3,6,10,0.093393104
,11320,1315,0.45,0.23,0.03,50,1.4,0.1,1,0.3,6,10,0.093393104
,11501,5,0.45,0.23,0.03,50,1.4,5,1,0.3,6,10,0.154081615
,11502,10,0.45,0.23,0.03,50,1.4,5,1,0.3,6,10,0.154081615
,11503,10,0.45,0.23,0.03,50,1.4,5,1,0.3,6,10,0.154081615
,11504,10,0.45,0.23,0.03,50,1.4,0.5,1,0.3,6,10,0.154081615
,11505,10,0.45,0.23,0.03,50,1.4,0.5,1,0.3,6,10,0.163499099
,11506,10,0.45,0.23,0.03,50,1.4,0.5,1,0.3,6,10,0.172916584
,11507,10,0.45,0.23,0.03,50,1.4,0.5,1,0.3,6,10,0.182334068
,11508,10,0.45,0.23,0.03,50,1.4,0.5,1,0.3,6,10,0.176922689
,11509,10,0.45,0.23,0.03,50,1.4,0.5,1,0.3,6,10,0.17151131
,11510,10,0.45,0.23,0.03,50,1.4,0.5,1,0.3,6,10,0.166099931
,11511,10,0.45,0.23,0.03,50,1.4,0.5,1,0.3,6,10,0.170406624
,11512,10,0.45,0.23,0.03,50,1.4,0.1,1,0.3,6,10,0.174713318
,11513,10,0.45,0.23,0.03,50,1.4,0.1,1,0.3,6,10,0.179020011
,11514,10,0.45,0.23,0.03,50,1.4,0.1,1,0.3,6,10,0.188144142
,11515,10,0.45,0.23,0.03,50,1.4,0.1,1,0.3,6,10,0.197268273
,11516,10,0.45,0.23,0.03,50,1.4,0.1,1,0.3,6,10,0.206392404
,11517,10,0.45,0.23,0.03,50,1.4,0.1,1,0.3,6,10,0.206392404
,11518,10,0.45,0.23,0.03,50,1.4,0.1,1,0.3,6,10,0.206392404
,11519,10,0.45,0.23,0.03,50,1.4,0.1,1,0.3,6,10,0.206392404
,11520,1315,0.45,0.23,0.03,50,1.4,0.1,1,0.3,6,10,0.206392404
,11701,5,0.45,0.23,0.03,50,1.4,5,1,0.3,6,10,0.281054012
,11702,10,0.45,0.23,0.03,50,1.4,5,1,0.3,6,10,0.281054012
,11703,10,0.45,0.23,0.03,50,1.4,5,1,0.3,6,10,0.281054012
,11704,10,0.45,0.23,0.03,50,1.4,0.5,1,0.3,6,10,0.281054012
,11705,10,0.45,0.23,0.03,50,1.4,0.5,1,0.3,6,10,0.264018241
,11706,10,0.45,0.23,0.03,50,1.4,0.5,1,0.3,6,10,0.246982471
,11707,10,0.45,0.23,0.03,50,1.4,0.5,1,0.3,6,10,0.2299467
,11708,10,0.45,0.23,0.03,50,1.4,0.5,1,0.3,6,10,0.220948238
,11709,10,0.45,0.23,0.03,50,1.4,0.5,1,0.3,6,10,0.211949777
,11710,10,0.45,0.23,0.03,50,1.4,0.5,1,0.3,6,10,0.202951315
,11711,10,0.45,0.23,0.03,50,1.4,0.5,1,0.3,6,10,0.185281946
,11712,10,0.45,0.23,0.03,50,1.4,0.1,1,0.3,6,10,0.167612578
,11713,10,0.45,0.23,0.03,50,1.4,0.1,1,0.3,6,10,0.149943209
,11714,10,0.45,0.23,0.03,50,1.4,0.1,1,0.3,6,10,0.149943209
,11715,10,0.45,0.23,0.03,50,1.4,0.1,1,0.3,6,10,0.149943209
,11716,10,0.45,0.23,0.03,50,1.4,0.1,1,0.3,6,10,0.149943209
,11717,10,0.45,0.23,0.03,50,1.4,0.1,1,0.3,6,10,0.149943209
,11718,10,0.45,0.23,0.03,50,1.4,0.1,1,0.3,6,10,0.149943209
,11719,10,0.45,0.23,0.03,50,1.4,0.1,1,0.3,6,10,0.149943209
,11720,1315,0.45,0.23,0.03,50,1.4,0.1,1,0.3,6,10,0.149943209
,11801,5,0.45,0.23,0.03,50,1.4,5,1,0.3,6,10,0.131540484
,11802,10,0.45,0.23,0.03,50,1.4,5,1,0.3,6,10,0.131540484
,11803,10,0.45,0.23,0.03,50,1.4,5,1,0.3,6,10,0.131540484
,11804,10,0.45,0.23,0.03,50,1.4,0.5,1,0.3,6,10,0.131540484
,11805,10,0.45,0.23,0.03,50,1.4,0.5,1,0.3,6,10,0.139056314
,11806,10,0.45,0.23,0.03,50,1.4,0.5,1,0.3,6,10,0.146572144
,11807,10,0.45,0.23,0.03,50,1.4,0.5,1,0.3,6,10,0.154087974
,11808,10,0.45,0.23,0.03,50,1.4,0.5,1,0.3,6,10,0.136337811
,11809,10,0.45,0.23,0.03,50,1.4,0.5,1,0.3,6,10,0.118587648
,11810,10,0.45,0.23,0.03,50,1.4,0.5,1,0.3,6,10,0.100837485
,11811,10,0.45,0.23,0.03,50,1.4,0.5,1,0.3,6,10,0.110672145
,11812,10,0.45,0.23,0.03,50,1.4,0.1,1,0.3,6,10,0.120506804
,11813,10,0.45,0.23,0.03,50,1.4,0.1,1,0.3,6,10,0.130341464
,11814,10,0.45,0.23,0.03,50,1.4,0.1,1,0.3,6,10,0.140176123
,11815,10,0.45,0.23,0.03,50,1.4,0.1,1,0.3,6,10,0.150010783
,11816,10,0.45,0.23,0.03,50,1.4,0.1,1,0.3,6,10,0.159845442
,11817,10,0.45,0.23,0.03,50,1.4,0.1,1,0.3,6,10,0.159845442
,11818,10,0.45,0.23,0.03,50,1.4,0.1,1,0.3,6,10,0.159845442
,11819,10,0.45,0.23,0.03,50,1.4,0.1,1,0.3,6,10,0.159845442
,11820,1315,0.45,0.23,0.03,50,1.4,0.1,1,0.3,6,10,0.159845442
,12001,5,0.45,0.23,0.03,50,1.4,5,1,0.3,6,10,0.166088794
,12002,10,0.45,0.23,0.03,50,1.4,5,1,0.3,6,10,0.166088794
,12003,10,0.45,0.23,0.03,50,1.4,5,1,0.3,6,10,0.166088794
,12004,10,0.45,0.23,0.03,50,1.4,0.5,1,0.3,6,10,0.166088794
,12005,10,0.45,0.23,0.03,50,1.4,0.5,1,0.3,6,10,0.160733537
,12006,10,0.45,0.23,0.03,50,1.4,0.5,1,0.3,6,10,0.149066707
,12007,10,0.45,0.23,0.03,50,1.4,0.5,1,0.3,6,10,0.135101265
,12008,10,0.45,0.23,0.03,50,1.4,0.5,1,0.3,6,10,0.124973159
,12009,10,0.45,0.23,0.03,50,1.4,0.5,1,0.3,6,10,0.117032554
,12010,10,0.45,0.23,0.03,50,1.4,0.5,1,0.3,6,10,0.104103985
,12011,10,0.45,0.23,0.03,50,1.4,0.5,1,0.3,6,10,0.106688843
,12012,10,0.45,0.23,0.03,50,1.4,0.1,1,0.3,6,10,0.109273701
,12013,10,0.45,0.23,0.03,50,1.4,0.1,1,0.3,6,10,0.111858558
,12014,10,0.45,0.23,0.03,50,1.4,0.1,1,0.3,6,10,0.11236828
,12015,10,0.45,0.23,0.03,50,1.4,0.1,1,0.3,6,10,0.112878003
,12016,10,0.45,0.23,0.03,50,1.4,0.1,1,0.3,6,10,0.113387725
,12017,10,0.45,0.23,0.03,50,1.4,0.1,1,0.3,6,10,0.114213188
,12018,10,0.45,0.23,0.03,50,1.4,0.1,1,0.3,6,10,0.115038651
,12019,10,0.45,0.23,0.03,50,1.4,0.1,1,0.3,6,10,0.115038651
,12020,1315,0.45,0.23,0.03,50,1.4,0.1,1,0.3,6,10,0.115038651
,12101,5,0.45,0.23,0.03,50,1.4,5,1,0.3,6,10,0.166088794
,12102,10,0.45,0.23,0.03,50,1.4,5,1,0.3,6,10,0.166088794
,12103,10,0.45,0.23,0.03,50,1.4,5,1,0.3,6,10,0.166088794
,12104,10,0.45,0.23,0.03,50,1.4,0.5,1,0.3,6,10,0.166088794
,12105,10,0.45,0.23,0.03,50,1.4,0.5,1,0.3,6,10,0.160733537
,12106,10,0.45,0.23,0.03,50,1.4,0.5,1,0.3,6,10,0.149066707
,12107,10,0.45,0.23,0.03,50,1.4,0.5,1,0.3,6,10,0.135101265
,12108,10,0.45,0.23,0.03,50,1.4,0.5,1,0.3,6,10,0.124973159
,12109,10,0.45,0.23,0.03,50,1.4,0.5,1,0.3,6,10,0.117032554
,12110,10,0.45,0.23,0.03,50,1.4,0.5,1,0.3,6,10,0.104103985
,12111,10,0.45,0.23,0.03,50,1.4,0.5,1,0.3,6,10,0.106688843
,12112,10,0.45,0.23,0.03,50,1.4,0.1,1,0.3,6,10,0.109273701
,12113,10,0.45,0.23,0.03,50,1.4,0.1,1,0.3,6,10,0.111858558
,12114,10,0.45,0.23,0.03,50,1.4,0.1,1,0.3,6,10,0.11236828
,12115,10,0.45,0.23,0.03,50,1.4,0.1,1,0.3,6,10,0.112878003
,12116,10,0.45,0.23,0.03,50,1.4,0.1,1,0.3,6,10,0.113387725
,12117,10,0.45,0.23,0.03,50,1.4,0.1,1,0.3,6,10,0.114213188
,12118,10,0.45,0.23,0.03,50,1.4,0.1,1,0.3,6,10,0.115038651
,12119,10,0.45,0.23,0.03,50,1.4,0.1,1,0.3,6,10,0.115038651
,12120,1315,0.45,0.23,0.03,50,1.4,0.1,1,0.3,6,10,0.115038651
,12201,5,0.45,0.23,0.03,50,1.4,5,1,0.3,6,10,0.166088794
,12202,10,0.45,0.23,0.03,50,1.4,5,1,0.3,6,10,0.166088794
,12203,10,0.45,0.23,0.03,50,1.4,5,1,0.3,6,10,0.166088794
,12204,10,0.45,0.23,0.03,50,1.4,0.5,1,0.3,6,10,0.166088794
,12205,10,0.45,0.23,0.03,50,1.4,0.5,1,0.3,6,10,0.160733537
,12206,10,0.45,0.23,0.03,50,1.4,0.5,1,0.3,6,10,0.149066707
,12207,10,0.45,0.23,0.03,50,1.4,0.5,1,0.3,6,10,0.135101265
,12208,10,0.45,0.23,0.03,50,1.4,0.5,1,0.3,6,10,0.124973159
,12209,10,0.45,0.23,0.03,50,1.4,0.5,1,0.3,6,10,0.117032554
,12210,10,0.45,0.23,0.03,50,1.4,0.5,1,0.3,6,10,0.104103985
,12211,10,0.45,0.23,0.03,50,1.4,0.5,1,0.3,6,10,0.106688843
,12212,10,0.45,0.23,0.03,50,1.4,0.1,1,0.3,6,10,0.109273701
,12213,10,0.45,0.23,0.03,50,1.4,0.1,1,0.3,6,10,0.111858558
,12214,10,0.45,0.23,0.03,50,1.4,0.1,1,0.3,6,10,0.11236828
,12215,10,0.45,0.23,0.03,50,1.4,0.1,1,0.3,6,10,0.112878003
,12216,10,0.45,0.23,0.03,50,1.4,0.1,1,0.3,6,10,0.113387725
,12217,10,0.45,0.23,0.03,50,1.4,0.1,1,0.3,6,10,0.114213188
,12218,10,0.45,0.23,0.03,50,1.4,0.1,1,0.3,6,10,0.115038651
,12219,10,0.45,0.23,0.03,50,1.4,0.1,1,0.3,6,10,0.115038651
,12220,1315,0.45,0.23,0.03,50,1.4,0.1,1,0.3,6,10,0.115038651
,12301,5,0.45,0.23,0.03,50,1.4,5,1,0.3,6,10,0.166088794
,12302,10,0.45,0.23,0.03,50,1.4,5,1,0.3,6,10,0.166088794
,12303,10,0.45,0.23,0.03,50,1.4,5,1,0.3,6,10,0.166088794
,12304,10,0.45,0.23,0.03,50,1.4,0.5,1,0.3,6,10,0.166088794
,12305,10,0.45,0.23,0.03,50,1.4,0.5,1,0.3,6,10,0.160733537
,12306,10,0.45,0.23,0.03,50,1.4,0.5,1,0.3,6,10,0.149066707
,12307,10,0.45,0.23,0.03,50,1.4,0.5,1,0.3,6,10,0.135101265
,12308,10,0.45,0.23,0.03,50,1.4,0.5,1,0.3,6,10,0.124973159
,12309,10,0.45,0.23,0.03,50,1.4,0.5,1,0.3,6,10,0.117032554
,12310,10,0.45,0.23,0.03,50,1.4,0.5,1,0.3,6,10,0.104103985
,12311,10,0.45,0.23,0.03,50,1.4,0.5,1,0.3,6,10,0.106688843
,12312,10,0.45,0.23,0.03,50,1.4,0.1,1,0.3,6,10,0.109273701
,12313,10,0.45,0.23,0.03,50,1.4,0.1,1,0.3,6,10,0.111858558
,12314,10,0.45,0.23,0.03,50,1.4,0.1,1,0.3,6,10,0.11236828
,12315,10,0.45,0.23,0.03,50,1.4,0.1,1,0.3,6,10,0.112878003
,12316,10,0.45,0.23,0.03,50,1.4,0.1,1,0.3,6,10,0.113387725
,12317,10,0.45,0.23,0.03,50,1.4,0.1,1,0.3,6,10,0.114213188
,12318,10,0.45,0.23,0.03,50,1.4,0.1,1,0.3,6,10,0.115038651
,12319,10,0.45,0.23,0.03,50,1.4,0.1,1,0.3,6,10,0.115038651
,12320,1315,0.45,0.23,0.03,50,1.4,0.1,1,0.3,6,10,0.115038651
,12401,5,0.45,0.23,0.03,50,1.4,5,1,0.3,6,10,0.154081615
,12402,10,0.45,0.23,0.03,50,1.4,5,1,0.3,6,10,0.154081615
,12403,10,0.45,0.23,0.03,50,1.4,5,1,0.3,6,10,0.154081615
,12404,10,0.45,0.23,0.03,50,1.4,0.5,1,0.3,6,10,0.154081615
,12405,10,0.45,0.23,0.03,50,1.4,0.5,1,0.3,6,10,0.163499099
,12406,10,0.45,0.23,0.03,50,1.4,0.5,1,0.3,6,10,0.172916584
,12407,10,0.45,0.23,0.03,50,1.4,0.5,1,0.3,6,10,0.182334068
,12408,10,0.45,0.23,0.03,50,1.4,0.5,1,0.3,6,10,0.176922689
,12409,10,0.45,0.23,0.03,50,1.4,0.5,1,0.3,6,10,0.17151131
,12410,10,0.45,0.23,0.03,50,1.4,0.5,1,0.3,6,10,0.166099931
,12411,10,0.45,0.23,0.03,50,1.4,0.5,1,0.3,6,10,0.170406624
,12412,10,0.45,0.23,0.03,50,1.4,0.1,1,0.3,6,10,0.174713318
,12413,10,0.45,0.23,0.03,50,1.4,0.1,1,0.3,6,10,0.179020011
,12414,10,0.45,0.23,0.03,50,1.4,0.1,1,0.3,6,10,0.188144142
,12415,10,0.45,0.23,0.03,50,1.4,0.1,1,0.3,6,10,0.197268273
,12416,10,0.45,0.23,0.03,50,1.4,0.1,1,0.3,6,10,0.206392404
,12417,10,0.45,0.23,0.03,50,1.4,0.1,1,0.3,6,10,0.206392404
,12418,10,0.45,0.23,0.03,50,1.4,0.1,1,0.3,6,10,0.206392404
,12419,10,0.45,0.23,0.03,50,1.4,0.1,1,0.3,6,10,0.206392404
,12420,1315,0.45,0.23,0.03,50,1.4,0.1,1,0.3,6,10,0.206392404
,12501,5,0.45,0.23,0.03,50,1.4,5,1,0.3,6,10,0.154081615
,12502,10,0.45,0.23,0.03,50,1.4,5,1,0.3,6,10,0.154081615
,12503,10,0.45,0.23,0.03,50,1.4,5,1,0.3,6,10,0.154081615
,12504,10,0.45,0.23,0.03,50,1.4,0.5,1,0.3,6,10,0.154081615
,12505,10,0.45,0.23,0.03,50,1.4,0.5,1,0.3,6,10,0.163499099
,12506,10,0.45,0.23,0.03,50,1.4,0.5,1,0.3,6,10,0.172916584
,12507,10,0.45,0.23,0.03,50,1.4,0.5,1,0.3,6,10,0.182334068
,12508,10,0.45,0.23,0.03,50,1.4,0.5,1,0.3,6,10,0.176922689
,12509,10,0.45,0.23,0.03,50,1.4,0.5,1,0.3,6,10,0.17151131
,12510,10,0.45,0.23,0.03,50,1.4,0.5,1,0.3,6,10,0.166099931
,12511,10,0.45,0.23,0.03,50,1.4,0.5,1,0.3,6,10,0.170406624
,12512,10,0.45,0.23,0.03,50,1.4,0.1,1,0.3,6,10,0.174713318
,12513,10,0.45,0.23,0.03,50,1.4,0.1,1,0.3,6,10,0.179020011
,12514,10,0.45,0.23,0.03,50,1.4,0.1,1,0.3,6,10,0.188144142
,12515,10,0.45,0.23,0.03,50,1.4,0.1,1,0.3,6,10,0.197268273
,12516,10,0.45,0.23,0.03,50,1.4,0.1,1,0.3,6,10,0.206392404
,12517,10,0.45,0.23,0.03,50,1.4,0.1,1,0.3,6,10,0.206392404
,12518,10,0.45,0.23,0.03,50,1.4,0.1,1,0.3,6,10,0.206392404
,12519,10,0.45,0.23,0.03,50,1.4,0.1,1,0.3,6,10,0.206392404
,12520,1315,0.45,0.23,0.03,50,1.4,0.1,1,0.3,6,10,0.206392404
,12601,5,0.45,0.23,0.03,50,1.4,5,1,0.3,6,10,0.154081615
,12602,10,0.45,0.23,0.03,50,1.4,5,1,0.3,6,10,0.154081615
,12603,10,0.45,0.23,0.03,50,1.4,5,1,0.3,6,10,0.154081615
,12604,10,0.45,0.23,0.03,50,1.4,0.5,1,0.3,6,10,0.154081615
,12605,10,0.45,0.23,0.03,50,1.4,0.5,1,0.3,6,10,0.163499099
,12606,10,0.45,0.23,0.03,50,1.4,0.5,1,0.3,6,10,0.172916584
,12607,10,0.45,0.23,0.03,50,1.4,0.5,1,0.3,6,10,0.182334068
,12608,10,0.45,0.23,0.03,50,1.4,0.5,1,0.3,6,10,0.176922689
,12609,10,0.45,0.23,0.03,50,1.4,0.5,1,0.3,6,10,0.17151131
,12610,10,0.45,0.23,0.03,50,1.4,0.5,1,0.3,6,10,0.166099931
,12611,10,0.45,0.23,0.03,50,1.4,0.5,1,0.3,6,10,0.170406624
,12612,10,0.45,0.23,0.03,50,1.4,0.1,1,0.3,6,10,0.174713318
,12613,10,0.45,0.23,0.03,50,1.4,0.1,1,0.3,6,10,0.179020011
,12614,10,0.45,0.23,0.03,50,1.4,0.1,1,0.3,6,10,0.188144142
,12615,10,0.45,0.23,0.03,50,1.4,0.1,1,0.3,6,10,0.197268273
,12616,10,0.45,0.23,0.03,50,1.4,0.1,1,0.3,6,10,0.206392404
,12617,10,0.45,0.23,0.03,50,1.4,0.1,1,0.3,6,10,0.206392404
,12618,10,0.45,0.23,0.03,50,1.4,0.1,1,0.3,6,10,0.206392404
,12619,10,0.45,0.23,0.03,50,1.4,0.1,1,0.3,6,10,0.206392404
,12620,1315,0.45,0.23,0.03,50,1.4,0.1,1,0.3,6,10,0.206392404
,12701,5,0.45,0.23,0.03,50,1.4,5,1,0.3,6,10,0.154081615
,12702,10,0.45,0.23,0.03,50,1.4,5,1,0.3,6,10,0.154081615
,12703,10,0.45,0.23,0.03,50,1.4,5,1,0.3,6,10,0.154081615
,12704,10,0.45,0.23,0.03,50,1.4,0.5,1,0.3,6,10,0.154081615
,12705,10,0.45,0.23,0.03,50,1.4,0.5,1,0.3,6,10,0.163499099
,12706,10,0.45,0.23,0.03,50,1.4,0.5,1,0.3,6,10,0.172916584
,12707,10,0.45,0.23,0.03,50,1.4,0.5,1,0.3,6,10,0.182334068
,12708,10,0.45,0.23,0.03,50,1.4,0.5,1,0.3,6,10,0.176922689
,12709,10,0.45,0.23,0.03,50,1.4,0.5,1,0.3,6,10,0.17151131
,12710,10,0.45,0.23,0.03,50,1.4,0.5,1,0.3,6,10,0.166099931
,12711,10,0.45,0.23,0.03,50,1.4,0.5,1,0.3,6,10,0.170406624
,12712,10,0.45,0.23,0.03,50,1.4,0.1,1,0.3,6,10,0.174713318
,12713,10,0.45,0.23,0.03,50,1.4,0.1,1,0.3,6,10,0.179020011
,12714,10,0.45,0.23,0.03,50,1.4,0.1,1,0.3,6,10,0.188144142
,12715,10,0.45,0.23,0.03,50,1.4,0.1,1,0.3,6,10,0.197268273
,12716,10,0.45,0.23,0.03,50,1.4,0.1,1,0.3,6,10,0.206392404
,12717,10,0.45,0.23,0.03,50,1.4,0.1,1,0.3,6,10,0.206392404
,12718,10,0.45,0.23,0.03,50,1.4,0.1,1,0.3,6,10,0.206392404
,12719,10,0.45,0.23,0.03,50,1.4,0.1,1,0.3,6,10,0.206392404
,12720,1315,0.45,0.23,0.03,50,1.4,0.1,1,0.3,6,10,0.206392404
,12801,5,0.45,0.23,0.03,50,1.4,5,1,0.3,6,10,0.154081615
,12802,10,0.45,0.23,0.03,50,1.4,5,1,0.3,6,10,0.154081615
,12803,10,0.45,0.23,0.03,50,1.4,5,1,0.3,6,10,0.154081615
,12804,10,0.45,0.23,0.03,50,1.4,0.5,1,0.3,6,10,0.154081615
,12805,10,0.45,0.23,0.03,50,1.4,0.5,1,0.3,6,10,0.163499099
,12806,10,0.45,0.23,0.03,50,1.4,0.5,1,0.3,6,10,0.172916584
,12807,10,0.45,0.23,0.03,50,1.4,0.5,1,0.3,6,10,0.182334068
,12808,10,0.45,0.23,0.03,50,1.4,0.5,1,0.3,6,10,0.176922689
,12809,10,0.45,0.23,0.03,50,1.4,0.5,1,0.3,6,10,0.17151131
,12810,10,0.45,0.23,0.03,50,1.4,0.5,1,0.3,6,10,0.166099931
,12811,10,0.45,0.23,0.03,50,1.4,0.5,1,0.3,6,10,0.170406624
,12812,10,0.45,0.23,0.03,50,1.4,0.1,1,0.3,6,10,0.174713318
,12813,10,0.45,0.23,0.03,50,1.4,0.1,1,0.3,6,10,0.179020011
,12814,10,0.45,0.23,0.03,50,1.4,0.1,1,0.3,6,10,0.188144142
,12815,10,0.45,0.23,0.03,50,1.4,0.1,1,0.3,6,10,0.197268273
,12816,10,0.45,0.23,0.03,50,1.4,0.1,1,0.3,6,10,0.206392404
,12817,10,0.45,0.23,0.03,50,1.4,0.1,1,0.3,6,10,0.206392404
,12818,10,0.45,0.23,0.03,50,1.4,0.1,1,0.3,6,10,0.206392404
,12819,10,0.45,0.23,0.03,50,1.4,0.1,1,0.3,6,10,0.206392404
,12820,1315,0.45,0.23,0.03,50,1.4,0.1,1,0.3,6,10,0.206392404
,12901,5,0.45,0.23,0.03,50,1.4,5,1,0.3,6,10,0.154081615
,12902,10,0.45,0.23,0.03,50,1.4,5,1,0.3,6,10,0.154081615
,12903,10,0.45,0.23,0.03,50,1.4,5,1,0.3,6,10,0.154081615
,12904,10,0.45,0.23,0.03,50,1.4,0.5,1,0.3,6,10,0.154081615
,12905,10,0.45,0.23,0.03,50,1.4,0.5,1,0.3,6,10,0.163499099
,12906,10,0.45,0.23,0.03,50,1.4,0.5,1,0.3,6,10,0.172916584
,12907,10,0.45,0.23,0.03,50,1.4,0.5,1,0.3,6,10,0.182334068
,12908,10,0.45,0.23,0.03,50,1.4,0.5,1,0.3,6,10,0.176922689
,12909,10,0.45,0.23,0.03,50,1.4,0.5,1,0.3,6,10,0.17151131
,12910,10,0.45,0.23,0.03,50,1.4,0.5,1,0.3,6,10,0.166099931
,12911,10,0.45,0.23,0.03,50,1.4,0.5,1,0.3,6,10,0.170406624
,12912,10,0.45,0.23,0.03,50,1.4,0.1,1,0.3,6,10,0.174713318
,12913,10,0.45,0.23,0.03,50,1.4,0.1,1,0.3,6,10,0.179020011
,12914,10,0.45,0.23,0.03,50,1.4,0.1,1,0.3,6,10,0.188144142
,12915,10,0.45,0.23,0.03,50,1.4,0.1,1,0.3,6,10,0.197268273
,12916,10,0.45,0.23,0.03,50,1.4,0.1,1,0.3,6,10,0.206392404
,12917,10,0.45,0.23,0.03,50,1.4,0.1,1,0.3,6,10,0.206392404
,12918,10,0.45,0.23,0.03,50,1.4,0.1,1,0.3,6,10,0.206392404
,12919,10,0.45,0.23,0.03,50,1.4,0.1,1,0.3,6,10,0.206392404
,12920,1315,0.45,0.23,0.03,50,1.4,0.1,1,0.3,6,10,0.206392404
,13001,5,0.45,0.23,0.03,50,1.4,5,1,0.3,6,10,0.154081615
,13002,10,0.45,0.23,0.03,50,1.4,5,1,0.3,6,10,0.154081615
,13003,10,0.45,0.23,0.03,50,1.4,5,1,0.3,6,10,0.154081615
,13004,10,0.45,0.23,0.03,50,1.4,0.5,1,0.3,6,10,0.154081615
,13005,10,0.45,0.23,0.03,50,1.4,0.5,1,0.3,6,10,0.163499099
,13006,10,0.45,0.23,0.03,50,1.4,0.5,1,0.3,6,10,0.172916584
,13007,10,0.45,0.23,0.03,50,1.4,0.5,1,0.3,6,10,0.182334068
,13008,10,0.45,0.23,0.03,50,1.4,0.5,1,0.3,6,10,0.176922689
,13009,10,0.45,0.23,0.03,50,1.4,0.5,1,0.3,6,10,0.17151131
,13010,10,0.45,0.23,0.03,50,1.4,0.5,1,0.3,6,10,0.166099931
,13011,10,0.45,0.23,0.03,50,1.4,0.5,1,0.3,6,10,0.170406624
,13012,10,0.45,0.23,0.03,50,1.4,0.1,1,0.3,6,10,0.174713318
,13013,10,0.45,0.23,0.03,50,1.4,0.1,1,0.3,6,10,0.179020011
,13014,10,0.45,0.23,0.03,50,1.4,0.1,1,0.3,6,10,0.188144142
,13015,10,0.45,0.23,0.03,50,1.4,0.1,1,0.3,6,10,0.197268273
,13016,10,0.45,0.23,0.03,50,1.4,0.1,1,0.3,6,10,0.206392404
,13017,10,0.45,0.23,0.03,50,1.4,0.1,1,0.3,6,10,0.206392404
,13018,10,0.45,0.23,0.03,50,1.4,0.1,1,0.3,6,10,0.206392404
,13019,10,0.45,0.23,0.03,50,1.4,0.1,1,0.3,6,10,0.206392404
,13020,1315,0.45,0.23,0.03,50,1.4,0.1,1,0.3,6,10,0.206392404
,13101,5,0.45,0.23,0.03,50,1.4,5,1,0.3,6,10,0.166088794
,13102,10,0.45,0.23,0.03,50,1.4,5,1,0.3,6,10,0.166088794
,13103,10,0.45,0.23,0.03,50,1.4,5,1,0.3,6,10,0.166088794
,13104,10,0.45,0.23,0.03,50,1.4,0.5,1,0.3,6,10,0.166088794
,13105,10,0.45,0.23,0.03,50,1.4,0.5,1,0.3,6,10,0.160733537
,13106,10,0.45,0.23,0.03,50,1.4,0.5,1,0.3,6,10,0.149066707
,13107,10,0.45,0.23,0.03,50,1.4,0.5,1,0.3,6,10,0.135101265
,13108,10,0.45,0.23,0.03,50,1.4,0.5,1,0.3,6,10,0.124973159
,13109,10,0.45,0.23,0.03,50,1.4,0.5,1,0.3,6,10,0.117032554
,13110,10,0.45,0.23,0.03,50,1.4,0.5,1,0.3,6,10,0.104103985
,13111,10,0.45,0.23,0.03,50,1.4,0.5,1,0.3,6,10,0.106688843
,13112,10,0.45,0.23,0.03,50,1.4,0.1,1,0.3,6,10,0.109273701
,13113,10,0.45,0.23,0.03,50,1.4,0.1,1,0.3,6,10,0.111858558
,13114,10,0.45,0.23,0.03,50,1.4,0.1,1,0.3,6,10,0.11236828
,13115,10,0.45,0.23,0.03,50,1.4,0.1,1,0.3,6,10,0.112878003
,13116,10,0.45,0.23,0.03,50,1.4,0.1,1,0.3,6,10,0.113387725
,13117,10,0.45,0.23,0.03,50,1.4,0.1,1,0.3,6,10,0.114213188
,13118,10,0.45,0.23,0.03,50,1.4,0.1,1,0.3,6,10,0.115038651
,13119,10,0.45,0.23,0.03,50,1.4,0.1,1,0.3,6,10,0.115038651
,13120,1315,0.45,0.23,0.03,50,1.4,0.1,1,0.3,6,10,0.115038651
,13201,5,0.45,0.23,0.03,50,1.4,5,1,0.3,6,10,0.166088794
,13202,10,0.45,0.23,0.03,50,1.4,5,1,0.3,6,10,0.166088794
,13203,10,0.45,0.23,0.03,50,1.4,5,1,0.3,6,10,0.166088794
,13204,10,0.45,0.23,0.03,50,1.4,0.5,1,0.3,6,10,0.166088794
,13205,10,0.45,0.23,0.03,50,1.4,0.5,1,0.3,6,10,0.160733537
,13206,10,0.45,0.23,0.03,50,1.4,0.5,1,0.3,6,10,0.149066707
,13207,10,0.45,0.23,0.03,50,1.4,0.5,1,0.3,6,10,0.135101265
,13208,10,0.45,0.23,0.03,50,1.4,0.5,1,0.3,6,10,0.124973159
,13209,10,0.45,0.23,0.03,50,1.4,0.5,1,0.3,6,10,0.117032554
,13210,10,0.45,0.23,0.03,50,1.4,0.5,1,0.3,6,10,0.104103985
,13211,10,0.45,0.23,0.03,50,1.4,0.5,1,0.3,6,10,0.106688843
,13212,10,0.45,0.23,0.03,50,1.4,0.1,1,0.3,6,10,0.109273701
,13213,10,0.45,0.23,0.03,50,1.4,0.1,1,0.3,6,10,0.111858558
,13214,10,0.45,0.23,0.03,50,1.4,0.1,1,0.3,6,10,0.11236828
,13215,10,0.45,0.23,0.03,50,1.4,0.1,1,0.3,6,10,0.112878003
,13216,10,0.45,0.23,0.03,50,1.4,0.1,1,0.3,6,10,0.113387725
,13217,10,0.45,0.23,0.03,50,1.4,0.1,1,0.3,6,10,0.114213188
,13218,10,0.45,0.23,0.03,50,1.4,0.1,1,0.3,6,10,0.115038651
,13219,10,0.45,0.23,0.03,50,1.4,0.1,1,0.3,6,10,0.115038651
,13220,1315,0.45,0.23,0.03,50,1.4,0.1,1,0.3,6,10,0.115038651
,13301,5,0.45,0.23,0.03,50,1.4,5,1,0.3,6,10,0.199219407
,13302,10,0.45,0.23,0.03,50,1.4,5,1,0.3,6,10,0.199219407
,13303,10,0.45,0.23,0.03,50,1.4,5,1,0.3,6,10,0.199219407
,13304,10,0.45,0.23,0.03,50,1.4,0.5,1,0.3,6,10,0.199219407
,13305,10,0.45,0.23,0.03,50,1.4,0.5,1,0.3,6,10,0.178633322
,13306,10,0.45,0.23,0.03,50,1.4,0.5,1,0.3,6,10,0.158047236
,13307,10,0.45,0.23,0.03,50,1.4,0.5,1,0.3,6,10,0.137461151
,13308,10,0.45,0.23,0.03,50,1.4,0.5,1,0.3,6,10,0.141975304
,13309,10,0.45,0.23,0.03,50,1.4,0.5,1,0.3,6,10,0.146489458
,13310,10,0.45,0.23,0.03,50,1.4,0.5,1,0.3,6,10,0.151003611
,13311,10,0.45,0.23,0.03,50,1.4,0.5,1,0.3,6,10,0.160579782
,13312,10,0.45,0.23,0.03,50,1.4,0.1,1,0.3,6,10,0.170155952
,13313,10,0.45,0.23,0.03,50,1.4,0.1,1,0.3,6,10,0.179732123
,13314,10,0.45,0.23,0.03,50,1.4,0.1,1,0.3,6,10,0.189308293
,13315,10,0.45,0.23,0.03,50,1.4,0.1,1,0.3,6,10,0.198884464
,13316,10,0.45,0.23,0.03,50,1.4,0.1,1,0.3,6,10,0.208460634
,13317,10,0.45,0.23,0.03,50,1.4,0.1,1,0.3,6,10,0.208460634
,13318,10,0.45,0.23,0.03,50,1.4,0.1,1,0.3,6,10,0.208460634
,13319,10,0.45,0.23,0.03,50,1.4,0.1,1,0.3,6,10,0.208460634
,13320,1315,0.45,0.23,0.03,50,1.4,0.1,1,0.3,6,10,0.208460634
,13401,5,0.45,0.23,0.03,50,1.4,5,1,0.3,6,10,0.166088794
,13402,10,0.45,0.23,0.03,50,1.4,5,1,0.3,6,10,0.166088794
,13403,10,0.45,0.23,0.03,50,1.4,5,1,0.3,6,10,0.166088794
,13404,10,0.45,0.23,0.03,50,1.4,0.5,1,0.3,6,10,0.166088794
,13405,10,0.45,0.23,0.03,50,1.4,0.5,1,0.3,6,10,0.160733537
,13406,10,0.45,0.23,0.03,50,1.4,0.5,1,0.3,6,10,0.149066707
,13407,10,0.45,0.23,0.03,50,1.4,0.5,1,0.3,6,10,0.135101265
,13408,10,0.45,0.23,0.03,50,1.4,0.5,1,0.3,6,10,0.124973159
,13409,10,0.45,0.23,0.03,50,1.4,0.5,1,0.3,6,10,0.117032554
,13410,10,0.45,0.23,0.03,50,1.4,0.5,1,0.3,6,10,0.104103985
,13411,10,0.45,0.23,0.03,50,1.4,0.5,1,0.3,6,10,0.106688843
,13412,10,0.45,0.23,0.03,50,1.4,0.1,1,0.3,6,10,0.109273701
,13413,10,0.45,0.23,0.03,50,1.4,0.1,1,0.3,6,10,0.111858558
,13414,10,0.45,0.23,0.03,50,1.4,0.1,1,0.3,6,10,0.11236828
,13415,10,0.45,0.23,0.03,50,1.4,0.1,1,0.3,6,10,0.112878003
,13416,10,0.45,0.23,0.03,50,1.4,0.1,1,0.3,6,10,0.113387725
,13417,10,0.45,0.23,0.03,50,1.4,0.1,1,0.3,6,10,0.114213188
,13418,10,0.45,0.23,0.03,50,1.4,0.1,1,0.3,6,10,0.115038651
,13419,10,0.45,0.23,0.03,50,1.4,0.1,1,0.3,6,10,0.115038651
,13420,1315,0.45,0.23,0.03,50,1.4,0.1,1,0.3,6,10,0.115038651
,13501,5,0.45,0.23,0.03,50,1.4,5,1,0.3,6,10,0.154081615
,13502,10,0.45,0.23,0.03,50,1.4,5,1,0.3,6,10,0.154081615
,13503,10,0.45,0.23,0.03,50,1.4,5,1,0.3,6,10,0.154081615
,13504,10,0.45,0.23,0.03,50,1.4,0.5,1,0.3,6,10,0.154081615
,13505,10,0.45,0.23,0.03,50,1.4,0.5,1,0.3,6,10,0.163499099
,13506,10,0.45,0.23,0.03,50,1.4,0.5,1,0.3,6,10,0.172916584
,13507,10,0.45,0.23,0.03,50,1.4,0.5,1,0.3,6,10,0.182334068
,13508,10,0.45,0.23,0.03,50,1.4,0.5,1,0.3,6,10,0.176922689
,13509,10,0.45,0.23,0.03,50,1.4,0.5,1,0.3,6,10,0.17151131
,13510,10,0.45,0.23,0.03,50,1.4,0.5,1,0.3,6,10,0.166099931
,13511,10,0.45,0.23,0.03,50,1.4,0.5,1,0.3,6,10,0.170406624
,13512,10,0.45,0.23,0.03,50,1.4,0.1,1,0.3,6,10,0.174713318
,13513,10,0.45,0.23,0.03,50,1.4,0.1,1,0.3,6,10,0.179020011
,13514,10,0.45,0.23,0.03,50,1.4,0.1,1,0.3,6,10,0.188144142
,13515,10,0.45,0.23,0.03,50,1.4,0.1,1,0.3,6,10,0.197268273
,13516,10,0.45,0.23,0.03,50,1.4,0.1,1,0.3,6,10,0.206392404
,13517,10,0.45,0.23,0.03,50,1.4,0.1,1,0.3,6,10,0.206392404
,13518,10,0.45,0.23,0.03,50,1.4,0.1,1,0.3,6,10,0.206392404
,13519,10,0.45,0.23,0.03,50,1.4,0.1,1,0.3,6,10,0.206392404
,13520,1315,0.45,0.23,0.03,50,1.4,0.1,1,0.3,6,10,0.206392404
,13601,5,0.45,0.23,0.03,50,1.4,5,1,0.3,6,10,0.154081615
,13602,10,0.45,0.23,0.03,50,1.4,5,1,0.3,6,10,0.154081615
,13603,10,0.45,0.23,0.03,50,1.4,5,1,0.3,6,10,0.154081615
,13604,10,0.45,0.23,0.03,50,1.4,0.5,1,0.3,6,10,0.154081615
,13605,10,0.45,0.23,0.03,50,1.4,0.5,1,0.3,6,10,0.163499099
,13606,10,0.45,0.23,0.03,50,1.4,0.5,1,0.3,6,10,0.172916584
,13607,10,0.45,0.23,0.03,50,1.4,0.5,1,0.3,6,10,0.182334068
,13608,10,0.45,0.23,0.03,50,1.4,0.5,1,0.3,6,10,0.176922689
,13609,10,0.45,0.23,0.03,50,1.4,0.5,1,0.3,6,10,0.17151131
,13610,10,0.45,0.23,0.03,50,1.4,0.5,1,0.3,6,10,0.166099931
,13611,10,0.45,0.23,0.03,50,1.4,0.5,1,0.3,6,10,0.170406624
,13612,10,0.45,0.23,0.03,50,1.4,0.1,1,0.3,6,10,0.174713318
,13613,10,0.45,0.23,0.03,50,1.4,0.1,1,0.3,6,10,0.179020011
,13614,10,0.45,0.23,0.03,50,1.4,0.1,1,0.3,6,10,0.188144142
,13615,10,0.45,0.23,0.03,50,1.4,0.1,1,0.3,6,10,0.197268273
,13616,10,0.45,0.23,0.03,50,1.4,0.1,1,0.3,6,10,0.206392404
,13617,10,0.45,0.23,0.03,50,1.4,0.1,1,0.3,6,10,0.206392404
,13618,10,0.45,0.23,0.03,50,1.4,0.1,1,0.3,6,10,0.206392404
,13619,10,0.45,0.23,0.03,50,1.4,0.1,1,0.3,6,10,0.206392404
,13620,1315,0.45,0.23,0.03,50,1.4,0.1,1,0.3,6,10,0.206392404
,13701,5,0.45,0.23,0.03,50,1.4,5,1,0.3,6,10,0.154081615
,13702,10,0.45,0.23,0.03,50,1.4,5,1,0.3,6,10,0.154081615
,13703,10,0.45,0.23,0.03,50,1.4,5,1,0.3,6,10,0.154081615
,13704,10,0.45,0.23,0.03,50,1.4,0.5,1,0.3,6,10,0.154081615
,13705,10,0.45,0.23,0.03,50,1.4,0.5,1,0.3,6,10,0.163499099
,13706,10,0.45,0.23,0.03,50,1.4,0.5,1,0.3,6,10,0.172916584
,13707,10,0.45,0.23,0.03,50,1.4,0.5,1,0.3,6,10,0.182334068
,13708,10,0.45,0.23,0.03,50,1.4,0.5,1,0.3,6,10,0.176922689
,13709,10,0.45,0.23,0.03,50,1.4,0.5,1,0.3,6,10,0.17151131
,13710,10,0.45,0.23,0.03,50,1.4,0.5,1,0.3,6,10,0.166099931
,13711,10,0.45,0.23,0.03,50,1.4,0.5,1,0.3,6,10,0.170406624
,13712,10,0.45,0.23,0.03,50,1.4,0.1,1,0.3,6,10,0.174713318
,13713,10,0.45,0.23,0.03,50,1.4,0.1,1,0.3,6,10,0.179020011
,13714,10,0.45,0.23,0.03,50,1.4,0.1,1,0.3,6,10,0.188144142
,13715,10,0.45,0.23,0.03,50,1.4,0.1,1,0.3,6,10,0.197268273
,13716,10,0.45,0.23,0.03,50,1.4,0.1,1,0.3,6,10,0.206392404
,13717,10,0.45,0.23,0.03,50,1.4,0.1,1,0.3,6,10,0.206392404
,13718,10,0.45,0.23,0.03,50,1.4,0.1,1,0.3,6,10,0.206392404
,13719,10,0.45,0.23,0.03,50,1.4,0.1,1,0.3,6,10,0.206392404
,13720,1315,0.45,0.23,0.03,50,1.4,0.1,1,0.3,6,10,0.206392404
,13801,5,0.45,0.23,0.03,50,1.4,5,1,0.3,6,10,0.166088794
,13802,10,0.45,0.23,0.03,50,1.4,5,1,0.3,6,10,0.166088794
,13803,10,0.45,0.23,0.03,50,1.4,5,1,0.3,6,10,0.166088794
,13804,10,0.45,0.23,0.03,50,1.4,0.5,1,0.3,6,10,0.166088794
,13805,10,0.45,0.23,0.03,50,1.4,0.5,1,0.3,6,10,0.160733537
,13806,10,0.45,0.23,0.03,50,1.4,0.5,1,0.3,6,10,0.149066707
,13807,10,0.45,0.23,0.03,50,1.4,0.5,1,0.3,6,10,0.135101265
,13808,10,0.45,0.23,0.03,50,1.4,0.5,1,0.3,6,10,0.124973159
,13809,10,0.45,0.23,0.03,50,1.4,0.5,1,0.3,6,10,0.117032554
,13810,10,0.45,0.23,0.03,50,1.4,0.5,1,0.3,6,10,0.104103985
,13811,10,0.45,0.23,0.03,50,1.4,0.5,1,0.3,6,10,0.106688843
,13812,10,0.45,0.23,0.03,50,1.4,0.1,1,0.3,6,10,0.109273701
,13813,10,0.45,0.23,0.03,50,1.4,0.1,1,0.3,6,10,0.111858558
,13814,10,0.45,0.23,0.03,50,1.4,0.1,1,0.3,6,10,0.11236828
,13815,10,0.45,0.23,0.03,50,1.4,0.1,1,0.3,6,10,0.112878003
,13816,10,0.45,0.23,0.03,50,1.4,0.1,1,0.3,6,10,0.113387725
,13817,10,0.45,0.23,0.03,50,1.4,0.1,1,0.3,6,10,0.114213188
,13818,10,0.45,0.23,0.03,50,1.4,0.1,1,0.3,6,10,0.115038651
,13819,10,0.45,0.23,0.03,50,1.4,0.1,1,0.3,6,10,0.115038651
,13820,1315,0.45,0.23,0.03,50,1.4,0.1,1,0.3,6,10,0.115038651
,13901,5,0.45,0.23,0.03,50,1.4,5,1,0.3,6,10,0.166088794
,13902,10,0.45,0.23,0.03,50,1.4,5,1,0.3,6,10,0.166088794
,13903,10,0.45,0.23,0.03,50,1.4,5,1,0.3,6,10,0.166088794
,13904,10,0.45,0.23,0.03,50,1.4,0.5,1,0.3,6,10,0.166088794
,13905,10,0.45,0.23,0.03,50,1.4,0.5,1,0.3,6,10,0.160733537
,13906,10,0.45,0.23,0.03,50,1.4,0.5,1,0.3,6,10,0.149066707
,13907,10,0.45,0.23,0.03,50,1.4,0.5,1,0.3,6,10,0.135101265
,13908,10,0.45,0.23,0.03,50,1.4,0.5,1,0.3,6,10,0.124973159
,13909,10,0.45,0.23,0.03,50,1.4,0.5,1,0.3,6,10,0.117032554
,13910,10,0.45,0.23,0.03,50,1.4,0.5,1,0.3,6,10,0.104103985
,13911,10,0.45,0.23,0.03,50,1.4,0.5,1,0.3,6,10,0.106688843
,13912,10,0.45,0.23,0.03,50,1.4,0.1,1,0.3,6,10,0.109273701
,13913,10,0.45,0.23,0.03,50,1.4,0.1,1,0.3,6,10,0.111858558
,13914,10,0.45,0.23,0.03,50,1.4,0.1,1,0.3,6,10,0.11236828
,13915,10,0.45,0.23,0.03,50,1.4,0.1,1,0.3,6,10,0.112878003
,13916,10,0.45,0.23,0.03,50,1.4,0.1,1,0.3,6,10,0.113387725
,13917,10,0.45,0.23,0.03,50,1.4,0.1,1,0.3,6,10,0.114213188
,13918,10,0.45,0.23,0.03,50,1.4,0.1,1,0.3,6,10,0.115038651
,13919,10,0.45,0.23,0.03,50,1.4,0.1,1,0.3,6,10,0.115038651
,13920,1315,0.45,0.23,0.03,50,1.4,0.1,1,0.3,6,10,0.115038651
,14001,5,0.45,0.23,0.03,50,1.4,5,1,0.3,6,10,0.154081615
,14002,10,0.45,0.23,0.03,50,1.4,5,1,0.3,6,10,0.154081615
,14003,10,0.45,0.23,0.03,50,1.4,5,1,0.3,6,10,0.154081615
,14004,10,0.45,0.23,0.03,50,1.4,0.5,1,0.3,6,10,0.154081615
,14005,10,0.45,0.23,0.03,50,1.4,0.5,1,0.3,6,10,0.163499099
,14006,10,0.45,0.23,0.03,50,1.4,0.5,1,0.3,6,10,0.172916584
,14007,10,0.45,0.23,0.03,50,1.4,0.5,1,0.3,6,10,0.182334068
,14008,10,0.45,0.23,0.03,50,1.4,0.5,1,0.3,6,10,0.176922689
,14009,10,0.45,0.23,0.03,50,1.4,0.5,1,0.3,6,10,0.17151131
,14010,10,0.45,0.23,0.03,50,1.4,0.5,1,0.3,6,10,0.166099931
,14011,10,0.45,0.23,0.03,50,1.4,0.5,1,0.3,6,10,0.170406624
,14012,10,0.45,0.23,0.03,50,1.4,0.1,1,0.3,6,10,0.174713318
,14013,10,0.45,0.23,0.03,50,1.4,0.1,1,0.3,6,10,0.179020011
,14014,10,0.45,0.23,0.03,50,1.4,0.1,1,0.3,6,10,0.188144142
,14015,10,0.45,0.23,0.03,50,1.4,0.1,1,0.3,6,10,0.197268273
,14016,10,0.45,0.23,0.03,50,1.4,0.1,1,0.3,6,10,0.206392404
,14017,10,0.45,0.23,0.03,50,1.4,0.1,1,0.3,6,10,0.206392404
,14018,10,0.45,0.23,0.03,50,1.4,0.1,1,0.3,6,10,0.206392404
,14019,10,0.45,0.23,0.03,50,1.4,0.1,1,0.3,6,10,0.206392404
,14020,1315,0.45,0.23,0.03,50,1.4,0.1,1,0.3,6,10,0.206392404
,14101,5,0.45,0.23,0.03,50,1.4,5,1,0.3,6,10,0.154081615
,14102,10,0.45,0.23,0.03,50,1.4,5,1,0.3,6,10,0.154081615
,14103,10,0.45,0.23,0.03,50,1.4,5,1,0.3,6,10,0.154081615
,14104,10,0.45,0.23,0.03,50,1.4,0.5,1,0.3,6,10,0.154081615
,14105,10,0.45,0.23,0.03,50,1.4,0.5,1,0.3,6,10,0.163499099
,14106,10,0.45,0.23,0.03,50,1.4,0.5,1,0.3,6,10,0.172916584
,14107,10,0.45,0.23,0.03,50,1.4,0.5,1,0.3,6,10,0.182334068
,14108,10,0.45,0.23,0.03,50,1.4,0.5,1,0.3,6,10,0.176922689
,14109,10,0.45,0.23,0.03,50,1.4,0.5,1,0.3,6,10,0.17151131
,14110,10,0.45,0.23,0.03,50,1.4,0.5,1,0.3,6,10,0.166099931
,14111,10,0.45,0.23,0.03,50,1.4,0.5,1,0.3,6,10,0.170406624
,14112,10,0.45,0.23,0.03,50,1.4,0.1,1,0.3,6,10,0.174713318
,14113,10,0.45,0.23,0.03,50,1.4,0.1,1,0.3,6,10,0.179020011
,14114,10,0.45,0.23,0.03,50,1.4,0.1,1,0.3,6,10,0.188144142
,14115,10,0.45,0.23,0.03,50,1.4,0.1,1,0.3,6,10,0.197268273
,14116,10,0.45,0.23,0.03,50,1.4,0.1,1,0.3,6,10,0.206392404
,14117,10,0.45,0.23,0.03,50,1.4,0.1,1,0.3,6,10,0.206392404
,14118,10,0.45,0.23,0.03,50,1.4,0.1,1,0.3,6,10,0.206392404
,14119,10,0.45,0.23,0.03,50,1.4,0.1,1,0.3,6,10,0.206392404
,14120,1315,0.45,0.23,0.03,50,1.4,0.1,1,0.3,6,10,0.206392404
,14201,5,0.45,0.23,0.03,50,1.4,5,1,0.3,6,10,0.208761652
,14202,10,0.45,0.23,0.03,50,1.4,5,1,0.3,6,10,0.208761652
,14203,10,0.45,0.23,0.03,50,1.4,5,1,0.3,6,10,0.208761652
,14204,10,0.45,0.23,0.03,50,1.4,0.5,1,0.3,6,10,0.208761652
,14205,10,0.45,0.23,0.03,50,1.4,0.5,1,0.3,6,10,0.19005126
,14206,10,0.45,0.23,0.03,50,1.4,0.5,1,0.3,6,10,0.171340868
,14207,10,0.45,0.23,0.03,50,1.4,0.5,1,0.3,6,10,0.152630476
,14208,10,0.45,0.23,0.03,50,1.4,0.5,1,0.3,6,10,0.135216709
,14209,10,0.45,0.23,0.03,50,1.4,0.5,1,0.3,6,10,0.117802941
,14210,10,0.45,0.23,0.03,50,1.4,0.5,1,0.3,6,10,0.100389174
,14211,10,0.45,0.23,0.03,50,1.4,0.5,1,0.3,6,10,0.106515014
,14212,10,0.45,0.23,0.03,50,1.4,0.1,1,0.3,6,10,0.112640853
,14213,10,0.45,0.23,0.03,50,1.4,0.1,1,0.3,6,10,0.118766693
,14214,10,0.45,0.23,0.03,50,1.4,0.1,1,0.3,6,10,0.118766693
,14215,10,0.45,0.23,0.03,50,1.4,0.1,1,0.3,6,10,0.118766693
,14216,10,0.45,0.23,0.03,50,1.4,0.1,1,0.3,6,10,0.118766693
,14217,10,0.45,0.23,0.03,50,1.4,0.1,1,0.3,6,10,0.118766693
,14218,10,0.45,0.23,0.03,50,1.4,0.1,1,0.3,6,10,0.118766693
,14219,10,0.45,0.23,0.03,50,1.4,0.1,1,0.3,6,10,0.118766693
,14220,1315,0.45,0.23,0.03,50,1.4,0.1,1,0.3,6,10,0.118766693
,14301,5,0.45,0.23,0.03,50,1.4,5,1,0.3,6,10,0.163801852
,14302,10,0.45,0.23,0.03,50,1.4,5,1,0.3,6,10,0.163801852
,14303,10,0.45,0.23,0.03,50,1.4,5,1,0.3,6,10,0.163801852
,14304,10,0.45,0.23,0.03,50,1.4,0.5,1,0.3,6,10,0.163801852
,14305,10,0.45,0.23,0.03,50,1.4,0.5,1,0.3,6,10,0.162808258
,14306,10,0.45,0.23,0.03,50,1.4,0.5,1,0.3,6,10,0.161814664
,14307,10,0.45,0.23,0.03,50,1.4,0.5,1,0.3,6,10,0.16082107
,14308,10,0.45,0.23,0.03,50,1.4,0.5,1,0.3,6,10,0.166826518
,14309,10,0.45,0.23,0.03,50,1.4,0.5,1,0.3,6,10,0.172831965
,14310,10,0.45,0.23,0.03,50,1.4,0.5,1,0.3,6,10,0.178837413
,14311,10,0.45,0.23,0.03,50,1.4,0.5,1,0.3,6,10,0.186159495
,14312,10,0.45,0.23,0.03,50,1.4,0.1,1,0.3,6,10,0.193481578
,14313,10,0.45,0.23,0.03,50,1.4,0.1,1,0.3,6,10,0.20080366
,14314,10,0.45,0.23,0.03,50,1.4,0.1,1,0.3,6,10,0.208125742
,14315,10,0.45,0.23,0.03,50,1.4,0.1,1,0.3,6,10,0.215447825
,14316,10,0.45,0.23,0.03,50,1.4,0.1,1,0.3,6,10,0.222769907
,14317,10,0.45,0.23,0.03,50,1.4,0.1,1,0.3,6,10,0.222769907
,14318,10,0.45,0.23,0.03,50,1.4,0.1,1,0.3,6,10,0.222769907
,14319,10,0.45,0.23,0.03,50,1.4,0.1,1,0.3,6,10,0.222769907
,14320,1315,0.45,0.23,0.03,50,1.4,0.1,1,0.3,6,10,0.222769907
,14401,5,0.45,0.23,0.03,50,1.4,5,1,0.3,6,10,0.100732297
,14402,10,0.45,0.23,0.03,50,1.4,5,1,0.3,6,10,0.100732297
,14403,10,0.45,0.23,0.03,50,1.4,5,1,0.3,6,10,0.100732297
,14404,10,0.45,0.23,0.03,50,1.4,0.5,1,0.3,6,10,0.100732297
,14405,10,0.45,0.23,0.03,50,1.4,0.5,1,0.3,6,10,0.091968243
,14406,10,0.45,0.23,0.03,50,1.4,0.5,1,0.3,6,10,0.083204189
,14407,10,0.45,0.23,0.03,50,1.4,0.5,1,0.3,6,10,0.074440135
,14408,10,0.45,0.23,0.03,50,1.4,0.5,1,0.3,6,10,0.077648496
,14409,10,0.45,0.23,0.03,50,1.4,0.5,1,0.3,6,10,0.080856857
,14410,10,0.45,0.23,0.03,50,1.4,0.5,1,0.3,6,10,0.084065218
,14411,10,0.45,0.23,0.03,50,1.4,0.5,1,0.3,6,10,0.087036165
,14412,10,0.45,0.23,0.03,50,1.4,0.1,1,0.3,6,10,0.090007111
,14413,10,0.45,0.23,0.03,50,1.4,0.1,1,0.3,6,10,0.092978058
,14414,10,0.45,0.23,0.03,50,1.4,0.1,1,0.3,6,10,0.092978058
,14415,10,0.45,0.23,0.03,50,1.4,0.1,1,0.3,6,10,0.092978058
,14416,10,0.45,0.23,0.03,50,1.4,0.1,1,0.3,6,10,0.092978058
,14417,10,0.45,0.23,0.03,50,1.4,0.1,1,0.3,6,10,0.092978058
,14418,10,0.45,0.23,0.03,50,1.4,0.1,1,0.3,6,10,0.092978058
,14419,10,0.45,0.23,0.03,50,1.4,0.1,1,0.3,6,10,0.092978058
,14420,1315,0.45,0.23,0.03,50,1.4,0.1,1,0.3,6,10,0.092978058
,14501,5,0.45,0.23,0.03,50,1.4,5,1,0.3,6,10,0.100521435
,14502,10,0.45,0.23,0.03,50,1.4,5,1,0.3,6,10,0.100521435
,14503,10,0.45,0.23,0.03,50,1.4,5,1,0.3,6,10,0.100521435
,14504,10,0.45,0.23,0.03,50,1.4,0.5,1,0.3,6,10,0.100521435
,14505,10,0.45,0.23,0.03,50,1.4,0.5,1,0.3,6,10,0.136166994
,14506,10,0.45,0.23,0.03,50,1.4,0.5,1,0.3,6,10,0.171812554
,14507,10,0.45,0.23,0.03,50,1.4,0.5,1,0.3,6,10,0.207458113
,14508,10,0.45,0.23,0.03,50,1.4,0.5,1,0.3,6,10,0.218097731
,14509,10,0.45,0.23,0.03,50,1.4,0.5,1,0.3,6,10,0.228737349
,14510,10,0.45,0.23,0.03,50,1.4,0.5,1,0.3,6,10,0.239376967
,14511,10,0.45,0.23,0.03,50,1.4,0.5,1,0.3,6,10,0.241290801
,14512,10,0.45,0.23,0.03,50,1.4,0.1,1,0.3,6,10,0.243204634
,14513,10,0.45,0.23,0.03,50,1.4,0.1,1,0.3,6,10,0.245118468
,14514,10,0.45,0.23,0.03,50,1.4,0.1,1,0.3,6,10,0.247032301
,14515,10,0.45,0.23,0.03,50,1.4,0.1,1,0.3,6,10,0.248946135
,14516,10,0.45,0.23,0.03,50,1.4,0.1,1,0.3,6,10,0.250859968
,14517,10,0.45,0.23,0.03,50,1.4,0.1,1,0.3,6,10,0.250859968
,14518,10,0.45,0.23,0.03,50,1.4,0.1,1,0.3,6,10,0.250859968
,14519,10,0.45,0.23,0.03,50,1.4,0.1,1,0.3,6,10,0.250859968
,14520,1315,0.45,0.23,0.03,50,1.4,0.1,1,0.3,6,10,0.250859968
,14601,5,0.45,0.23,0.03,50,1.4,5,1,0.3,6,10,0.166088794
,14602,10,0.45,0.23,0.03,50,1.4,5,1,0.3,6,10,0.166088794
,14603,10,0.45,0.23,0.03,50,1.4,5,1,0.3,6,10,0.166088794
,14604,10,0.45,0.23,0.03,50,1.4,0.5,1,0.3,6,10,0.166088794
,14605,10,0.45,0.23,0.03,50,1.4,0.5,1,0.3,6,10,0.160733537
,14606,10,0.45,0.23,0.03,50,1.4,0.5,1,0.3,6,10,0.149066707
,14607,10,0.45,0.23,0.03,50,1.4,0.5,1,0.3,6,10,0.135101265
,14608,10,0.45,0.23,0.03,50,1.4,0.5,1,0.3,6,10,0.124973159
,14609,10,0.45,0.23,0.03,50,1.4,0.5,1,0.3,6,10,0.117032554
,14610,10,0.45,0.23,0.03,50,1.4,0.5,1,0.3,6,10,0.104103985
,14611,10,0.45,0.23,0.03,50,1.4,0.5,1,0.3,6,10,0.106688843
,14612,10,0.45,0.23,0.03,50,1.4,0.1,1,0.3,6,10,0.109273701
,14613,10,0.45,0.23,0.03,50,1.4,0.1,1,0.3,6,10,0.111858558
,14614,10,0.45,0.23,0.03,50,1.4,0.1,1,0.3,6,10,0.11236828
,14615,10,0.45,0.23,0.03,50,1.4,0.1,1,0.3,6,10,0.112878003
,14616,10,0.45,0.23,0.03,50,1.4,0.1,1,0.3,6,10,0.113387725
,14617,10,0.45,0.23,0.03,50,1.4,0.1,1,0.3,6,10,0.114213188
,14618,10,0.45,0.23,0.03,50,1.4,0.1,1,0.3,6,10,0.115038651
,14619,10,0.45,0.23,0.03,50,1.4,0.1,1,0.3,6,10,0.115038651
,14620,1315,0.45,0.23,0.03,50,1.4,0.1,1,0.3,6,10,0.115038651
,14801,5,0.45,0.23,0.03,50,1.4,5,1,0.3,6,10,0.166088794
,14802,10,0.45,0.23,0.03,50,1.4,5,1,0.3,6,10,0.166088794
,14803,10,0.45,0.23,0.03,50,1.4,5,1,0.3,6,10,0.166088794
,14804,10,0.45,0.23,0.03,50,1.4,0.5,1,0.3,6,10,0.166088794
,14805,10,0.45,0.23,0.03,50,1.4,0.5,1,0.3,6,10,0.160733537
,14806,10,0.45,0.23,0.03,50,1.4,0.5,1,0.3,6,10,0.149066707
,14807,10,0.45,0.23,0.03,50,1.4,0.5,1,0.3,6,10,0.135101265
,14808,10,0.45,0.23,0.03,50,1.4,0.5,1,0.3,6,10,0.124973159
,14809,10,0.45,0.23,0.03,50,1.4,0.5,1,0.3,6,10,0.117032554
,14810,10,0.45,0.23,0.03,50,1.4,0.5,1,0.3,6,10,0.104103985
,14811,10,0.45,0.23,0.03,50,1.4,0.5,1,0.3,6,10,0.106688843
,14812,10,0.45,0.23,0.03,50,1.4,0.1,1,0.3,6,10,0.109273701
,14813,10,0.45,0.23,0.03,50,1.4,0.1,1,0.3,6,10,0.111858558
,14814,10,0.45,0.23,0.03,50,1.4,0.1,1,0.3,6,10,0.11236828
,14815,10,0.45,0.23,0.03,50,1.4,0.1,1,0.3,6,10,0.112878003
,14816,10,0.45,0.23,0.03,50,1.4,0.1,1,0.3,6,10,0.113387725
,14817,10,0.45,0.23,0.03,50,1.4,0.1,1,0.3,6,10,0.114213188
,14818,10,0.45,0.23,0.03,50,1.4,0.1,1,0.3,6,10,0.115038651
,14819,10,0.45,0.23,0.03,50,1.4,0.1,1,0.3,6,10,0.115038651
,14820,1315,0.45,0.23,0.03,50,1.4,0.1,1,0.3,6,10,0.115038651
,14901,5,0.45,0.23,0.03,50,1.4,5,1,0.3,6,10,0.166088794
,14902,10,0.45,0.23,0.03,50,1.4,5,1,0.3,6,10,0.166088794
,14903,10,0.45,0.23,0.03,50,1.4,5,1,0.3,6,10,0.166088794
,14904,10,0.45,0.23,0.03,50,1.4,0.5,1,0.3,6,10,0.166088794
,14905,10,0.45,0.23,0.03,50,1.4,0.5,1,0.3,6,10,0.160733537
,14906,10,0.45,0.23,0.03,50,1.4,0.5,1,0.3,6,10,0.149066707
,14907,10,0.45,0.23,0.03,50,1.4,0.5,1,0.3,6,10,0.135101265
,14908,10,0.45,0.23,0.03,50,1.4,0.5,1,0.3,6,10,0.124973159
,14909,10,0.45,0.23,0.03,50,1.4,0.5,1,0.3,6,10,0.117032554
,14910,10,0.45,0.23,0.03,50,1.4,0.5,1,0.3,6,10,0.104103985
,14911,10,0.45,0.23,0.03,50,1.4,0.5,1,0.3,6,10,0.106688843
,14912,10,0.45,0.23,0.03,50,1.4,0.1,1,0.3,6,10,0.109273701
,14913,10,0.45,0.23,0.03,50,1.4,0.1,1,0.3,6,10,0.111858558
,14914,10,0.45,0.23,0.03,50,1.4,0.1,1,0.3,6,10,0.11236828
,14915,10,0.45,0.23,0.03,50,1.4,0.1,1,0.3,6,10,0.112878003
,14916,10,0.45,0.23,0.03,50,1.4,0.1,1,0.3,6,10,0.113387725
,14917,10,0.45,0.23,0.03,50,1.4,0.1,1,0.3,6,10,0.114213188
,14918,10,0.45,0.23,0.03,50,1.4,0.1,1,0.3,6,10,0.115038651
,14919,10,0.45,0.23,0.03,50,1.4,0.1,1,0.3,6,10,0.115038651
,14920,1315,0.45,0.23,0.03,50,1.4,0.1,1,0.3,6,10,0.115038651
,15001,5,0.45,0.23,0.03,50,1.4,5,1,0.3,6,10,0.154081615
,15002,10,0.45,0.23,0.03,50,1.4,5,1,0.3,6,10,0.154081615
,15003,10,0.45,0.23,0.03,50,1.4,5,1,0.3,6,10,0.154081615
,15004,10,0.45,0.23,0.03,50,1.4,0.5,1,0.3,6,10,0.154081615
,15005,10,0.45,0.23,0.03,50,1.4,0.5,1,0.3,6,10,0.163499099
,15006,10,0.45,0.23,0.03,50,1.4,0.5,1,0.3,6,10,0.172916584
,15007,10,0.45,0.23,0.03,50,1.4,0.5,1,0.3,6,10,0.182334068
,15008,10,0.45,0.23,0.03,50,1.4,0.5,1,0.3,6,10,0.176922689
,15009,10,0.45,0.23,0.03,50,1.4,0.5,1,0.3,6,10,0.17151131
,15010,10,0.45,0.23,0.03,50,1.4,0.5,1,0.3,6,10,0.166099931
,15011,10,0.45,0.23,0.03,50,1.4,0.5,1,0.3,6,10,0.170406624
,15012,10,0.45,0.23,0.03,50,1.4,0.1,1,0.3,6,10,0.174713318
,15013,10,0.45,0.23,0.03,50,1.4,0.1,1,0.3,6,10,0.179020011
,15014,10,0.45,0.23,0.03,50,1.4,0.1,1,0.3,6,10,0.188144142
,15015,10,0.45,0.23,0.03,50,1.4,0.1,1,0.3,6,10,0.197268273
,15016,10,0.45,0.23,0.03,50,1.4,0.1,1,0.3,6,10,0.206392404
,15017,10,0.45,0.23,0.03,50,1.4,0.1,1,0.3,6,10,0.206392404
,15018,10,0.45,0.23,0.03,50,1.4,0.1,1,0.3,6,10,0.206392404
,15019,10,0.45,0.23,0.03,50,1.4,0.1,1,0.3,6,10,0.206392404
,15020,1315,0.45,0.23,0.03,50,1.4,0.1,1,0.3,6,10,0.206392404
,15101,5,0.45,0.23,0.03,50,1.4,5,1,0.3,6,10,0.154081615
,15102,10,0.45,0.23,0.03,50,1.4,5,1,0.3,6,10,0.154081615
,15103,10,0.45,0.23,0.03,50,1.4,5,1,0.3,6,10,0.154081615
,15104,10,0.45,0.23,0.03,50,1.4,0.5,1,0.3,6,10,0.154081615
,15105,10,0.45,0.23,0.03,50,1.4,0.5,1,0.3,6,10,0.163499099
,15106,10,0.45,0.23,0.03,50,1.4,0.5,1,0.3,6,10,0.172916584
,15107,10,0.45,0.23,0.03,50,1.4,0.5,1,0.3,6,10,0.182334068
,15108,10,0.45,0.23,0.03,50,1.4,0.5,1,0.3,6,10,0.176922689
,15109,10,0.45,0.23,0.03,50,1.4,0.5,1,0.3,6,10,0.17151131
,15110,10,0.45,0.23,0.03,50,1.4,0.5,1,0.3,6,10,0.166099931
,15111,10,0.45,0.23,0.03,50,1.4,0.5,1,0.3,6,10,0.170406624
,15112,10,0.45,0.23,0.03,50,1.4,0.1,1,0.3,6,10,0.174713318
,15113,10,0.45,0.23,0.03,50,1.4,0.1,1,0.3,6,10,0.179020011
,15114,10,0.45,0.23,0.03,50,1.4,0.1,1,0.3,6,10,0.188144142
,15115,10,0.45,0.23,0.03,50,1.4,0.1,1,0.3,6,10,0.197268273
,15116,10,0.45,0.23,0.03,50,1.4,0.1,1,0.3,6,10,0.206392404
,15117,10,0.45,0.23,0.03,50,1.4,0.1,1,0.3,6,10,0.206392404
,15118,10,0.45,0.23,0.03,50,1.4,0.1,1,0.3,6,10,0.206392404
,15119,10,0.45,0.23,0.03,50,1.4,0.1,1,0.3,6,10,0.206392404
,15120,1315,0.45,0.23,0.03,50,1.4,0.1,1,0.3,6,10,0.206392404
,15201,5,0.45,0.23,0.03,50,1.4,5,1,0.3,6,10,0.115883728
,15202,10,0.45,0.23,0.03,50,1.4,5,1,0.3,6,10,0.115883728
,15203,10,0.45,0.23,0.03,50,1.4,5,1,0.3,6,10,0.115883728
,15204,10,0.45,0.23,0.03,50,1.4,0.5,1,0.3,6,10,0.115883728
,15205,10,0.45,0.23,0.03,50,1.4,0.5,1,0.3,6,10,0.146967278
,15206,10,0.45,0.23,0.03,50,1.4,0.5,1,0.3,6,10,0.178050828
,15207,10,0.45,0.23,0.03,50,1.4,0.5,1,0.3,6,10,0.209134378
,15208,10,0.45,0.23,0.03,50,1.4,0.5,1,0.3,6,10,0.190744573
,15209,10,0.45,0.23,0.03,50,1.4,0.5,1,0.3,6,10,0.172354767
,15210,10,0.45,0.23,0.03,50,1.4,0.5,1,0.3,6,10,0.153964962
,15211,10,0.45,0.23,0.03,50,1.4,0.5,1,0.3,6,10,0.159675638
,15212,10,0.45,0.23,0.03,50,1.4,0.1,1,0.3,6,10,0.165386314
,15213,10,0.45,0.23,0.03,50,1.4,0.1,1,0.3,6,10,0.17109699
,15214,10,0.45,0.23,0.03,50,1.4,0.1,1,0.3,6,10,0.176807666
,15215,10,0.45,0.23,0.03,50,1.4,0.1,1,0.3,6,10,0.182518342
,15216,10,0.45,0.23,0.03,50,1.4,0.1,1,0.3,6,10,0.188229018
,15217,10,0.45,0.23,0.03,50,1.4,0.1,1,0.3,6,10,0.188229018
,15218,10,0.45,0.23,0.03,50,1.4,0.1,1,0.3,6,10,0.188229018
,15219,10,0.45,0.23,0.03,50,1.4,0.1,1,0.3,6,10,0.188229018
,15220,1315,0.45,0.23,0.03,50,1.4,0.1,1,0.3,6,10,0.188229018
,15301,5,0.45,0.23,0.03,50,1.4,5,1,0.3,6,10,0.166088794
,15302,10,0.45,0.23,0.03,50,1.4,5,1,0.3,6,10,0.166088794
,15303,10,0.45,0.23,0.03,50,1.4,5,1,0.3,6,10,0.166088794
,15304,10,0.45,0.23,0.03,50,1.4,0.5,1,0.3,6,10,0.166088794
,15305,10,0.45,0.23,0.03,50,1.4,0.5,1,0.3,6,10,0.160733537
,15306,10,0.45,0.23,0.03,50,1.4,0.5,1,0.3,6,10,0.149066707
,15307,10,0.45,0.23,0.03,50,1.4,0.5,1,0.3,6,10,0.135101265
,15308,10,0.45,0.23,0.03,50,1.4,0.5,1,0.3,6,10,0.124973159
,15309,10,0.45,0.23,0.03,50,1.4,0.5,1,0.3,6,10,0.117032554
,15310,10,0.45,0.23,0.03,50,1.4,0.5,1,0.3,6,10,0.104103985
,15311,10,0.45,0.23,0.03,50,1.4,0.5,1,0.3,6,10,0.106688843
,15312,10,0.45,0.23,0.03,50,1.4,0.1,1,0.3,6,10,0.109273701
,15313,10,0.45,0.23,0.03,50,1.4,0.1,1,0.3,6,10,0.111858558
,15314,10,0.45,0.23,0.03,50,1.4,0.1,1,0.3,6,10,0.11236828
,15315,10,0.45,0.23,0.03,50,1.4,0.1,1,0.3,6,10,0.112878003
,15316,10,0.45,0.23,0.03,50,1.4,0.1,1,0.3,6,10,0.113387725
,15317,10,0.45,0.23,0.03,50,1.4,0.1,1,0.3,6,10,0.114213188
,15318,10,0.45,0.23,0.03,50,1.4,0.1,1,0.3,6,10,0.115038651
,15319,10,0.45,0.23,0.03,50,1.4,0.1,1,0.3,6,10,0.115038651
,15320,1315,0.45,0.23,0.03,50,1.4,0.1,1,0.3,6,10,0.115038651
,15401,5,0.45,0.23,0.03,50,1.4,5,1,0.3,6,10,0.224005822
,15402,10,0.45,0.23,0.03,50,1.4,5,1,0.3,6,10,0.224005822
,15403,10,0.45,0.23,0.03,50,1.4,5,1,0.3,6,10,0.224005822
,15404,10,0.45,0.23,0.03,50,1.4,0.5,1,0.3,6,10,0.224005822
,15405,10,0.45,0.23,0.03,50,1.4,0.5,1,0.3,6,10,0.189759554
,15406,10,0.45,0.23,0.03,50,1.4,0.5,1,0.3,6,10,0.155513287
,15407,10,0.45,0.23,0.03,50,1.4,0.5,1,0.3,6,10,0.121267019
,15408,10,0.45,0.23,0.03,50,1.4,0.5,1,0.3,6,10,0.10493594
,15409,10,0.45,0.23,0.03,50,1.4,0.5,1,0.3,6,10,0.088604862
,15410,10,0.45,0.23,0.03,50,1.4,0.5,1,0.3,6,10,0.072273783
,15411,10,0.45,0.23,0.03,50,1.4,0.5,1,0.3,6,10,0.082076851
,15412,10,0.45,0.23,0.03,50,1.4,0.1,1,0.3,6,10,0.091879918
,15413,10,0.45,0.23,0.03,50,1.4,0.1,1,0.3,6,10,0.101682986
,15414,10,0.45,0.23,0.03,50,1.4,0.1,1,0.3,6,10,0.101682986
,15415,10,0.45,0.23,0.03,50,1.4,0.1,1,0.3,6,10,0.101682986
,15416,10,0.45,0.23,0.03,50,1.4,0.1,1,0.3,6,10,0.101682986
,15417,10,0.45,0.23,0.03,50,1.4,0.1,1,0.3,6,10,0.101682986
,15418,10,0.45,0.23,0.03,50,1.4,0.1,1,0.3,6,10,0.101682986
,15419,10,0.45,0.23,0.03,50,1.4,0.1,1,0.3,6,10,0.101682986
,15420,1315,0.45,0.23,0.03,50,1.4,0.1,1,0.3,6,10,0.101682986
,15501,5,0.45,0.23,0.03,50,1.4,5,1,0.3,6,10,0.166088794
,15502,10,0.45,0.23,0.03,50,1.4,5,1,0.3,6,10,0.166088794
,15503,10,0.45,0.23,0.03,50,1.4,5,1,0.3,6,10,0.166088794
,15504,10,0.45,0.23,0.03,50,1.4,0.5,1,0.3,6,10,0.166088794
,15505,10,0.45,0.23,0.03,50,1.4,0.5,1,0.3,6,10,0.160733537
,15506,10,0.45,0.23,0.03,50,1.4,0.5,1,0.3,6,10,0.149066707
,15507,10,0.45,0.23,0.03,50,1.4,0.5,1,0.3,6,10,0.135101265
,15508,10,0.45,0.23,0.03,50,1.4,0.5,1,0.3,6,10,0.124973159
,15509,10,0.45,0.23,0.03,50,1.4,0.5,1,0.3,6,10,0.117032554
,15510,10,0.45,0.23,0.03,50,1.4,0.5,1,0.3,6,10,0.104103985
,15511,10,0.45,0.23,0.03,50,1.4,0.5,1,0.3,6,10,0.106688843
,15512,10,0.45,0.23,0.03,50,1.4,0.1,1,0.3,6,10,0.109273701
,15513,10,0.45,0.23,0.03,50,1.4,0.1,1,0.3,6,10,0.111858558
,15514,10,0.45,0.23,0.03,50,1.4,0.1,1,0.3,6,10,0.11236828
,15515,10,0.45,0.23,0.03,50,1.4,0.1,1,0.3,6,10,0.112878003
,15516,10,0.45,0.23,0.03,50,1.4,0.1,1,0.3,6,10,0.113387725
,15517,10,0.45,0.23,0.03,50,1.4,0.1,1,0.3,6,10,0.114213188
,15518,10,0.45,0.23,0.03,50,1.4,0.1,1,0.3,6,10,0.115038651
,15519,10,0.45,0.23,0.03,50,1.4,0.1,1,0.3,6,10,0.115038651
,15520,1315,0.45,0.23,0.03,50,1.4,0.1,1,0.3,6,10,0.115038651
,15601,5,0.45,0.23,0.03,50,1.4,5,1,0.3,6,10,0.154081615
,15602,10,0.45,0.23,0.03,50,1.4,5,1,0.3,6,10,0.154081615
,15603,10,0.45,0.23,0.03,50,1.4,5,1,0.3,6,10,0.154081615
,15604,10,0.45,0.23,0.03,50,1.4,0.5,1,0.3,6,10,0.154081615
,15605,10,0.45,0.23,0.03,50,1.4,0.5,1,0.3,6,10,0.163499099
,15606,10,0.45,0.23,0.03,50,1.4,0.5,1,0.3,6,10,0.172916584
,15607,10,0.45,0.23,0.03,50,1.4,0.5,1,0.3,6,10,0.182334068
,15608,10,0.45,0.23,0.03,50,1.4,0.5,1,0.3,6,10,0.176922689
,15609,10,0.45,0.23,0.03,50,1.4,0.5,1,0.3,6,10,0.17151131
,15610,10,0.45,0.23,0.03,50,1.4,0.5,1,0.3,6,10,0.166099931
,15611,10,0.45,0.23,0.03,50,1.4,0.5,1,0.3,6,10,0.170406624
,15612,10,0.45,0.23,0.03,50,1.4,0.1,1,0.3,6,10,0.174713318
,15613,10,0.45,0.23,0.03,50,1.4,0.1,1,0.3,6,10,0.179020011
,15614,10,0.45,0.23,0.03,50,1.4,0.1,1,0.3,6,10,0.188144142
,15615,10,0.45,0.23,0.03,50,1.4,0.1,1,0.3,6,10,0.197268273
,15616,10,0.45,0.23,0.03,50,1.4,0.1,1,0.3,6,10,0.206392404
,15617,10,0.45,0.23,0.03,50,1.4,0.1,1,0.3,6,10,0.206392404
,15618,10,0.45,0.23,0.03,50,1.4,0.1,1,0.3,6,10,0.206392404
,15619,10,0.45,0.23,0.03,50,1.4,0.1,1,0.3,6,10,0.206392404
,15620,1315,0.45,0.23,0.03,50,1.4,0.1,1,0.3,6,10,0.206392404
,15701,5,0.45,0.23,0.03,50,1.4,5,1,0.3,6,10,0.166088794
,15702,10,0.45,0.23,0.03,50,1.4,5,1,0.3,6,10,0.166088794
,15703,10,0.45,0.23,0.03,50,1.4,5,1,0.3,6,10,0.166088794
,15704,10,0.45,0.23,0.03,50,1.4,0.5,1,0.3,6,10,0.166088794
,15705,10,0.45,0.23,0.03,50,1.4,0.5,1,0.3,6,10,0.160733537
,15706,10,0.45,0.23,0.03,50,1.4,0.5,1,0.3,6,10,0.149066707
,15707,10,0.45,0.23,0.03,50,1.4,0.5,1,0.3,6,10,0.135101265
,15708,10,0.45,0.23,0.03,50,1.4,0.5,1,0.3,6,10,0.124973159
,15709,10,0.45,0.23,0.03,50,1.4,0.5,1,0.3,6,10,0.117032554
,15710,10,0.45,0.23,0.03,50,1.4,0.5,1,0.3,6,10,0.104103985
,15711,10,0.45,0.23,0.03,50,1.4,0.5,1,0.3,6,10,0.106688843
,15712,10,0.45,0.23,0.03,50,1.4,0.1,1,0.3,6,10,0.109273701
,15713,10,0.45,0.23,0.03,50,1.4,0.1,1,0.3,6,10,0.111858558
,15714,10,0.45,0.23,0.03,50,1.4,0.1,1,0.3,6,10,0.11236828
,15715,10,0.45,0.23,0.03,50,1.4,0.1,1,0.3,6,10,0.112878003
,15716,10,0.45,0.23,0.03,50,1.4,0.1,1,0.3,6,10,0.113387725
,15717,10,0.45,0.23,0.03,50,1.4,0.1,1,0.3,6,10,0.114213188
,15718,10,0.45,0.23,0.03,50,1.4,0.1,1,0.3,6,10,0.115038651
,15719,10,0.45,0.23,0.03,50,1.4,0.1,1,0.3,6,10,0.115038651
,15720,1315,0.45,0.23,0.03,50,1.4,0.1,1,0.3,6,10,0.115038651
,15801,5,0.45,0.23,0.03,50,1.4,5,1,0.3,6,10,0.154081615
,15802,10,0.45,0.23,0.03,50,1.4,5,1,0.3,6,10,0.154081615
,15803,10,0.45,0.23,0.03,50,1.4,5,1,0.3,6,10,0.154081615
,15804,10,0.45,0.23,0.03,50,1.4,0.5,1,0.3,6,10,0.154081615
,15805,10,0.45,0.23,0.03,50,1.4,0.5,1,0.3,6,10,0.163499099
,15806,10,0.45,0.23,0.03,50,1.4,0.5,1,0.3,6,10,0.172916584
,15807,10,0.45,0.23,0.03,50,1.4,0.5,1,0.3,6,10,0.182334068
,15808,10,0.45,0.23,0.03,50,1.4,0.5,1,0.3,6,10,0.176922689
,15809,10,0.45,0.23,0.03,50,1.4,0.5,1,0.3,6,10,0.17151131
,15810,10,0.45,0.23,0.03,50,1.4,0.5,1,0.3,6,10,0.166099931
,15811,10,0.45,0.23,0.03,50,1.4,0.5,1,0.3,6,10,0.170406624
,15812,10,0.45,0.23,0.03,50,1.4,0.1,1,0.3,6,10,0.174713318
,15813,10,0.45,0.23,0.03,50,1.4,0.1,1,0.3,6,10,0.179020011
,15814,10,0.45,0.23,0.03,50,1.4,0.1,1,0.3,6,10,0.188144142
,15815,10,0.45,0.23,0.03,50,1.4,0.1,1,0.3,6,10,0.197268273
,15816,10,0.45,0.23,0.03,50,1.4,0.1,1,0.3,6,10,0.206392404
,15817,10,0.45,0.23,0.03,50,1.4,0.1,1,0.3,6,10,0.206392404
,15818,10,0.45,0.23,0.03,50,1.4,0.1,1,0.3,6,10,0.206392404
,15819,10,0.45,0.23,0.03,50,1.4,0.1,1,0.3,6,10,0.206392404
,15820,1315,0.45,0.23,0.03,50,1.4,0.1,1,0.3,6,10,0.206392404
,15901,5,0.45,0.23,0.03,50,1.4,5,1,0.3,6,10,0.133699065
,15902,10,0.45,0.23,0.03,50,1.4,5,1,0.3,6,10,0.133699065
,15903,10,0.45,0.23,0.03,50,1.4,5,1,0.3,6,10,0.133699065
,15904,10,0.45,0.23,0.03,50,1.4,0.5,1,0.3,6,10,0.133699065
,15905,10,0.45,0.23,0.03,50,1.4,0.5,1,0.3,6,10,0.160657428
,15906,10,0.45,0.23,0.03,50,1.4,0.5,1,0.3,6,10,0.18761579
,15907,10,0.45,0.23,0.03,50,1.4,0.5,1,0.3,6,10,0.214574153
,15908,10,0.45,0.23,0.03,50,1.4,0.5,1,0.3,6,10,0.207634235
,15909,10,0.45,0.23,0.03,50,1.4,0.5,1,0.3,6,10,0.200694316
,15910,10,0.45,0.23,0.03,50,1.4,0.5,1,0.3,6,10,0.193754398
,15911,10,0.45,0.23,0.03,50,1.4,0.5,1,0.3,6,10,0.183773686
,15912,10,0.45,0.23,0.03,50,1.4,0.1,1,0.3,6,10,0.173792973
,15913,10,0.45,0.23,0.03,50,1.4,0.1,1,0.3,6,10,0.163812261
,15914,10,0.45,0.23,0.03,50,1.4,0.1,1,0.3,6,10,0.153831549
,15915,10,0.45,0.23,0.03,50,1.4,0.1,1,0.3,6,10,0.143850836
,15916,10,0.45,0.23,0.03,50,1.4,0.1,1,0.3,6,10,0.133870124
,15917,10,0.45,0.23,0.03,50,1.4,0.1,1,0.3,6,10,0.133870124
,15918,10,0.45,0.23,0.03,50,1.4,0.1,1,0.3,6,10,0.133870124
,15919,10,0.45,0.23,0.03,50,1.4,0.1,1,0.3,6,10,0.133870124
,15920,1315,0.45,0.23,0.03,50,1.4,0.1,1,0.3,6,10,0.133870124
,16001,5,0.45,0.23,0.03,50,1.4,5,1,0.3,6,10,0.119224327
,16002,10,0.45,0.23,0.03,50,1.4,5,1,0.3,6,10,0.119224327
,16003,10,0.45,0.23,0.03,50,1.4,5,1,0.3,6,10,0.119224327
,16004,10,0.45,0.23,0.03,50,1.4,0.5,1,0.3,6,10,0.119224327
,16005,10,0.45,0.23,0.03,50,1.4,0.5,1,0.3,6,10,0.11341823
,16006,10,0.45,0.23,0.03,50,1.4,0.5,1,0.3,6,10,0.107612133
,16007,10,0.45,0.23,0.03,50,1.4,0.5,1,0.3,6,10,0.101806036
,16008,10,0.45,0.23,0.03,50,1.4,0.5,1,0.3,6,10,0.096877225
,16009,10,0.45,0.23,0.03,50,1.4,0.5,1,0.3,6,10,0.091948413
,16010,10,0.45,0.23,0.03,50,1.4,0.5,1,0.3,6,10,0.087019602
,16011,10,0.45,0.23,0.03,50,1.4,0.5,1,0.3,6,10,0.092798375
,16012,10,0.45,0.23,0.03,50,1.4,0.1,1,0.3,6,10,0.098577149
,16013,10,0.45,0.23,0.03,50,1.4,0.1,1,0.3,6,10,0.104355922
,16014,10,0.45,0.23,0.03,50,1.4,0.1,1,0.3,6,10,0.104355922
,16015,10,0.45,0.23,0.03,50,1.4,0.1,1,0.3,6,10,0.104355922
,16016,10,0.45,0.23,0.03,50,1.4,0.1,1,0.3,6,10,0.104355922
,16017,10,0.45,0.23,0.03,50,1.4,0.1,1,0.3,6,10,0.104355922
,16018,10,0.45,0.23,0.03,50,1.4,0.1,1,0.3,6,10,0.104355922
,16019,10,0.45,0.23,0.03,50,1.4,0.1,1,0.3,6,10,0.104355922
,16020,1315,0.45,0.23,0.03,50,1.4,0.1,1,0.3,6,10,0.104355922
,16101,5,0.45,0.23,0.03,50,1.4,5,1,0.3,6,10,0.166088794
,16102,10,0.45,0.23,0.03,50,1.4,5,1,0.3,6,10,0.166088794
,16103,10,0.45,0.23,0.03,50,1.4,5,1,0.3,6,10,0.166088794
,16104,10,0.45,0.23,0.03,50,1.4,0.5,1,0.3,6,10,0.166088794
,16105,10,0.45,0.23,0.03,50,1.4,0.5,1,0.3,6,10,0.160733537
,16106,10,0.45,0.23,0.03,50,1.4,0.5,1,0.3,6,10,0.149066707
,16107,10,0.45,0.23,0.03,50,1.4,0.5,1,0.3,6,10,0.135101265
,16108,10,0.45,0.23,0.03,50,1.4,0.5,1,0.3,6,10,0.124973159
,16109,10,0.45,0.23,0.03,50,1.4,0.5,1,0.3,6,10,0.117032554
,16110,10,0.45,0.23,0.03,50,1.4,0.5,1,0.3,6,10,0.104103985
,16111,10,0.45,0.23,0.03,50,1.4,0.5,1,0.3,6,10,0.106688843
,16112,10,0.45,0.23,0.03,50,1.4,0.1,1,0.3,6,10,0.109273701
,16113,10,0.45,0.23,0.03,50,1.4,0.1,1,0.3,6,10,0.111858558
,16114,10,0.45,0.23,0.03,50,1.4,0.1,1,0.3,6,10,0.11236828
,16115,10,0.45,0.23,0.03,50,1.4,0.1,1,0.3,6,10,0.112878003
,16116,10,0.45,0.23,0.03,50,1.4,0.1,1,0.3,6,10,0.113387725
,16117,10,0.45,0.23,0.03,50,1.4,0.1,1,0.3,6,10,0.114213188
,16118,10,0.45,0.23,0.03,50,1.4,0.1,1,0.3,6,10,0.115038651
,16119,10,0.45,0.23,0.03,50,1.4,0.1,1,0.3,6,10,0.115038651
,16120,1315,0.45,0.23,0.03,50,1.4,0.1,1,0.3,6,10,0.115038651
,16201,5,0.45,0.23,0.03,50,1.4,5,1,0.3,6,10,0.140106799
,16202,10,0.45,0.23,0.03,50,1.4,5,1,0.3,6,10,0.140106799
,16203,10,0.45,0.23,0.03,50,1.4,5,1,0.3,6,10,0.140106799
,16204,10,0.45,0.23,0.03,50,1.4,0.5,1,0.3,6,10,0.140106799
,16205,10,0.45,0.23,0.03,50,1.4,0.5,1,0.3,6,10,0.158521033
,16206,10,0.45,0.23,0.03,50,1.4,0.5,1,0.3,6,10,0.176935267
,16207,10,0.45,0.23,0.03,50,1.4,0.5,1,0.3,6,10,0.195349501
,16208,10,0.45,0.23,0.03,50,1.4,0.5,1,0.3,6,10,0.188883639
,16209,10,0.45,0.23,0.03,50,1.4,0.5,1,0.3,6,10,0.182417776
,16210,10,0.45,0.23,0.03,50,1.4,0.5,1,0.3,6,10,0.175951914
,16211,10,0.45,0.23,0.03,50,1.4,0.5,1,0.3,6,10,0.190242617
,16212,10,0.45,0.23,0.03,50,1.4,0.1,1,0.3,6,10,0.20453332
,16213,10,0.45,0.23,0.03,50,1.4,0.1,1,0.3,6,10,0.218824023
,16214,10,0.45,0.23,0.03,50,1.4,0.1,1,0.3,6,10,0.233114725
,16215,10,0.45,0.23,0.03,50,1.4,0.1,1,0.3,6,10,0.247405428
,16216,10,0.45,0.23,0.03,50,1.4,0.1,1,0.3,6,10,0.261696131
,16217,10,0.45,0.23,0.03,50,1.4,0.1,1,0.3,6,10,0.261696131
,16218,10,0.45,0.23,0.03,50,1.4,0.1,1,0.3,6,10,0.261696131
,16219,10,0.45,0.23,0.03,50,1.4,0.1,1,0.3,6,10,0.261696131
,16220,1315,0.45,0.23,0.03,50,1.4,0.1,1,0.3,6,10,0.261696131
,16301,5,0.45,0.23,0.03,50,1.4,5,1,0.3,6,10,0.122123854
,16302,10,0.45,0.23,0.03,50,1.4,5,1,0.3,6,10,0.122123854
,16303,10,0.45,0.23,0.03,50,1.4,5,1,0.3,6,10,0.122123854
,16304,10,0.45,0.23,0.03,50,1.4,0.5,1,0.3,6,10,0.122123854
,16305,10,0.45,0.23,0.03,50,1.4,0.5,1,0.3,6,10,0.125818044
,16306,10,0.45,0.23,0.03,50,1.4,0.5,1,0.3,6,10,0.129512235
,16307,10,0.45,0.23,0.03,50,1.4,0.5,1,0.3,6,10,0.133206425
,16308,10,0.45,0.23,0.03,50,1.4,0.5,1,0.3,6,10,0.120276298
,16309,10,0.45,0.23,0.03,50,1.4,0.5,1,0.3,6,10,0.10734617
,16310,10,0.45,0.23,0.03,50,1.4,0.5,1,0.3,6,10,0.094416043
,16311,10,0.45,0.23,0.03,50,1.4,0.5,1,0.3,6,10,0.097854146
,16312,10,0.45,0.23,0.03,50,1.4,0.1,1,0.3,6,10,0.101292249
,16313,10,0.45,0.23,0.03,50,1.4,0.1,1,0.3,6,10,0.104730352
,16314,10,0.45,0.23,0.03,50,1.4,0.1,1,0.3,6,10,0.104730352
,16315,10,0.45,0.23,0.03,50,1.4,0.1,1,0.3,6,10,0.104730352
,16316,10,0.45,0.23,0.03,50,1.4,0.1,1,0.3,6,10,0.104730352
,16317,10,0.45,0.23,0.03,50,1.4,0.1,1,0.3,6,10,0.104730352
,16318,10,0.45,0.23,0.03,50,1.4,0.1,1,0.3,6,10,0.104730352
,16319,10,0.45,0.23,0.03,50,1.4,0.1,1,0.3,6,10,0.104730352
,16320,1315,0.45,0.23,0.03,50,1.4,0.1,1,0.3,6,10,0.104730352
,16401,5,0.45,0.23,0.03,50,1.4,5,1,0.3,6,10,0.15799093
,16402,10,0.45,0.23,0.03,50,1.4,5,1,0.3,6,10,0.15799093
,16403,10,0.45,0.23,0.03,50,1.4,5,1,0.3,6,10,0.15799093
,16404,10,0.45,0.23,0.03,50,1.4,0.5,1,0.3,6,10,0.15799093
,16405,10,0.45,0.23,0.03,50,1.4,0.5,1,0.3,6,10,0.155502101
,16406,10,0.45,0.23,0.03,50,1.4,0.5,1,0.3,6,10,0.153013271
,16407,10,0.45,0.23,0.03,50,1.4,0.5,1,0.3,6,10,0.150524442
,16408,10,0.45,0.23,0.03,50,1.4,0.5,1,0.3,6,10,0.139316895
,16409,10,0.45,0.23,0.03,50,1.4,0.5,1,0.3,6,10,0.128109347
,16410,10,0.45,0.23,0.03,50,1.4,0.5,1,0.3,6,10,0.1169018
,16411,10,0.45,0.23,0.03,50,1.4,0.5,1,0.3,6,10,0.119589069
,16412,10,0.45,0.23,0.03,50,1.4,0.1,1,0.3,6,10,0.122276339
,16413,10,0.45,0.23,0.03,50,1.4,0.1,1,0.3,6,10,0.124963608
,16414,10,0.45,0.23,0.03,50,1.4,0.1,1,0.3,6,10,0.127650877
,16415,10,0.45,0.23,0.03,50,1.4,0.1,1,0.3,6,10,0.130338147
,16416,10,0.45,0.23,0.03,50,1.4,0.1,1,0.3,6,10,0.133025416
,16417,10,0.45,0.23,0.03,50,1.4,0.1,1,0.3,6,10,0.133025416
,16418,10,0.45,0.23,0.03,50,1.4,0.1,1,0.3,6,10,0.133025416
,16419,10,0.45,0.23,0.03,50,1.4,0.1,1,0.3,6,10,0.133025416
,16420,1315,0.45,0.23,0.03,50,1.4,0.1,1,0.3,6,10,0.133025416
,16501,5,0.45,0.23,0.03,50,1.4,5,1,0.3,6,10,0.085401377
,16502,10,0.45,0.23,0.03,50,1.4,5,1,0.3,6,10,0.085401377
,16503,10,0.45,0.23,0.03,50,1.4,5,1,0.3,6,10,0.085401377
,16504,10,0.45,0.23,0.03,50,1.4,0.5,1,0.3,6,10,0.085401377
,16505,10,0.45,0.23,0.03,50,1.4,0.5,1,0.3,6,10,0.088441168
,16506,10,0.45,0.23,0.03,50,1.4,0.5,1,0.3,6,10,0.09148096
,16507,10,0.45,0.23,0.03,50,1.4,0.5,1,0.3,6,10,0.094520751
,16508,10,0.45,0.23,0.03,50,1.4,0.5,1,0.3,6,10,0.092105959
,16509,10,0.45,0.23,0.03,50,1.4,0.5,1,0.3,6,10,0.089691167
,16510,10,0.45,0.23,0.03,50,1.4,0.5,1,0.3,6,10,0.087276375
,16511,10,0.45,0.23,0.03,50,1.4,0.5,1,0.3,6,10,0.102391761
,16512,10,0.45,0.23,0.03,50,1.4,0.1,1,0.3,6,10,0.117507147
,16513,10,0.45,0.23,0.03,50,1.4,0.1,1,0.3,6,10,0.132622533
,16514,10,0.45,0.23,0.03,50,1.4,0.1,1,0.3,6,10,0.132622533
,16515,10,0.45,0.23,0.03,50,1.4,0.1,1,0.3,6,10,0.132622533
,16516,10,0.45,0.23,0.03,50,1.4,0.1,1,0.3,6,10,0.132622533
,16517,10,0.45,0.23,0.03,50,1.4,0.1,1,0.3,6,10,0.132622533
,16518,10,0.45,0.23,0.03,50,1.4,0.1,1,0.3,6,10,0.132622533
,16519,10,0.45,0.23,0.03,50,1.4,0.1,1,0.3,6,10,0.132622533
,16520,1315,0.45,0.23,0.03,50,1.4,0.1,1,0.3,6,10,0.132622533
